{"name":"Shop","vid":"20210607181","cid":"520343","thumbnail":"No Image","image":"No Image","position":"1","description":"Shop","metadescription":"This is a Demo Item.   This product demonstrates item options. As options on the right side of the Micro Vault Midi, as an entry-level portable storage solution, is ideally suited to plug into a laptop","metakeywords":"Lenovo IdeaPad S110 Golf Shirts Sony Micro Vault Midi 4GB","URL":"shop","properties":[{"propname":"ITEMCOUNT","propvalue":"111"}],"childs":[{"name":"Men&#39;s","vid":"20210607181","cid":"520368","thumbnail":"","image":"","position":"1","description":"Men","metadescription":"","metakeywords":"","URL":"shop/mens","properties":[{"propname":"Display","propvalue":"yes"}],"childs":[]},{"name":"Women&#39;s","vid":"20210607181","cid":"520377","thumbnail":"","image":"","position":"2","description":"Women","metadescription":"","metakeywords":"","URL":"shop/womens","properties":[{"propname":"Display","propvalue":"yes"}],"childs":[]},{"name":"Kids","vid":"20210607181","cid":"520379","thumbnail":"","image":"","position":"3","description":"Kids","metadescription":"","metakeywords":"","URL":"shop/kids","properties":[{"propname":"Display","propvalue":"yes"}],"childs":[]},{"name":"Sellers","vid":"20210607181","cid":"520364","thumbnail":"","image":"","position":"4","description":"Shopping","metadescription":"","metakeywords":"","URL":"shop/stores","properties":[{"propname":"Display","propvalue":"yes"}],"childs":[]},{"name":"Dining","vid":"20210607181","cid":"521360","thumbnail":"","image":"","position":"5","description":"Dining","metadescription":"","metakeywords":"","URL":"shop/dining","properties":[{"propname":"Display","propvalue":"yes"}],"childs":[]},{"name":"Entertainment","vid":"20210607181","cid":"521361","thumbnail":"","image":"","position":"6","description":"Entertainment","metadescription":"","metakeywords":"","URL":"shop/entertainment","properties":[{"propname":"Display","propvalue":"yes"}],"childs":[]},{"name":"Deals","vid":"20210607181","cid":"521362","thumbnail":"","image":"","position":"7","description":"Deals","metadescription":"","metakeywords":"","URL":"shop/deals","properties":[{"propname":"Display","propvalue":"yes"}],"childs":[]},{"name":"Events","vid":"20210607181","cid":"521363","thumbnail":"","image":"","position":"8","description":"Events","metadescription":"","metakeywords":"","URL":"shop/events","properties":[{"propname":"Display","propvalue":"yes"}],"childs":[]},{"name":"Mall Map","vid":"20210607181","cid":"521364","thumbnail":"","image":"","position":"9","description":"Mall Map","metadescription":"","metakeywords":"","URL":"shop/mall-map","properties":[{"propname":"Display","propvalue":"yes"}],"childs":[]}]}