{"page":1,"cid":"520379","url":"shopping/kids","name":"Kids","meta":{"metadescription":"","metakeywords":""},"image":"/20180522154/assets/category/images/kids.jpg","thumbnail":"/20180522154/assets/category/thumbnails/kidsthumbnail.jpg","description":"Kids","numberOfPages":"1","items":[{"itemLargeImage":"store/20180522154/assets/items/largeimages/AINC655282.jpg","id":307044,"code":"AINC655282","title":"Baby Pink Sequin Top With Pant","itemSellerLocation":"","itemSellerName":"","trimmed":false,"url":"product/kids/baby-pink-sequin-top-with-pant-ainc655282","image":"https://s3.ca-central-1.amazonaws.com/demob2b2cs3.avetti.ca/store/20180522154/assets/items/images/AINC655282.jpg","count":"1","assured":0,"itemization":0,"desc":"","store_featured":"","cat_featured":"","new_item":"","on_sale":"","select_button":true,"currency_sign":"$","itemStarRating":"","labels":{"list_price":"List Price","no_price":"Free","you_save":"You Save","save_plus":"Plus","points":"Points Awarded","callprice":"Call for pricing","quickinfo":"Quick Info"},"price":{"type":"normal","list_price":"750 ","save":{"percent":"7","value":"50 "},"value":{"integer":"700","decimal":"00"}},"properties":{"Sys_Merchandising_Priority":"1000","Sys_Num_Images":"6","UPC":"370306999122306","Created_By_Supplier":"20210607177","Supplier_Item_Code":"K1","Sys_Package_Price_Enabled":"False","Material":"Sequin","Color":"Pink","createtime":"2020-12-23 06:30:08","Gender":"Girl","Upper_Mold":"Regular Fit","OFFERTYPE":"rfqcart","Sys_Order":"1000"}},{"itemLargeImage":"store/20180522154/assets/items/largeimages/AIN2FPRN72.jpg","id":307045,"code":"AIN2FPRN72","title":"Peach Doll Dress","itemSellerLocation":"","itemSellerName":"","trimmed":false,"url":"product/kids/peach-doll-dress-ain2fprn72","image":"https://s3.ca-central-1.amazonaws.com/demob2b2cs3.avetti.ca/store/20180522154/assets/items/images/AIN2FPRN72.jpg","count":"2","assured":0,"itemization":0,"desc":"","store_featured":"","cat_featured":"","new_item":"","on_sale":"","select_button":true,"currency_sign":"$","itemStarRating":"","labels":{"list_price":"List Price","no_price":"Free","you_save":"You Save","save_plus":"Plus","points":"Points Awarded","callprice":"Call for pricing","quickinfo":"Quick Info"},"price":{"type":"normal","list_price":"600 ","save":{"percent":"8","value":"50 "},"value":{"integer":"550","decimal":"00"}},"properties":{"Sys_Merchandising_Priority":"999","Sys_Num_Images":"6","UPC":"370307000122306","Created_By_Supplier":"20210607177","Supplier_Item_Code":"K2","Material":"Polyester","Color":"Orange","createtime":"2020-12-23 06:30:08","Gender":"Girl","Upper_Mold":"Regular Fit","OFFERTYPE":"rfqcart","Sys_Order":"999"}},{"itemLargeImage":"store/20180522154/assets/items/largeimages/AINKMORN72.jpg","id":307046,"code":"AINKMORN72","title":"Cape Style Green Dress","itemSellerLocation":"","itemSellerName":"","trimmed":false,"url":"product/kids/cape-style-green-dress-ainkmorn72","image":"https://s3.ca-central-1.amazonaws.com/demob2b2cs3.avetti.ca/store/20180522154/assets/items/images/AINKMORN72.jpg","count":"3","assured":0,"itemization":0,"desc":"","store_featured":"","cat_featured":"","new_item":"<p class=' new '>vm.badges.new</p>","on_sale":"","select_button":true,"currency_sign":"$","itemStarRating":"","labels":{"list_price":"List Price","no_price":"Free","you_save":"You Save","save_plus":"Plus","points":"Points Awarded","callprice":"Call for pricing","quickinfo":"Quick Info"},"price":{"type":"normal","list_price":"800 ","save":{"percent":"6","value":"50 "},"value":{"integer":"750","decimal":"00"}},"properties":{"Sys_Merchandising_Priority":"998","Sys_Num_Images":"6","UPC":"370307001122306","Created_By_Supplier":"20210607177","Supplier_Item_Code":"K3","Material":"Georgette","Color":"Green","createtime":"2020-12-23 06:30:08","Gender":"Girl","Upper_Mold":"Loose","OFFERTYPE":"rfqcart","Sys_Order":"998"}},{"itemLargeImage":"store/20180522154/assets/items/largeimages/AIN3UNRN72.jpg","id":307047,"code":"AIN3UNRN72","title":"Candy Floss Pink Dress","itemSellerLocation":"","itemSellerName":"","trimmed":false,"url":"product/kids/candy-floss-pink-dress-ain3unrn72","image":"https://s3.ca-central-1.amazonaws.com/demob2b2cs3.avetti.ca/store/20180522154/assets/items/images/AIN3UNRN72.jpg","count":"4","assured":0,"itemization":0,"desc":"","store_featured":"","cat_featured":"","new_item":"","on_sale":"","select_button":true,"currency_sign":"$","itemStarRating":"","labels":{"list_price":"List Price","no_price":"Free","you_save":"You Save","save_plus":"Plus","points":"Points Awarded","callprice":"Call for pricing","quickinfo":"Quick Info"},"price":{"type":"normal","list_price":"750 ","save":{"percent":"7","value":"50 "},"value":{"integer":"700","decimal":"00"}},"properties":{"Sys_Merchandising_Priority":"997","Sys_Num_Images":"6","UPC":"370307002122306","Created_By_Supplier":"20210607177","Supplier_Item_Code":"K4","Material":"Polyester","Color":"Pink","createtime":"2020-12-23 06:30:08","Gender":"Girl","Upper_Mold":"Regular Fit","OFFERTYPE":"rfqcart","Sys_Order":"997","Trending_Now":"Trending"}},{"itemLargeImage":"store/20180522154/assets/items/largeimages/AINL2NRN72.jpg","id":307048,"code":"AINL2NRN72","title":"Multi-Color Embellished Dress","itemSellerLocation":"","itemSellerName":"","trimmed":false,"url":"product/kids/multi-color-embellished-dress-ainl2nrn72","image":"https://s3.ca-central-1.amazonaws.com/demob2b2cs3.avetti.ca/store/20180522154/assets/items/images/AINL2NRN72.jpg","count":"5","assured":0,"itemization":0,"desc":"","store_featured":"","cat_featured":"","new_item":"","on_sale":"","select_button":true,"currency_sign":"$","itemStarRating":"","labels":{"list_price":"List Price","no_price":"Free","you_save":"You Save","save_plus":"Plus","points":"Points Awarded","callprice":"Call for pricing","quickinfo":"Quick Info"},"price":{"type":"normal","list_price":"600 ","save":{"percent":"8","value":"50 "},"value":{"integer":"550","decimal":"00"}},"properties":{"Sys_Merchandising_Priority":"996","Sys_Num_Images":"6","UPC":"370307003122306","Created_By_Supplier":"20210607177","Supplier_Item_Code":"K5","Material":"Sequin","Color":"Black","createtime":"2020-12-23 06:30:08","Gender":"Girl","Upper_Mold":"Regular Fit","OFFERTYPE":"rfqcart","Sys_Order":"996"}},{"itemLargeImage":"store/20180522154/assets/items/largeimages/AIN4AMRN72.jpg","id":307049,"code":"AIN4AMRN72","title":"Multi-Colour Layered Embellished Dress","itemSellerLocation":"","itemSellerName":"","trimmed":false,"url":"product/kids/multi-colour-layered-embellished-dress-ain4amrn72","image":"https://s3.ca-central-1.amazonaws.com/demob2b2cs3.avetti.ca/store/20180522154/assets/items/images/AIN4AMRN72.jpg","count":"6","assured":0,"itemization":0,"desc":"","store_featured":"","cat_featured":"","new_item":"","on_sale":"","select_button":true,"currency_sign":"$","itemStarRating":"","labels":{"list_price":"List Price","no_price":"Free","you_save":"You Save","save_plus":"Plus","points":"Points Awarded","callprice":"Call for pricing","quickinfo":"Quick Info"},"price":{"type":"normal","list_price":"800 ","save":{"percent":"6","value":"50 "},"value":{"integer":"750","decimal":"00"}},"properties":{"Sys_Merchandising_Priority":"995","Sys_Num_Images":"6","UPC":"370307004122306","Created_By_Supplier":"20210607177","Supplier_Item_Code":"K6","Material":"Crepe","Color":"Pink","createtime":"2020-12-23 06:30:09","Gender":"Girl","Upper_Mold":"Regular Fit","OFFERTYPE":"rfqcart","Sys_Order":"995","Trending_Now":"Trending"}},{"itemLargeImage":"store/20180522154/assets/items/largeimages/AINMHLRN72.jpg","id":307050,"code":"AINMHLRN72","title":"Pink Embellished Dress","itemSellerLocation":"","itemSellerName":"","trimmed":false,"url":"product/kids/pink-embellished-dress-ainmhlrn72","image":"https://s3.ca-central-1.amazonaws.com/demob2b2cs3.avetti.ca/store/20180522154/assets/items/images/AINMHLRN72.jpg","count":"7","assured":0,"itemization":0,"desc":"","store_featured":"","cat_featured":"","new_item":"","on_sale":"","select_button":true,"currency_sign":"$","itemStarRating":"","labels":{"list_price":"List Price","no_price":"Free","you_save":"You Save","save_plus":"Plus","points":"Points Awarded","callprice":"Call for pricing","quickinfo":"Quick Info"},"price":{"type":"normal","list_price":"800 ","save":{"percent":"6","value":"50 "},"value":{"integer":"750","decimal":"00"}},"properties":{"Sys_Merchandising_Priority":"994","Sys_Num_Images":"6","UPC":"370307005122306","Created_By_Supplier":"20210607177","Supplier_Item_Code":"K7","Material":"Polyester","Color":"Pink","createtime":"2020-12-23 06:30:09","Gender":"Girl","Upper_Mold":"Regular Fit","OFFERTYPE":"rfqcart","Sys_Order":"994"}},{"itemLargeImage":"store/20180522154/assets/items/largeimages/AIN5PKRN72.jpg","id":307051,"code":"AIN5PKRN72","title":"Navy Blue Printed Sweater","itemSellerLocation":"","itemSellerName":"","trimmed":false,"url":"product/kids/navy-blue-printed-sweater-ain5pkrn72","image":"https://s3.ca-central-1.amazonaws.com/demob2b2cs3.avetti.ca/store/20180522154/assets/items/images/AIN5PKRN72.jpg","count":"8","assured":0,"itemization":0,"desc":"","store_featured":"","cat_featured":"","new_item":"","on_sale":"","select_button":true,"currency_sign":"$","itemStarRating":"","labels":{"list_price":"List Price","no_price":"Free","you_save":"You Save","save_plus":"Plus","points":"Points Awarded","callprice":"Call for pricing","quickinfo":"Quick Info"},"price":{"type":"normal","list_price":"1,200 ","save":{"percent":"17","value":"200 "},"value":{"integer":"1,000","decimal":"00"}},"properties":{"Sys_Merchandising_Priority":"993","Sys_Num_Images":"6","UPC":"370307006122306","Created_By_Supplier":"20210607177","Supplier_Item_Code":"K8","Material":"Sequin","Color":"Navy Blue","createtime":"2020-12-23 06:30:09","Gender":"Boy","Upper_Mold":"Comfortable","OFFERTYPE":"rfqcart","Sys_Order":"993"}},{"itemLargeImage":"store/20180522154/assets/items/largeimages/AINNWJRN72.jpg","id":307052,"code":"AINNWJRN72","title":"Boys Sweatshirt","itemSellerLocation":"","itemSellerName":"","trimmed":false,"url":"product/kids/boys-sweatshirt-ainnwjrn72","image":"https://s3.ca-central-1.amazonaws.com/demob2b2cs3.avetti.ca/store/20180522154/assets/items/images/AINNWJRN72.jpg","count":"9","assured":0,"itemization":0,"desc":"","store_featured":"","cat_featured":"","new_item":"<p class=' new '>vm.badges.new</p>","on_sale":"","select_button":true,"currency_sign":"$","itemStarRating":"","labels":{"list_price":"List Price","no_price":"Free","you_save":"You Save","save_plus":"Plus","points":"Points Awarded","callprice":"Call for pricing","quickinfo":"Quick Info"},"price":{"type":"normal","list_price":"1,520 ","save":{"percent":"8","value":"120 "},"value":{"integer":"1,400","decimal":"00"}},"properties":{"Sys_Merchandising_Priority":"992","Sys_Num_Images":"6","UPC":"370307007122306","Created_By_Supplier":"20210607177","Supplier_Item_Code":"K9","Material":"Polyester","Color":"Orange","createtime":"2020-12-23 06:30:09","Gender":"Boy","Upper_Mold":"Comfortable","OFFERTYPE":"rfqcart","Sys_Order":"992"}},{"itemLargeImage":"store/20180522154/assets/items/largeimages/AIN7MLPJU2.jpg","id":307053,"code":"AIN7MLPJU2","title":"Boys Blue Star Wars Graphic Pullover Swe...","itemSellerLocation":"","itemSellerName":"","trimmed":false,"url":"product/kids/boys-blue-star-wars-graphic-pullover-sweatshirt-ain7mlpju2","image":"https://s3.ca-central-1.amazonaws.com/demob2b2cs3.avetti.ca/store/20180522154/assets/items/images/AIN7MLPJU2.jpg","count":"10","assured":0,"itemization":0,"desc":"","store_featured":"","cat_featured":"","new_item":"","on_sale":"","select_button":true,"currency_sign":"$","itemStarRating":"","labels":{"list_price":"List Price","no_price":"Free","you_save":"You Save","save_plus":"Plus","points":"Points Awarded","callprice":"Call for pricing","quickinfo":"Quick Info"},"price":{"type":"normal","list_price":"1,200 ","save":{"percent":"17","value":"200 "},"value":{"integer":"1,000","decimal":"00"}},"properties":{"Sys_Merchandising_Priority":"991","Sys_Num_Images":"6","UPC":"370307008122306","Created_By_Supplier":"20210607177","Supplier_Item_Code":"K10","Material":"Polyester","Color":"Navy Blue","createtime":"2020-12-23 06:30:09","Gender":"Boy","Upper_Mold":"Relaxed","OFFERTYPE":"rfqcart","Sys_Order":"991"}},{"itemLargeImage":"store/20180522154/assets/items/largeimages/AINZAWOJU2.jpg","id":307054,"code":"AINZAWOJU2","title":"Navy Blue Moshi Sweatshirt","itemSellerLocation":"","itemSellerName":"","trimmed":false,"url":"product/kids/navy-blue-moshi-sweatshirt-ainzawoju2","image":"https://s3.ca-central-1.amazonaws.com/demob2b2cs3.avetti.ca/store/20180522154/assets/items/images/AINZAWOJU2.jpg","count":"11","assured":0,"itemization":0,"desc":"","store_featured":"","cat_featured":"","new_item":"","on_sale":"","select_button":true,"currency_sign":"$","itemStarRating":"","labels":{"list_price":"List Price","no_price":"Free","you_save":"You Save","save_plus":"Plus","points":"Points Awarded","callprice":"Call for pricing","quickinfo":"Quick Info"},"price":{"type":"normal","list_price":"1,520 ","save":{"percent":"8","value":"120 "},"value":{"integer":"1,400","decimal":"00"}},"properties":{"Sys_Merchandising_Priority":"990","Sys_Num_Images":"6","UPC":"370307009122306","Created_By_Supplier":"20210607177","Supplier_Item_Code":"K11","Material":"Polyester","Color":"Navy Blue","createtime":"2020-12-23 06:30:09","Gender":"Boy","Upper_Mold":"Comfortable","OFFERTYPE":"rfqcart","Sys_Order":"990","Trending_Now":"Trending"}},{"itemLargeImage":"store/20180522154/assets/items/largeimages/AIN7AM9JU2.jpg","id":307055,"code":"AIN7AM9JU2","title":"White Half Sleeves Printed Shirt","itemSellerLocation":"","itemSellerName":"","trimmed":false,"url":"product/kids/white-half-sleeves-printed-shirt-ain7am9ju2","image":"https://s3.ca-central-1.amazonaws.com/demob2b2cs3.avetti.ca/store/20180522154/assets/items/images/AIN7AM9JU2.jpg","count":"12","assured":0,"itemization":0,"desc":"","store_featured":"","cat_featured":"","new_item":"","on_sale":"","select_button":true,"currency_sign":"$","itemStarRating":"","labels":{"list_price":"List Price","no_price":"Free","you_save":"You Save","save_plus":"Plus","points":"Points Awarded","callprice":"Call for pricing","quickinfo":"Quick Info"},"price":{"type":"normal","list_price":"1,000 ","save":{"percent":"4","value":"40 "},"value":{"integer":"960","decimal":"00"}},"properties":{"Sys_Merchandising_Priority":"989","Sys_Num_Images":"6","UPC":"370307010122306","Created_By_Supplier":"20210607177","Supplier_Item_Code":"K12","Material":"Sequin","Color":"White","createtime":"2020-12-23 06:30:09","Gender":"Boy","Upper_Mold":"Fitted","OFFERTYPE":"rfqcart","Sys_Order":"989"}},{"itemLargeImage":"store/20180522154/assets/items/largeimages/AINZXW8JU2.jpg","id":307056,"code":"AINZXW8JU2","title":"Yellow Solid Shirt","itemSellerLocation":"","itemSellerName":"","trimmed":false,"url":"product/kids/yellow-solid-shirt-ainzxw8ju2","image":"https://s3.ca-central-1.amazonaws.com/demob2b2cs3.avetti.ca/store/20180522154/assets/items/images/AINZXW8JU2.jpg","count":"13","assured":0,"itemization":0,"desc":"","store_featured":"","cat_featured":"","new_item":"","on_sale":"","select_button":true,"currency_sign":"$","itemStarRating":"","labels":{"list_price":"List Price","no_price":"Free","you_save":"You Save","save_plus":"Plus","points":"Points Awarded","callprice":"Call for pricing","quickinfo":"Quick Info"},"price":{"type":"normal","list_price":"1,520 ","save":{"percent":"8","value":"120 "},"value":{"integer":"1,400","decimal":"00"}},"properties":{"Sys_Merchandising_Priority":"988","Sys_Num_Images":"6","UPC":"370307011122306","Created_By_Supplier":"20210607177","Supplier_Item_Code":"K13","Material":"Crepe","Color":"Yellow","createtime":"2020-12-23 06:30:09","Gender":"Boy","Upper_Mold":"Regular Fit","OFFERTYPE":"rfqcart","Sys_Order":"988"}},{"itemLargeImage":"store/20180522154/assets/items/largeimages/AINSM88JU2.jpg","id":307057,"code":"AINSM88JU2","title":"Blue Short Sleeve Dino Print Poplin Butt...","itemSellerLocation":"","itemSellerName":"","trimmed":false,"url":"product/kids/blue-short-sleeve-dino-print-poplin-button-down-shirt-ainsm88ju2","image":"https://s3.ca-central-1.amazonaws.com/demob2b2cs3.avetti.ca/store/20180522154/assets/items/images/AINSM88JU2.jpg","count":"14","assured":0,"itemization":0,"desc":"","store_featured":"","cat_featured":"","new_item":"","on_sale":"","select_button":true,"currency_sign":"$","itemStarRating":"","labels":{"list_price":"List Price","no_price":"Free","you_save":"You Save","save_plus":"Plus","points":"Points Awarded","callprice":"Call for pricing","quickinfo":"Quick Info"},"price":{"type":"normal","list_price":"800 ","save":{"percent":"6","value":"50 "},"value":{"integer":"750","decimal":"00"}},"properties":{"Sys_Merchandising_Priority":"987","Sys_Num_Images":"6","UPC":"370307012122306","Created_By_Supplier":"20210607177","Supplier_Item_Code":"K14","Material":"Polyester","Color":"Blue","createtime":"2020-12-23 06:30:09","Gender":"Boy","Upper_Mold":"Comfortable","OFFERTYPE":"rfqcart","Sys_Order":"987"}},{"itemLargeImage":"store/20180522154/assets/items/largeimages/AINLBJ7JU2.jpg","id":307058,"code":"AINLBJ7JU2","title":"Black Solid Shirt","itemSellerLocation":"","itemSellerName":"","trimmed":false,"url":"product/kids/black-solid-shirt-ainlbj7ju2","image":"https://s3.ca-central-1.amazonaws.com/demob2b2cs3.avetti.ca/store/20180522154/assets/items/images/AINLBJ7JU2.jpg","count":"15","assured":0,"itemization":0,"desc":"","store_featured":"","cat_featured":"","new_item":"","on_sale":"","select_button":true,"currency_sign":"$","itemStarRating":"","labels":{"list_price":"List Price","no_price":"Free","you_save":"You Save","save_plus":"Plus","points":"Points Awarded","callprice":"Call for pricing","quickinfo":"Quick Info"},"price":{"type":"normal","list_price":"800 ","save":{"percent":"6","value":"50 "},"value":{"integer":"750","decimal":"00"}},"properties":{"Sys_Merchandising_Priority":"986","Sys_Num_Images":"6","UPC":"370307013122306","Created_By_Supplier":"20210607177","Supplier_Item_Code":"K15","Material":"Cotton","Color":"Black","createtime":"2020-12-23 06:30:09","Gender":"Boy","Upper_Mold":"Relaxed","OFFERTYPE":"rfqcart","Sys_Order":"986"}}],"itemsCount":"15","facets":[{"Price":[{"value":"[550.00 TO 749.99]","removeText":"Price: 550.00  - 749.99","text":"550.00  - 749.99","count":4},{"value":"[750.00 TO 799.99]","removeText":"Price: 750.00  - 799.99","text":"750.00  - 799.99","count":5},{"value":"[950.00 TO 999.99]","removeText":"Price: 950.00  - 999.99","text":"950.00  - 999.99","count":1},{"value":"[1000.00 TO 1499.99]","removeText":"Price: 1000.00  - 1499.99","text":"1000.00  - 1499.99","count":5}]},{"Reviews":[{"value":"[0.5 TO 1.5]","removeText":"Review: 1 Stars","text":1,"count":0},{"value":"[1.5 TO 2.5]","removeText":"Review: 2 Stars","text":2,"count":0},{"value":"[2.5 TO 3.5]","removeText":"Review: 3 Stars","text":3,"count":0},{"value":"[3.5 TO 4.5]","removeText":"Review: 4 Stars","text":4,"count":1},{"value":"[4.5 TO 5.5]","removeText":"Review: 5 Stars","text":5,"count":1}]},{"Other":[{"title":"Material","name":"Material","facetValues":[{"value":"Acrylic","removeText":"Material: Acrylic","name":"Material","text":"Acrylic","count":0},{"value":"Beading","removeText":"Material: Beading","name":"Material","text":"Beading","count":0},{"value":"Brass","removeText":"Material: Brass","name":"Material","text":"Brass","count":0},{"value":"Cane","removeText":"Material: Cane","name":"Material","text":"Cane","count":0},{"value":"Ceramic","removeText":"Material: Ceramic","name":"Material","text":"Ceramic","count":0},{"value":"Chenille","removeText":"Material: Chenille","name":"Material","text":"Chenille","count":0},{"value":"Cotton","removeText":"Material: Cotton","name":"Material","text":"Cotton","count":1},{"value":"Crepe","removeText":"Material: Crepe","name":"Material","text":"Crepe","count":2},{"value":"Engineered Wood","removeText":"Material: Engineered Wood","name":"Material","text":"Engineered Wood","count":0},{"value":"Fabric","removeText":"Material: Fabric","name":"Material","text":"Fabric","count":0},{"value":"Fiber","removeText":"Material: Fiber","name":"Material","text":"Fiber","count":0},{"value":"Georgette","removeText":"Material: Georgette","name":"Material","text":"Georgette","count":1},{"value":"Glass","removeText":"Material: Glass","name":"Material","text":"Glass","count":0},{"value":"Iron","removeText":"Material: Iron","name":"Material","text":"Iron","count":0},{"value":"Kashmiri","removeText":"Material: Kashmiri","name":"Material","text":"Kashmiri","count":0},{"value":"Marble","removeText":"Material: Marble","name":"Material","text":"Marble","count":0},{"value":"Metal","removeText":"Material: Metal","name":"Material","text":"Metal","count":0},{"value":"Metal and Glass","removeText":"Material: Metal and Glass","name":"Material","text":"Metal and Glass","count":0},{"value":"Mikado","removeText":"Material: Mikado","name":"Material","text":"Mikado","count":0},{"value":"Nylon","removeText":"Material: Nylon","name":"Material","text":"Nylon","count":0},{"value":"Plastic","removeText":"Material: Plastic","name":"Material","text":"Plastic","count":0},{"value":"Poliester","removeText":"Material: Poliester","name":"Material","text":"Poliester","count":0},{"value":"Polyester","removeText":"Material: Polyester","name":"Material","text":"Polyester","count":7},{"value":"Polyurethane","removeText":"Material: Polyurethane","name":"Material","text":"Polyurethane","count":0},{"value":"Rubber Wood","removeText":"Material: Rubber Wood","name":"Material","text":"Rubber Wood","count":0},{"value":"Sequin","removeText":"Material: Sequin","name":"Material","text":"Sequin","count":4},{"value":"Silk","removeText":"Material: Silk","name":"Material","text":"Silk","count":0},{"value":"Steel","removeText":"Material: Steel","name":"Material","text":"Steel","count":0},{"value":"Teak Wood","removeText":"Material: Teak Wood","name":"Material","text":"Teak Wood","count":0},{"value":"Velvet","removeText":"Material: Velvet","name":"Material","text":"Velvet","count":0},{"value":"Wood","removeText":"Material: Wood","name":"Material","text":"Wood","count":0},{"value":"Wool","removeText":"Material: Wool","name":"Material","text":"Wool","count":0}]},{"title":"Sellers","name":"Sellers","facetValues":[{"value":"4M Farms","removeText":"Sellers: 4M Farms","name":"Sellers","text":"4M Farms","count":0},{"value":"4M Farms121","removeText":"Sellers: 4M Farms121","name":"Sellers","text":"4M Farms121","count":0},{"value":"4MFARMS12111","removeText":"Sellers: 4MFARMS12111","name":"Sellers","text":"4MFARMS12111","count":0},{"value":"4m","removeText":"Sellers: 4m","name":"Sellers","text":"4m","count":0},{"value":"ABC Tekstil","removeText":"Sellers: ABC Tekstil","name":"Sellers","text":"ABC Tekstil","count":0},{"value":"ABC Tekstil1","removeText":"Sellers: ABC Tekstil1","name":"Sellers","text":"ABC Tekstil1","count":0},{"value":"Abakli","removeText":"Sellers: Abakli","name":"Sellers","text":"Abakli","count":0},{"value":"Abc","removeText":"Sellers: Abc","name":"Sellers","text":"Abc","count":0},{"value":"Abc Store","removeText":"Sellers: Abc Store","name":"Sellers","text":"Abc Store","count":0},{"value":"Acarer","removeText":"Sellers: Acarer","name":"Sellers","text":"Acarer","count":0},{"value":"Ahmet","removeText":"Sellers: Ahmet","name":"Sellers","text":"Ahmet","count":0},{"value":"Brandos","removeText":"Sellers: Brandos","name":"Sellers","text":"Brandos","count":0},{"value":"Cagin Office Furniture","removeText":"Sellers: Cagin Office Furniture","name":"Sellers","text":"Cagin Office Furniture","count":0},{"value":"Canaberta","removeText":"Sellers: Canaberta","name":"Sellers","text":"Canaberta","count":0},{"value":"CasaCraft","removeText":"Sellers: CasaCraft","name":"Sellers","text":"CasaCraft","count":0},{"value":"Chimney Cake","removeText":"Sellers: Chimney Cake","name":"Sellers","text":"Chimney Cake","count":0},{"value":"Cimra Sauce","removeText":"Sellers: Cimra Sauce","name":"Sellers","text":"Cimra Sauce","count":0},{"value":"DATEKS","removeText":"Sellers: DATEKS","name":"Sellers","text":"DATEKS","count":0},{"value":"Dateks","removeText":"Sellers: Dateks","name":"Sellers","text":"Dateks","count":0},{"value":"Delta Ofis","removeText":"Sellers: Delta Ofis","name":"Sellers","text":"Delta Ofis","count":0},{"value":"Elak","removeText":"Sellers: Elak","name":"Sellers","text":"Elak","count":0},{"value":"Enne","removeText":"Sellers: Enne","name":"Sellers","text":"Enne","count":0},{"value":"Essa Veterinary Services","removeText":"Sellers: Essa Veterinary Services","name":"Sellers","text":"Essa Veterinary Services","count":0},{"value":"Flavon Max Canada","removeText":"Sellers: Flavon Max Canada","name":"Sellers","text":"Flavon Max Canada","count":0},{"value":"Giordano","removeText":"Sellers: Giordano","name":"Sellers","text":"Giordano","count":0},{"value":"Heenas Curry House","removeText":"Sellers: Heenas Curry House","name":"Sellers","text":"Heenas Curry House","count":0},{"value":"Istanbul Masko","removeText":"Sellers: Istanbul Masko","name":"Sellers","text":"Istanbul Masko","count":0},{"value":"Izmir","removeText":"Sellers: Izmir","name":"Sellers","text":"Izmir","count":0},{"value":"Jakamen","removeText":"Sellers: Jakamen","name":"Sellers","text":"Jakamen","count":0},{"value":"Jrcc Furniture Depot","removeText":"Sellers: Jrcc Furniture Depot","name":"Sellers","text":"Jrcc Furniture Depot","count":0},{"value":"Kirill","removeText":"Sellers: Kirill","name":"Sellers","text":"Kirill","count":0},{"value":"KirillBarsukov","removeText":"Sellers: KirillBarsukov","name":"Sellers","text":"KirillBarsukov","count":0},{"value":"Lamblicious","removeText":"Sellers: Lamblicious","name":"Sellers","text":"Lamblicious","count":0},{"value":"Maltepe","removeText":"Sellers: Maltepe","name":"Sellers","text":"Maltepe","count":0},{"value":"Mariana's clothing","removeText":"Sellers: Mariana's clothing","name":"Sellers","text":"Mariana's clothing","count":0},{"value":"Marios Pizza","removeText":"Sellers: Marios Pizza","name":"Sellers","text":"Marios Pizza","count":0},{"value":"Matalan","removeText":"Sellers: Matalan","name":"Sellers","text":"Matalan","count":15},{"value":"NDesign","removeText":"Sellers: NDesign","name":"Sellers","text":"NDesign","count":0},{"value":"Ndesign","removeText":"Sellers: Ndesign","name":"Sellers","text":"Ndesign","count":0},{"value":"OTIAD","removeText":"Sellers: OTIAD","name":"Sellers","text":"OTIAD","count":0},{"value":"Prairie City Soap","removeText":"Sellers: Prairie City Soap","name":"Sellers","text":"Prairie City Soap","count":0},{"value":"Raisin the Root","removeText":"Sellers: Raisin the Root","name":"Sellers","text":"Raisin the Root","count":0},{"value":"React Clothes","removeText":"Sellers: React Clothes","name":"Sellers","text":"React Clothes","count":0},{"value":"Say Cheese","removeText":"Sellers: Say Cheese","name":"Sellers","text":"Say Cheese","count":0},{"value":"TETSIAD","removeText":"Sellers: TETSIAD","name":"Sellers","text":"TETSIAD","count":0},{"value":"Testing Brandddd","removeText":"Sellers: Testing Brandddd","name":"Sellers","text":"Testing Brandddd","count":0},{"value":"The Scented Lair","removeText":"Sellers: The Scented Lair","name":"Sellers","text":"The Scented Lair","count":0},{"value":"Timberwind Farm","removeText":"Sellers: Timberwind Farm","name":"Sellers","text":"Timberwind Farm","count":0},{"value":"Woodsworth","removeText":"Sellers: Woodsworth","name":"Sellers","text":"Woodsworth","count":0}]},{"title":"Featured_Facet","name":"Featured_Facet","facetValues":[{"value":"Cocktail Dresses","removeText":"Featured_Facet: Cocktail Dresses","name":"Featured_Facet","text":"Cocktail Dresses","count":0},{"value":"Kids Dress","removeText":"Featured_Facet: Kids Dress","name":"Featured_Facet","text":"Kids Dress","count":7},{"value":"Kids Sweatshirt","removeText":"Featured_Facet: Kids Sweatshirt","name":"Featured_Facet","text":"Kids Sweatshirt","count":4},{"value":"Men Jackets","removeText":"Featured_Facet: Men Jackets","name":"Featured_Facet","text":"Men Jackets","count":0},{"value":"Raincoat","removeText":"Featured_Facet: Raincoat","name":"Featured_Facet","text":"Raincoat","count":0},{"value":"Shirt","removeText":"Featured_Facet: Shirt","name":"Featured_Facet","text":"Shirt","count":4},{"value":"Wedding Dress","removeText":"Featured_Facet: Wedding Dress","name":"Featured_Facet","text":"Wedding Dress","count":0},{"value":"Women Jacket","removeText":"Featured_Facet: Women Jacket","name":"Featured_Facet","text":"Women Jacket","count":0}]}]}]}