{"cid":"520377","name":"Women&#39;s","meta":{"metadescription":"","metakeywords":""},"image":"/20180522154/assets/category/images/womens.jpg","thumbnail":"/20180522154/assets/category/thumbnails/womensthumbnail.jpg","description":"Women","numberOfPages":"2","itemsCount":"25","facets":[{"Price":[{"value":"[550.00 TO 749.99]","removeText":"Price: 550.00  - 749.99","text":"550.00  - 749.99","count":5},{"value":"[750.00 TO 999.99]","removeText":"Price: 750.00  - 999.99","text":"750.00  - 999.99","count":7},{"value":"[1000.00 TO 1499.99]","removeText":"Price: 1000.00  - 1499.99","text":"1000.00  - 1499.99","count":13}]},{"Reviews":[{"value":"[0.5 TO 1.5]","removeText":"Review: 1 Stars","text":1,"count":0},{"value":"[1.5 TO 2.5]","removeText":"Review: 2 Stars","text":2,"count":0},{"value":"[2.5 TO 3.5]","removeText":"Review: 3 Stars","text":3,"count":0},{"value":"[3.5 TO 4.5]","removeText":"Review: 4 Stars","text":4,"count":1},{"value":"[4.5 TO 5.5]","removeText":"Review: 5 Stars","text":5,"count":1}]},{"Other":[{"title":"Material","name":"Material","facetValues":[{"value":"Acrylic","removeText":"Material: Acrylic","name":"Material","text":"Acrylic","count":0},{"value":"Beading","removeText":"Material: Beading","name":"Material","text":"Beading","count":6},{"value":"Brass","removeText":"Material: Brass","name":"Material","text":"Brass","count":0},{"value":"Cane","removeText":"Material: Cane","name":"Material","text":"Cane","count":0},{"value":"Ceramic","removeText":"Material: Ceramic","name":"Material","text":"Ceramic","count":0},{"value":"Chenille","removeText":"Material: Chenille","name":"Material","text":"Chenille","count":0},{"value":"Cotton","removeText":"Material: Cotton","name":"Material","text":"Cotton","count":3},{"value":"Crepe","removeText":"Material: Crepe","name":"Material","text":"Crepe","count":5},{"value":"Engineered Wood","removeText":"Material: Engineered Wood","name":"Material","text":"Engineered Wood","count":0},{"value":"Fabric","removeText":"Material: Fabric","name":"Material","text":"Fabric","count":0},{"value":"Fiber","removeText":"Material: Fiber","name":"Material","text":"Fiber","count":0},{"value":"Georgette","removeText":"Material: Georgette","name":"Material","text":"Georgette","count":4},{"value":"Glass","removeText":"Material: Glass","name":"Material","text":"Glass","count":0},{"value":"Iron","removeText":"Material: Iron","name":"Material","text":"Iron","count":0},{"value":"Kashmiri","removeText":"Material: Kashmiri","name":"Material","text":"Kashmiri","count":0},{"value":"Marble","removeText":"Material: Marble","name":"Material","text":"Marble","count":0},{"value":"Metal","removeText":"Material: Metal","name":"Material","text":"Metal","count":0},{"value":"Metal and Glass","removeText":"Material: Metal and Glass","name":"Material","text":"Metal and Glass","count":0},{"value":"Mikado","removeText":"Material: Mikado","name":"Material","text":"Mikado","count":2},{"value":"Nylon","removeText":"Material: Nylon","name":"Material","text":"Nylon","count":1},{"value":"Plastic","removeText":"Material: Plastic","name":"Material","text":"Plastic","count":0},{"value":"Poliester","removeText":"Material: Poliester","name":"Material","text":"Poliester","count":0},{"value":"Polyester","removeText":"Material: Polyester","name":"Material","text":"Polyester","count":7},{"value":"Polyurethane","removeText":"Material: Polyurethane","name":"Material","text":"Polyurethane","count":0},{"value":"Rubber Wood","removeText":"Material: Rubber Wood","name":"Material","text":"Rubber Wood","count":0},{"value":"Sequin","removeText":"Material: Sequin","name":"Material","text":"Sequin","count":2},{"value":"Silk","removeText":"Material: Silk","name":"Material","text":"Silk","count":0},{"value":"Steel","removeText":"Material: Steel","name":"Material","text":"Steel","count":0},{"value":"Teak Wood","removeText":"Material: Teak Wood","name":"Material","text":"Teak Wood","count":0},{"value":"Velvet","removeText":"Material: Velvet","name":"Material","text":"Velvet","count":0},{"value":"Wood","removeText":"Material: Wood","name":"Material","text":"Wood","count":0},{"value":"Wool","removeText":"Material: Wool","name":"Material","text":"Wool","count":0}]},{"title":"Sellers","name":"Sellers","facetValues":[{"value":"4M Farms","removeText":"Sellers: 4M Farms","name":"Sellers","text":"4M Farms","count":0},{"value":"4M Farms121","removeText":"Sellers: 4M Farms121","name":"Sellers","text":"4M Farms121","count":0},{"value":"4MFARMS12111","removeText":"Sellers: 4MFARMS12111","name":"Sellers","text":"4MFARMS12111","count":0},{"value":"4m","removeText":"Sellers: 4m","name":"Sellers","text":"4m","count":0},{"value":"ABC Tekstil","removeText":"Sellers: ABC Tekstil","name":"Sellers","text":"ABC Tekstil","count":0},{"value":"ABC Tekstil1","removeText":"Sellers: ABC Tekstil1","name":"Sellers","text":"ABC Tekstil1","count":0},{"value":"Abakli","removeText":"Sellers: Abakli","name":"Sellers","text":"Abakli","count":0},{"value":"Abc","removeText":"Sellers: Abc","name":"Sellers","text":"Abc","count":0},{"value":"Abc Store","removeText":"Sellers: Abc Store","name":"Sellers","text":"Abc Store","count":0},{"value":"Acarer","removeText":"Sellers: Acarer","name":"Sellers","text":"Acarer","count":0},{"value":"Ahmet","removeText":"Sellers: Ahmet","name":"Sellers","text":"Ahmet","count":0},{"value":"Brandos","removeText":"Sellers: Brandos","name":"Sellers","text":"Brandos","count":0},{"value":"Cagin Office Furniture","removeText":"Sellers: Cagin Office Furniture","name":"Sellers","text":"Cagin Office Furniture","count":0},{"value":"Canaberta","removeText":"Sellers: Canaberta","name":"Sellers","text":"Canaberta","count":0},{"value":"CasaCraft","removeText":"Sellers: CasaCraft","name":"Sellers","text":"CasaCraft","count":0},{"value":"Chimney Cake","removeText":"Sellers: Chimney Cake","name":"Sellers","text":"Chimney Cake","count":0},{"value":"Cimra Sauce","removeText":"Sellers: Cimra Sauce","name":"Sellers","text":"Cimra Sauce","count":0},{"value":"DATEKS","removeText":"Sellers: DATEKS","name":"Sellers","text":"DATEKS","count":0},{"value":"Dateks","removeText":"Sellers: Dateks","name":"Sellers","text":"Dateks","count":0},{"value":"Delta Ofis","removeText":"Sellers: Delta Ofis","name":"Sellers","text":"Delta Ofis","count":0},{"value":"Elak","removeText":"Sellers: Elak","name":"Sellers","text":"Elak","count":3},{"value":"Enne","removeText":"Sellers: Enne","name":"Sellers","text":"Enne","count":0},{"value":"Essa Veterinary Services","removeText":"Sellers: Essa Veterinary Services","name":"Sellers","text":"Essa Veterinary Services","count":0},{"value":"Flavon Max Canada","removeText":"Sellers: Flavon Max Canada","name":"Sellers","text":"Flavon Max Canada","count":0},{"value":"Giordano","removeText":"Sellers: Giordano","name":"Sellers","text":"Giordano","count":0},{"value":"Heenas Curry House","removeText":"Sellers: Heenas Curry House","name":"Sellers","text":"Heenas Curry House","count":0},{"value":"Istanbul Masko","removeText":"Sellers: Istanbul Masko","name":"Sellers","text":"Istanbul Masko","count":0},{"value":"Izmir","removeText":"Sellers: Izmir","name":"Sellers","text":"Izmir","count":0},{"value":"Jakamen","removeText":"Sellers: Jakamen","name":"Sellers","text":"Jakamen","count":0},{"value":"Jrcc Furniture Depot","removeText":"Sellers: Jrcc Furniture Depot","name":"Sellers","text":"Jrcc Furniture Depot","count":0},{"value":"Kirill","removeText":"Sellers: Kirill","name":"Sellers","text":"Kirill","count":0},{"value":"KirillBarsukov","removeText":"Sellers: KirillBarsukov","name":"Sellers","text":"KirillBarsukov","count":0},{"value":"Lamblicious","removeText":"Sellers: Lamblicious","name":"Sellers","text":"Lamblicious","count":0},{"value":"Maltepe","removeText":"Sellers: Maltepe","name":"Sellers","text":"Maltepe","count":0},{"value":"Mariana's clothing","removeText":"Sellers: Mariana's clothing","name":"Sellers","text":"Mariana's clothing","count":0},{"value":"Marios Pizza","removeText":"Sellers: Marios Pizza","name":"Sellers","text":"Marios Pizza","count":0},{"value":"Matalan","removeText":"Sellers: Matalan","name":"Sellers","text":"Matalan","count":22},{"value":"NDesign","removeText":"Sellers: NDesign","name":"Sellers","text":"NDesign","count":0},{"value":"Ndesign","removeText":"Sellers: Ndesign","name":"Sellers","text":"Ndesign","count":0},{"value":"OTIAD","removeText":"Sellers: OTIAD","name":"Sellers","text":"OTIAD","count":0},{"value":"Prairie City Soap","removeText":"Sellers: Prairie City Soap","name":"Sellers","text":"Prairie City Soap","count":0},{"value":"Raisin the Root","removeText":"Sellers: Raisin the Root","name":"Sellers","text":"Raisin the Root","count":0},{"value":"React Clothes","removeText":"Sellers: React Clothes","name":"Sellers","text":"React Clothes","count":0},{"value":"Say Cheese","removeText":"Sellers: Say Cheese","name":"Sellers","text":"Say Cheese","count":0},{"value":"TETSIAD","removeText":"Sellers: TETSIAD","name":"Sellers","text":"TETSIAD","count":0},{"value":"Testing Brandddd","removeText":"Sellers: Testing Brandddd","name":"Sellers","text":"Testing Brandddd","count":0},{"value":"The Scented Lair","removeText":"Sellers: The Scented Lair","name":"Sellers","text":"The Scented Lair","count":0},{"value":"Timberwind Farm","removeText":"Sellers: Timberwind Farm","name":"Sellers","text":"Timberwind Farm","count":0},{"value":"Woodsworth","removeText":"Sellers: Woodsworth","name":"Sellers","text":"Woodsworth","count":0}]},{"title":"Featured_Facet","name":"Featured_Facet","facetValues":[{"value":"Cocktail Dresses","removeText":"Featured_Facet: Cocktail Dresses","name":"Featured_Facet","text":"Cocktail Dresses","count":21},{"value":"Kids Dress","removeText":"Featured_Facet: Kids Dress","name":"Featured_Facet","text":"Kids Dress","count":0},{"value":"Kids Sweatshirt","removeText":"Featured_Facet: Kids Sweatshirt","name":"Featured_Facet","text":"Kids Sweatshirt","count":0},{"value":"Men Jackets","removeText":"Featured_Facet: Men Jackets","name":"Featured_Facet","text":"Men Jackets","count":0},{"value":"Raincoat","removeText":"Featured_Facet: Raincoat","name":"Featured_Facet","text":"Raincoat","count":0},{"value":"Shirt","removeText":"Featured_Facet: Shirt","name":"Featured_Facet","text":"Shirt","count":0},{"value":"Wedding Dress","removeText":"Featured_Facet: Wedding Dress","name":"Featured_Facet","text":"Wedding Dress","count":2},{"value":"Women Jacket","removeText":"Featured_Facet: Women Jacket","name":"Featured_Facet","text":"Women Jacket","count":7}]}]}],"page":2,"url":"shopping/womens/2","items":[{"itemLargeImage":"store/20180522154/assets/items/largeimages/AIN3CNVD73.jpg","id":307043,"code":"AIN3CNVD73","title":"Red Solid Mini Dress","itemSellerLocation":"","itemSellerName":"","trimmed":false,"url":"product/womens/red-solid-mini-dress-ain3cnvd73","image":"https://s3.ca-central-1.amazonaws.com/demob2b2cs3.avetti.ca/store/20180522154/assets/items/images/AIN3CNVD73.jpg","count":"1","assured":0,"itemization":0,"desc":"","store_featured":"","cat_featured":"","new_item":"","on_sale":"","select_button":true,"currency_sign":"$","itemStarRating":"","labels":{"list_price":"List Price","no_price":"Free","you_save":"You Save","save_plus":"Plus","points":"Points Awarded","callprice":"Call for pricing","quickinfo":"Quick Info"},"price":{"type":"normal","list_price":"800 ","save":{"percent":"6","value":"50 "},"value":{"integer":"750","decimal":"00"}},"properties":{"Sys_Merchandising_Priority":"977","Sys_Num_Images":"6","UPC":"370306998122305","Created_By_Supplier":"20210607177","Supplier_Item_Code":"W15","Material":"Cotton","Color":"Red","createtime":"2020-12-23 05:50:41","Sleeves":"Sleeveless","Upper_Mold":"Relaxed","Back_Neckline":"Keyhole","Cut":"Column","Neckline":"Square","OFFERTYPE":"rfqcart","Sys_Order":"977"}}]}