{"page":1,"cid":"520368","url":"shopping/mens","name":"Men&#39;s","meta":{"metadescription":"","metakeywords":""},"image":"/20180522154/assets/category/images/mens.jpg","thumbnail":"/20180522154/assets/category/thumbnails/mensthumbnail.jpg","description":"Men","numberOfPages":"1","items":[{"itemLargeImage":"store/20180522154/assets/items/largeimages/AINB75HE93.jpg","id":321196,"code":"AINB75HE93","title":"Turtleneck Sweater","itemSellerLocation":"","itemSellerName":"","trimmed":false,"url":"product/mens/turtleneck-sweater-ainb75he93","image":"https://s3.ca-central-1.amazonaws.com/demob2b2cs3.avetti.ca/store/20180522154/assets/items/images/AINB75HE93.jpg","count":"1","assured":0,"itemization":0,"desc":"","store_featured":"","cat_featured":"","new_item":"","on_sale":"","select_button":true,"currency_sign":"$","itemStarRating":"","labels":{"list_price":"List Price","no_price":"Free","you_save":"You Save","save_plus":"Plus","points":"Points Awarded","callprice":"Call for pricing","quickinfo":"Quick Info"},"price":{"type":"normal","list_price":"750 ","save":{"percent":"7","value":"50 "},"value":{"integer":"700","decimal":"00"}},"properties":{"Sys_Merchandising_Priority":"9999","Sys_Num_Images":"6","UPC":"","Created_By_Supplier":"20210607177","Supplier_Item_Code":"M1-S-G","Sys_Package_Price_Enabled":"False","Material":"Wool","Color":"Grey","createtime":"2021-07-01 10:03:28","Collor":"Turtleneck","Body_Size":"42","Pattern":"Knitting","Upper_Mold":"Slim Fit","ITEM_TYPE":"2","OFFERTYPE":"rfqcart","Curbside_Pickup":"Al Nahda St - Al NahdaAl Nahda 1 - Sharjah - United Arab Emirates"}},{"itemLargeImage":"store/20180522154/assets/items/largeimages/AINZSP6282.jpg","id":307015,"code":"AINZSP6282","title":"Velvet Classic Collar Oversized Fit Doub...","itemSellerLocation":"","itemSellerName":"","trimmed":false,"url":"product/mens/velvet-classic-collar-oversized-fit-double-pocket-shirt-ainzsp6282","image":"https://s3.ca-central-1.amazonaws.com/demob2b2cs3.avetti.ca/store/20180522154/assets/items/images/AINZSP6282.jpg","count":"2","assured":0,"itemization":0,"desc":"","store_featured":"","cat_featured":"","new_item":"","on_sale":"","select_button":true,"currency_sign":"$","itemStarRating":"","labels":{"list_price":"List Price","no_price":"Free","you_save":"You Save","save_plus":"Plus","points":"Points Awarded","callprice":"Call for pricing","quickinfo":"Quick Info"},"price":{"type":"normal","list_price":"600 ","save":{"percent":"8","value":"50 "},"value":{"integer":"550","decimal":"00"}},"properties":{"Sys_Merchandising_Priority":"999","Sys_Num_Images":"6","UPC":"370306970122304","Created_By_Supplier":"20210607177","Supplier_Item_Code":"M2","Material":"Polyester","Color":"White","createtime":"2020-12-23 04:59:29","Collor":"Classic Collar","Body_Size":"44","Pattern":"Plain","Upper_Mold":"Slim Fit","OFFERTYPE":"rfqcart","Sys_Order":"999"}},{"itemLargeImage":"store/20180522154/assets/items/largeimages/AINI1P6282.jpg","id":307016,"code":"AINI1P6282","title":"Mono Yaka Kruvaze Fermuarlı Deri Mont","itemSellerLocation":"","itemSellerName":"","trimmed":false,"url":"product/mens/mono-yaka-kruvaze-fermuarl-deri-mont-aini1p6282","image":"https://s3.ca-central-1.amazonaws.com/demob2b2cs3.avetti.ca/store/20180522154/assets/items/images/AINI1P6282.jpg","count":"3","assured":0,"itemization":0,"desc":"","store_featured":"","cat_featured":"","new_item":"","on_sale":"","select_button":true,"currency_sign":"$","itemStarRating":"","labels":{"list_price":"List Price","no_price":"Free","you_save":"You Save","save_plus":"Plus","points":"Points Awarded","callprice":"Call for pricing","quickinfo":"Quick Info"},"price":{"type":"normal","list_price":"800 ","save":{"percent":"6","value":"50 "},"value":{"integer":"750","decimal":"00"}},"properties":{"Sys_Merchandising_Priority":"998","Sys_Num_Images":"6","UPC":"370306971122304","Created_By_Supplier":"20210607177","Supplier_Item_Code":"M3","Material":"Polyurethane","Color":"Black","createtime":"2020-12-23 04:59:29","Collor":"Mono Collar","Body_Size":"46","Pattern":"Plain","Upper_Mold":"Slim Fit","OFFERTYPE":"rfqcart","Sys_Order":"998"}},{"itemLargeImage":"store/20180522154/assets/items/largeimages/AIN19O6282.jpg","id":307017,"code":"AIN19O6282","title":"Hooded Collar Quilted Leather Jacket","itemSellerLocation":"","itemSellerName":"","trimmed":false,"url":"product/mens/hooded-collar-quilted-leather-jacket-ain19o6282","image":"https://s3.ca-central-1.amazonaws.com/demob2b2cs3.avetti.ca/store/20180522154/assets/items/images/AIN19O6282.jpg","count":"4","assured":0,"itemization":0,"desc":"","store_featured":"","cat_featured":"","new_item":"","on_sale":"","select_button":true,"currency_sign":"$","itemStarRating":"","labels":{"list_price":"List Price","no_price":"Free","you_save":"You Save","save_plus":"Plus","points":"Points Awarded","callprice":"Call for pricing","quickinfo":"Quick Info"},"price":{"type":"normal","list_price":"750 ","save":{"percent":"7","value":"50 "},"value":{"integer":"700","decimal":"00"}},"properties":{"Sys_Merchandising_Priority":"997","Sys_Num_Images":"6","UPC":"370306972122304","Created_By_Supplier":"20210607177","Supplier_Item_Code":"M4","Material":"Polyurethane","Color":"Black","createtime":"2020-12-23 04:59:29","Collor":"Hooded Collar","Body_Size":"48","Pattern":"Plain","Upper_Mold":"Slim Fit","OFFERTYPE":"rfqcart","Sys_Order":"997"}},{"itemLargeImage":"store/20180522154/assets/items/largeimages/AINJGN6282.jpg","id":307018,"code":"AINJGN6282","title":"Classic Collar Plaid Stamp Coat","itemSellerLocation":"","itemSellerName":"","trimmed":false,"url":"product/mens/classic-collar-plaid-stamp-coat-ainjgn6282","image":"https://s3.ca-central-1.amazonaws.com/demob2b2cs3.avetti.ca/store/20180522154/assets/items/images/AINJGN6282.jpg","count":"5","assured":0,"itemization":0,"desc":"","store_featured":"","cat_featured":"","new_item":"","on_sale":"","select_button":true,"currency_sign":"$","itemStarRating":"","labels":{"list_price":"List Price","no_price":"Free","you_save":"You Save","save_plus":"Plus","points":"Points Awarded","callprice":"Call for pricing","quickinfo":"Quick Info"},"price":{"type":"normal","list_price":"600 ","save":{"percent":"8","value":"50 "},"value":{"integer":"550","decimal":"00"}},"properties":{"Sys_Merchandising_Priority":"996","Sys_Num_Images":"6","UPC":"370306973122304","Created_By_Supplier":"20210607177","Supplier_Item_Code":"M5","Sys_Package_Price_Enabled":"False","Material":"Polyester","Color":"Black","createtime":"2020-12-23 04:59:29","Collor":"Classic Collar","Body_Size":"50","Pattern":"Plain","Upper_Mold":"Slim Fit","OFFERTYPE":"rfqcart","Sys_Order":"996"}},{"itemLargeImage":"store/20180522154/assets/items/largeimages/AIN2OM6282.jpg","id":307019,"code":"AIN2OM6282","title":"Dovetail Collar Striped Slim Fit Cover P...","itemSellerLocation":"","itemSellerName":"","trimmed":false,"url":"product/mens/dovetail-collar-striped-slim-fit-cover-pocket-jacket-ain2om6282","image":"https://s3.ca-central-1.amazonaws.com/demob2b2cs3.avetti.ca/store/20180522154/assets/items/images/AIN2OM6282.jpg","count":"6","assured":0,"itemization":0,"desc":"","store_featured":"","cat_featured":"","new_item":"<p class=' new '>vm.badges.new</p>","on_sale":"","select_button":true,"currency_sign":"$","itemStarRating":"","labels":{"list_price":"List Price","no_price":"Free","you_save":"You Save","save_plus":"Plus","points":"Points Awarded","callprice":"Call for pricing","quickinfo":"Quick Info"},"price":{"type":"normal","list_price":"800 ","save":{"percent":"6","value":"50 "},"value":{"integer":"750","decimal":"00"}},"properties":{"Sys_Merchandising_Priority":"995","Sys_Num_Images":"6","UPC":"370306974122304","Created_By_Supplier":"20210607177","Supplier_Item_Code":"M6","Material":"Polyester","Color":"Navy Blue","createtime":"2020-12-23 04:59:29","Collor":"Swallow Collar","Body_Size":"52","Pattern":"Plain","Upper_Mold":"Slim Fit","OFFERTYPE":"rfqcart","Sys_Order":"995"}},{"itemLargeImage":"store/20180522154/assets/items/largeimages/AINKVL6282.jpg","id":307020,"code":"AINKVL6282","title":"Furry Cuffed Collar Ribbed Cuffed Coat","itemSellerLocation":"","itemSellerName":"","trimmed":false,"url":"product/mens/furry-cuffed-collar-ribbed-cuffed-coat-ainkvl6282","image":"https://s3.ca-central-1.amazonaws.com/demob2b2cs3.avetti.ca/store/20180522154/assets/items/images/AINKVL6282.jpg","count":"7","assured":0,"itemization":0,"desc":"","store_featured":"","cat_featured":"","new_item":"","on_sale":"","select_button":true,"currency_sign":"$","itemStarRating":"","labels":{"list_price":"List Price","no_price":"Free","you_save":"You Save","save_plus":"Plus","points":"Points Awarded","callprice":"Call for pricing","quickinfo":"Quick Info"},"price":{"type":"normal","list_price":"800 ","save":{"percent":"6","value":"50 "},"value":{"integer":"750","decimal":"00"}},"properties":{"Sys_Merchandising_Priority":"994","Sys_Num_Images":"6","UPC":"370306975122304","Created_By_Supplier":"20210607177","Supplier_Item_Code":"M7","Material":"Wool","Color":"Brown","createtime":"2020-12-23 04:59:29","Collor":"Fur Collar","Body_Size":"54","Pattern":"Plain","Upper_Mold":"Slim Fit","OFFERTYPE":"rfqcart","Sys_Order":"994"}},{"itemLargeImage":"store/20180522154/assets/items/largeimages/AIN34L6282.jpg","id":307021,"code":"AIN34L6282","title":"Coat Jacket Dark Grey","itemSellerLocation":"","itemSellerName":"","trimmed":false,"url":"product/mens/coat-jacket-dark-grey-ain34l6282","image":"https://s3.ca-central-1.amazonaws.com/demob2b2cs3.avetti.ca/store/20180522154/assets/items/images/AIN34L6282.jpg","count":"8","assured":0,"itemization":0,"desc":"","store_featured":"","cat_featured":"","new_item":"<p class=' new '>vm.badges.new</p>","on_sale":"","select_button":true,"currency_sign":"$","itemStarRating":"","labels":{"list_price":"List Price","no_price":"Free","you_save":"You Save","save_plus":"Plus","points":"Points Awarded","callprice":"Call for pricing","quickinfo":"Quick Info"},"price":{"type":"normal","list_price":"1,200 ","save":{"percent":"17","value":"200 "},"value":{"integer":"1,000","decimal":"00"}},"properties":{"Sys_Merchandising_Priority":"993","Sys_Num_Images":"6","UPC":"370306976122304","Created_By_Supplier":"20210607177","Supplier_Item_Code":"M8","Material":"Polyester","Color":"Black","createtime":"2020-12-23 04:59:29","Collor":"Classic Collar","Body_Size":"56","Pattern":"Plain","Upper_Mold":"Regular Fit","OFFERTYPE":"rfqcart","Sys_Order":"993","Trending_Now":"Trending"}},{"itemLargeImage":"store/20180522154/assets/items/largeimages/AINLBK6282.jpg","id":307022,"code":"AINLBK6282","title":"Coat Jacket Navy","itemSellerLocation":"","itemSellerName":"","trimmed":false,"url":"product/mens/coat-jacket-navy-ainlbk6282","image":"https://s3.ca-central-1.amazonaws.com/demob2b2cs3.avetti.ca/store/20180522154/assets/items/images/AINLBK6282.jpg","count":"9","assured":0,"itemization":0,"desc":"","store_featured":"","cat_featured":"","new_item":"","on_sale":"","select_button":true,"currency_sign":"$","itemStarRating":"","labels":{"list_price":"List Price","no_price":"Free","you_save":"You Save","save_plus":"Plus","points":"Points Awarded","callprice":"Call for pricing","quickinfo":"Quick Info"},"price":{"type":"normal","list_price":"1,520 ","save":{"percent":"8","value":"120 "},"value":{"integer":"1,400","decimal":"00"}},"properties":{"Sys_Merchandising_Priority":"992","Sys_Num_Images":"6","UPC":"370306977122304","Created_By_Supplier":"20210607177","Supplier_Item_Code":"M9","Material":"Polyester","Color":"Navy Blue","createtime":"2020-12-23 04:59:29","Collor":"Fur Collar","Body_Size":"58","Pattern":"Dobby","Upper_Mold":"Regular Fit","OFFERTYPE":"rfqcart","Sys_Order":"992"}},{"itemLargeImage":"store/20180522154/assets/items/largeimages/AINFYX4F73.jpg","id":307023,"code":"AINFYX4F73","title":"Coat Jacket Navy","itemSellerLocation":"","itemSellerName":"","trimmed":false,"url":"product/mens/coat-jacket-navy-ainfyx4f73","image":"https://s3.ca-central-1.amazonaws.com/demob2b2cs3.avetti.ca/store/20180522154/assets/items/images/AINFYX4F73.jpg","count":"10","assured":0,"itemization":0,"desc":"","store_featured":"","cat_featured":"","new_item":"","on_sale":"","select_button":true,"currency_sign":"$","itemStarRating":"","labels":{"list_price":"List Price","no_price":"Free","you_save":"You Save","save_plus":"Plus","points":"Points Awarded","callprice":"Call for pricing","quickinfo":"Quick Info"},"price":{"type":"normal","list_price":"1,200 ","save":{"percent":"17","value":"200 "},"value":{"integer":"1,000","decimal":"00"}},"properties":{"Sys_Merchandising_Priority":"991","Sys_Num_Images":"6","UPC":"370306978122304","Created_By_Supplier":"20210607177","Supplier_Item_Code":"M10","Material":"Cotton","Color":"Navy Blue","createtime":"2020-12-23 04:59:29","Collor":"Classic Collar","Body_Size":"60","Pattern":"Plain","Upper_Mold":"Slim Fit","OFFERTYPE":"rfqcart","Sys_Order":"991","Trending_Now":"Trending"}},{"itemLargeImage":"store/20180522154/assets/items/largeimages/AIN8N94F73.jpg","id":307024,"code":"AIN8N94F73","title":"Coat Jacket Navy","itemSellerLocation":"","itemSellerName":"","trimmed":false,"url":"product/mens/coat-jacket-navy-ain8n94f73","image":"https://s3.ca-central-1.amazonaws.com/demob2b2cs3.avetti.ca/store/20180522154/assets/items/images/AIN8N94F73.jpg","count":"11","assured":0,"itemization":0,"desc":"","store_featured":"","cat_featured":"","new_item":"","on_sale":"","select_button":true,"currency_sign":"$","itemStarRating":"","labels":{"list_price":"List Price","no_price":"Free","you_save":"You Save","save_plus":"Plus","points":"Points Awarded","callprice":"Call for pricing","quickinfo":"Quick Info"},"price":{"type":"normal","list_price":"1,520 ","save":{"percent":"8","value":"120 "},"value":{"integer":"1,400","decimal":"00"}},"properties":{"Sys_Merchandising_Priority":"990","Sys_Num_Images":"6","UPC":"370306979122304","Created_By_Supplier":"20210607177","Supplier_Item_Code":"M11","Material":"Polyester","Color":"Navy Blue","createtime":"2020-12-23 04:59:29","Collor":"Fur Collar","Body_Size":"42","Pattern":"Plain","Upper_Mold":"Regular Fit","OFFERTYPE":"rfqcart","Sys_Order":"990","Trending_Now":"Trending"}},{"itemLargeImage":"store/20180522154/assets/items/largeimages/AINFMYNE73.jpg","id":307025,"code":"AINFMYNE73","title":"Designers Coat Jacket Navy","itemSellerLocation":"","itemSellerName":"","trimmed":false,"url":"product/mens/designers-coat-jacket-navy-ainfmyne73","image":"https://s3.ca-central-1.amazonaws.com/demob2b2cs3.avetti.ca/store/20180522154/assets/items/images/AINFMYNE73.jpg","count":"12","assured":0,"itemization":0,"desc":"","store_featured":"","cat_featured":"","new_item":"","on_sale":"","select_button":true,"currency_sign":"$","itemStarRating":"","labels":{"list_price":"List Price","no_price":"Free","you_save":"You Save","save_plus":"Plus","points":"Points Awarded","callprice":"Call for pricing","quickinfo":"Quick Info"},"price":{"type":"normal","list_price":"1,000 ","save":{"percent":"4","value":"40 "},"value":{"integer":"960","decimal":"00"}},"properties":{"Sys_Merchandising_Priority":"989","Sys_Num_Images":"6","UPC":"370306980122304","Created_By_Supplier":"20210607177","Supplier_Item_Code":"M12","Material":"Wool","Color":"Navy Blue","createtime":"2020-12-23 04:59:29","Collor":"Fur Collar","Body_Size":"44","Pattern":"Plain","Upper_Mold":"Slim Fit","OFFERTYPE":"rfqcart","Sys_Order":"989"}},{"itemLargeImage":"store/20180522154/assets/items/largeimages/AIN8BANE73.jpg","id":307026,"code":"AIN8BANE73","title":"Designers Coat Jacket Navy","itemSellerLocation":"","itemSellerName":"","trimmed":false,"url":"product/mens/designers-coat-jacket-navy-ain8bane73","image":"https://s3.ca-central-1.amazonaws.com/demob2b2cs3.avetti.ca/store/20180522154/assets/items/images/AIN8BANE73.jpg","count":"13","assured":0,"itemization":0,"desc":"","store_featured":"","cat_featured":"","new_item":"","on_sale":"","select_button":true,"currency_sign":"$","itemStarRating":"","labels":{"list_price":"List Price","no_price":"Free","you_save":"You Save","save_plus":"Plus","points":"Points Awarded","callprice":"Call for pricing","quickinfo":"Quick Info"},"price":{"type":"normal","list_price":"1,520 ","save":{"percent":"8","value":"120 "},"value":{"integer":"1,400","decimal":"00"}},"properties":{"Sys_Merchandising_Priority":"988","Sys_Num_Images":"6","UPC":"370306981122304","Created_By_Supplier":"20210607177","Supplier_Item_Code":"M13","Material":"Polyester","Color":"Navy Blue","createtime":"2020-12-23 04:59:29","Collor":"Fur Collar","Body_Size":"46","Pattern":"Plain","Upper_Mold":"Slim Fit","OFFERTYPE":"rfqcart","Sys_Order":"988"}},{"itemLargeImage":"store/20180522154/assets/items/largeimages/AIN1ZKME73.jpg","id":307027,"code":"AIN1ZKME73","title":"Coat Jacket Brown","itemSellerLocation":"","itemSellerName":"","trimmed":false,"url":"product/mens/coat-jacket-brown-ain1zkme73","image":"https://s3.ca-central-1.amazonaws.com/demob2b2cs3.avetti.ca/store/20180522154/assets/items/images/AIN1ZKME73.jpg","count":"14","assured":0,"itemization":0,"desc":"","store_featured":"","cat_featured":"","new_item":"","on_sale":"","select_button":true,"currency_sign":"$","itemStarRating":"","labels":{"list_price":"List Price","no_price":"Free","you_save":"You Save","save_plus":"Plus","points":"Points Awarded","callprice":"Call for pricing","quickinfo":"Quick Info"},"price":{"type":"normal","list_price":"800 ","save":{"percent":"6","value":"50 "},"value":{"integer":"750","decimal":"00"}},"properties":{"Sys_Merchandising_Priority":"987","Sys_Num_Images":"6","UPC":"370306982122304","Created_By_Supplier":"20210607177","Supplier_Item_Code":"M14","Material":"Polyester","Color":"Brown","createtime":"2020-12-23 04:59:29","Collor":"Fur Collar","Body_Size":"48","Pattern":"Plain","Upper_Mold":"Regular Fit","OFFERTYPE":"rfqcart","Sys_Order":"987","Trending_Now":"Trending"}},{"itemLargeImage":"store/20180522154/assets/items/largeimages/AINTNVLE73.jpg","id":307028,"code":"AINTNVLE73","title":"Coat Jacket Grey","itemSellerLocation":"","itemSellerName":"","trimmed":false,"url":"product/mens/coat-jacket-grey-aintnvle73","image":"https://s3.ca-central-1.amazonaws.com/demob2b2cs3.avetti.ca/store/20180522154/assets/items/images/AINTNVLE73.jpg","count":"15","assured":0,"itemization":0,"desc":"","store_featured":"","cat_featured":"","new_item":"","on_sale":"","select_button":true,"currency_sign":"$","itemStarRating":"","labels":{"list_price":"List Price","no_price":"Free","you_save":"You Save","save_plus":"Plus","points":"Points Awarded","callprice":"Call for pricing","quickinfo":"Quick Info"},"price":{"type":"normal","list_price":"800 ","save":{"percent":"6","value":"50 "},"value":{"integer":"750","decimal":"00"}},"properties":{"Sys_Merchandising_Priority":"986","Sys_Num_Images":"6","UPC":"370306983122304","Created_By_Supplier":"20210607177","Supplier_Item_Code":"M15","Material":"Polyester","Color":"Grey","createtime":"2020-12-23 04:59:29","Collor":"Classic Collar","Body_Size":"50","Pattern":"Plain","Upper_Mold":"Regular Fit","OFFERTYPE":"rfqcart","Sys_Order":"986"}}],"itemsCount":"15","facets":[{"Price":[{"value":"[550.00 TO 749.99]","removeText":"Price: 550.00  - 749.99","text":"550.00  - 749.99","count":4},{"value":"[750.00 TO 799.99]","removeText":"Price: 750.00  - 799.99","text":"750.00  - 799.99","count":5},{"value":"[950.00 TO 999.99]","removeText":"Price: 950.00  - 999.99","text":"950.00  - 999.99","count":1},{"value":"[1000.00 TO 1499.99]","removeText":"Price: 1000.00  - 1499.99","text":"1000.00  - 1499.99","count":5}]},{"Reviews":[{"value":"[0.5 TO 1.5]","removeText":"Review: 1 Stars","text":1,"count":0},{"value":"[1.5 TO 2.5]","removeText":"Review: 2 Stars","text":2,"count":0},{"value":"[2.5 TO 3.5]","removeText":"Review: 3 Stars","text":3,"count":1},{"value":"[3.5 TO 4.5]","removeText":"Review: 4 Stars","text":4,"count":1},{"value":"[4.5 TO 5.5]","removeText":"Review: 5 Stars","text":5,"count":0}]},{"Other":[{"title":"Sellers","name":"Sellers","facetValues":[{"value":"4M Farms","removeText":"Sellers: 4M Farms","name":"Sellers","text":"4M Farms","count":0},{"value":"4M Farms121","removeText":"Sellers: 4M Farms121","name":"Sellers","text":"4M Farms121","count":0},{"value":"4MFARMS12111","removeText":"Sellers: 4MFARMS12111","name":"Sellers","text":"4MFARMS12111","count":0},{"value":"4m","removeText":"Sellers: 4m","name":"Sellers","text":"4m","count":0},{"value":"ABC Tekstil","removeText":"Sellers: ABC Tekstil","name":"Sellers","text":"ABC Tekstil","count":0},{"value":"ABC Tekstil1","removeText":"Sellers: ABC Tekstil1","name":"Sellers","text":"ABC Tekstil1","count":0},{"value":"Abakli","removeText":"Sellers: Abakli","name":"Sellers","text":"Abakli","count":0},{"value":"Abc","removeText":"Sellers: Abc","name":"Sellers","text":"Abc","count":0},{"value":"Abc Store","removeText":"Sellers: Abc Store","name":"Sellers","text":"Abc Store","count":0},{"value":"Acarer","removeText":"Sellers: Acarer","name":"Sellers","text":"Acarer","count":0},{"value":"Ahmet","removeText":"Sellers: Ahmet","name":"Sellers","text":"Ahmet","count":0},{"value":"Brandos","removeText":"Sellers: Brandos","name":"Sellers","text":"Brandos","count":0},{"value":"Cagin Office Furniture","removeText":"Sellers: Cagin Office Furniture","name":"Sellers","text":"Cagin Office Furniture","count":0},{"value":"Canaberta","removeText":"Sellers: Canaberta","name":"Sellers","text":"Canaberta","count":0},{"value":"CasaCraft","removeText":"Sellers: CasaCraft","name":"Sellers","text":"CasaCraft","count":0},{"value":"Chimney Cake","removeText":"Sellers: Chimney Cake","name":"Sellers","text":"Chimney Cake","count":0},{"value":"Cimra Sauce","removeText":"Sellers: Cimra Sauce","name":"Sellers","text":"Cimra Sauce","count":0},{"value":"DATEKS","removeText":"Sellers: DATEKS","name":"Sellers","text":"DATEKS","count":0},{"value":"Dateks","removeText":"Sellers: Dateks","name":"Sellers","text":"Dateks","count":0},{"value":"Delta Ofis","removeText":"Sellers: Delta Ofis","name":"Sellers","text":"Delta Ofis","count":0},{"value":"Elak","removeText":"Sellers: Elak","name":"Sellers","text":"Elak","count":0},{"value":"Enne","removeText":"Sellers: Enne","name":"Sellers","text":"Enne","count":0},{"value":"Essa Veterinary Services","removeText":"Sellers: Essa Veterinary Services","name":"Sellers","text":"Essa Veterinary Services","count":0},{"value":"Flavon Max Canada","removeText":"Sellers: Flavon Max Canada","name":"Sellers","text":"Flavon Max Canada","count":0},{"value":"Giordano","removeText":"Sellers: Giordano","name":"Sellers","text":"Giordano","count":0},{"value":"Heenas Curry House","removeText":"Sellers: Heenas Curry House","name":"Sellers","text":"Heenas Curry House","count":0},{"value":"Istanbul Masko","removeText":"Sellers: Istanbul Masko","name":"Sellers","text":"Istanbul Masko","count":0},{"value":"Izmir","removeText":"Sellers: Izmir","name":"Sellers","text":"Izmir","count":0},{"value":"Jakamen","removeText":"Sellers: Jakamen","name":"Sellers","text":"Jakamen","count":0},{"value":"Jrcc Furniture Depot","removeText":"Sellers: Jrcc Furniture Depot","name":"Sellers","text":"Jrcc Furniture Depot","count":0},{"value":"Kirill","removeText":"Sellers: Kirill","name":"Sellers","text":"Kirill","count":0},{"value":"KirillBarsukov","removeText":"Sellers: KirillBarsukov","name":"Sellers","text":"KirillBarsukov","count":0},{"value":"Lamblicious","removeText":"Sellers: Lamblicious","name":"Sellers","text":"Lamblicious","count":0},{"value":"Maltepe","removeText":"Sellers: Maltepe","name":"Sellers","text":"Maltepe","count":0},{"value":"Mariana's clothing","removeText":"Sellers: Mariana's clothing","name":"Sellers","text":"Mariana's clothing","count":0},{"value":"Marios Pizza","removeText":"Sellers: Marios Pizza","name":"Sellers","text":"Marios Pizza","count":0},{"value":"Matalan","removeText":"Sellers: Matalan","name":"Sellers","text":"Matalan","count":15},{"value":"NDesign","removeText":"Sellers: NDesign","name":"Sellers","text":"NDesign","count":0},{"value":"Ndesign","removeText":"Sellers: Ndesign","name":"Sellers","text":"Ndesign","count":0},{"value":"OTIAD","removeText":"Sellers: OTIAD","name":"Sellers","text":"OTIAD","count":6},{"value":"Prairie City Soap","removeText":"Sellers: Prairie City Soap","name":"Sellers","text":"Prairie City Soap","count":0},{"value":"Raisin the Root","removeText":"Sellers: Raisin the Root","name":"Sellers","text":"Raisin the Root","count":0},{"value":"React Clothes","removeText":"Sellers: React Clothes","name":"Sellers","text":"React Clothes","count":0},{"value":"Say Cheese","removeText":"Sellers: Say Cheese","name":"Sellers","text":"Say Cheese","count":0},{"value":"TETSIAD","removeText":"Sellers: TETSIAD","name":"Sellers","text":"TETSIAD","count":0},{"value":"Testing Brandddd","removeText":"Sellers: Testing Brandddd","name":"Sellers","text":"Testing Brandddd","count":0},{"value":"The Scented Lair","removeText":"Sellers: The Scented Lair","name":"Sellers","text":"The Scented Lair","count":0},{"value":"Timberwind Farm","removeText":"Sellers: Timberwind Farm","name":"Sellers","text":"Timberwind Farm","count":0},{"value":"Woodsworth","removeText":"Sellers: Woodsworth","name":"Sellers","text":"Woodsworth","count":0}]},{"title":"Material","name":"Material","facetValues":[{"value":"Acrylic","removeText":"Material: Acrylic","name":"Material","text":"Acrylic","count":0},{"value":"Beading","removeText":"Material: Beading","name":"Material","text":"Beading","count":0},{"value":"Brass","removeText":"Material: Brass","name":"Material","text":"Brass","count":0},{"value":"Cane","removeText":"Material: Cane","name":"Material","text":"Cane","count":0},{"value":"Ceramic","removeText":"Material: Ceramic","name":"Material","text":"Ceramic","count":0},{"value":"Chenille","removeText":"Material: Chenille","name":"Material","text":"Chenille","count":0},{"value":"Cotton","removeText":"Material: Cotton","name":"Material","text":"Cotton","count":1},{"value":"Crepe","removeText":"Material: Crepe","name":"Material","text":"Crepe","count":0},{"value":"Engineered Wood","removeText":"Material: Engineered Wood","name":"Material","text":"Engineered Wood","count":0},{"value":"Fabric","removeText":"Material: Fabric","name":"Material","text":"Fabric","count":0},{"value":"Fiber","removeText":"Material: Fiber","name":"Material","text":"Fiber","count":0},{"value":"Georgette","removeText":"Material: Georgette","name":"Material","text":"Georgette","count":0},{"value":"Glass","removeText":"Material: Glass","name":"Material","text":"Glass","count":0},{"value":"Iron","removeText":"Material: Iron","name":"Material","text":"Iron","count":0},{"value":"Kashmiri","removeText":"Material: Kashmiri","name":"Material","text":"Kashmiri","count":0},{"value":"Marble","removeText":"Material: Marble","name":"Material","text":"Marble","count":0},{"value":"Metal","removeText":"Material: Metal","name":"Material","text":"Metal","count":0},{"value":"Metal and Glass","removeText":"Material: Metal and Glass","name":"Material","text":"Metal and Glass","count":0},{"value":"Mikado","removeText":"Material: Mikado","name":"Material","text":"Mikado","count":0},{"value":"Nylon","removeText":"Material: Nylon","name":"Material","text":"Nylon","count":0},{"value":"Plastic","removeText":"Material: Plastic","name":"Material","text":"Plastic","count":0},{"value":"Poliester","removeText":"Material: Poliester","name":"Material","text":"Poliester","count":0},{"value":"Polyester","removeText":"Material: Polyester","name":"Material","text":"Polyester","count":9},{"value":"Polyurethane","removeText":"Material: Polyurethane","name":"Material","text":"Polyurethane","count":2},{"value":"Rubber Wood","removeText":"Material: Rubber Wood","name":"Material","text":"Rubber Wood","count":0},{"value":"Sequin","removeText":"Material: Sequin","name":"Material","text":"Sequin","count":0},{"value":"Silk","removeText":"Material: Silk","name":"Material","text":"Silk","count":0},{"value":"Steel","removeText":"Material: Steel","name":"Material","text":"Steel","count":0},{"value":"Teak Wood","removeText":"Material: Teak Wood","name":"Material","text":"Teak Wood","count":0},{"value":"Velvet","removeText":"Material: Velvet","name":"Material","text":"Velvet","count":0},{"value":"Wood","removeText":"Material: Wood","name":"Material","text":"Wood","count":0},{"value":"Wool","removeText":"Material: Wool","name":"Material","text":"Wool","count":3}]},{"title":"Featured_Facet","name":"Featured_Facet","facetValues":[{"value":"Cocktail Dresses","removeText":"Featured_Facet: Cocktail Dresses","name":"Featured_Facet","text":"Cocktail Dresses","count":0},{"value":"Kids Dress","removeText":"Featured_Facet: Kids Dress","name":"Featured_Facet","text":"Kids Dress","count":0},{"value":"Kids Sweatshirt","removeText":"Featured_Facet: Kids Sweatshirt","name":"Featured_Facet","text":"Kids Sweatshirt","count":0},{"value":"Men Jackets","removeText":"Featured_Facet: Men Jackets","name":"Featured_Facet","text":"Men Jackets","count":12},{"value":"Raincoat","removeText":"Featured_Facet: Raincoat","name":"Featured_Facet","text":"Raincoat","count":2},{"value":"Shirt","removeText":"Featured_Facet: Shirt","name":"Featured_Facet","text":"Shirt","count":0},{"value":"Wedding Dress","removeText":"Featured_Facet: Wedding Dress","name":"Featured_Facet","text":"Wedding Dress","count":0},{"value":"Women Jacket","removeText":"Featured_Facet: Women Jacket","name":"Featured_Facet","text":"Women Jacket","count":0}]}]}]}