{"page":1,"cid":"520377","url":"shopping/womens","name":"Women&#39;s","meta":{"metadescription":"","metakeywords":""},"image":"/20180522154/assets/category/images/womens.jpg","thumbnail":"/20180522154/assets/category/thumbnails/womensthumbnail.jpg","description":"Women","numberOfPages":"2","items":[{"itemLargeImage":"store/20180522154/assets/items/largeimages/AINN8XOKJ2.jpg","id":321179,"code":"AINN8XOKJ2","title":"Snake Print Peplum Top","itemSellerLocation":"","itemSellerName":"","trimmed":false,"url":"product/womens/snake-print-peplum-top-ainn8xokj2","image":"https://s3.ca-central-1.amazonaws.com/demob2b2cs3.avetti.ca/store/20180522154/assets/items/images/AINN8XOKJ2.jpg","count":"1","assured":0,"itemization":0,"desc":"Snake Print Peplum Top","store_featured":"","cat_featured":"","new_item":"","on_sale":"","select_button":true,"currency_sign":"$","itemStarRating":"","labels":{"list_price":"List Price","no_price":"Free","you_save":"You Save","save_plus":"Plus","points":"Points Awarded","callprice":"Call for pricing","quickinfo":"Quick Info"},"price":{"type":"default","value":{"integer":"550","decimal":"00"}},"properties":{"Sys_Merchandising_Priority":"9999","Sys_Num_Images":"4","UPC":"","Created_By_Supplier":"20210607177","Supplier_Item_Code":"PRODUCT001-S-B","Sys_Package_Price_Enabled":"False","Size":"Small","Color":"Black","createtime":"2021-07-05 10:07:07","Sleeves":"Full","Pattern":"Snake Print","Neckline":"V-neck","Curbside_Pickup":"Al Nahda St - Al NahdaAl Nahda 1 - Sharjah - United Arab Emirates"}},{"itemLargeImage":"store/20180522154/assets/items/largeimages/AIN34RZUX0.jpg","id":315627,"code":"AIN34RZUX0","title":"Bell Sleeve Fit & Flare Dress","itemSellerLocation":"","itemSellerName":"","trimmed":false,"url":"product/womens/bell-sleeve-fit-flare-dress-ain34rzux0","image":"https://s3.ca-central-1.amazonaws.com/demob2b2cs3.avetti.ca/store/20180522154/assets/items/images/AIN34RZUX0.jpg","count":"2","assured":0,"itemization":0,"desc":"","store_featured":"","cat_featured":"","new_item":"","on_sale":"","select_button":true,"currency_sign":"$","itemStarRating":"","labels":{"list_price":"List Price","no_price":"Free","you_save":"You Save","save_plus":"Plus","points":"Points Awarded","callprice":"Call for pricing","quickinfo":"Quick Info"},"price":{"type":"normal","list_price":"1,200 ","save":{"percent":"17","value":"200 "},"value":{"integer":"1,000","decimal":"00"}},"properties":{"Sys_Merchandising_Priority":"1000","Sys_Num_Images":"6","UPC":"378315621020407","Created_By_Supplier":"20210607180","Supplier_Item_Code":"A-WOMEN-1","Material":"Beading","Color":"Red","createtime":"2021-02-04 07:58:28","Sleeves":"Sleeveless","Back_Neckline":"Straps","Cut":"A-line","Neckline":"Straps","ITEM_TYPE":"2","Sys_Order":"1000"}},{"itemLargeImage":"store/20180522154/assets/items/largeimages/AIN7A9EM73.jpg","id":315656,"code":"AIN7A9EM73","title":"Wedding Dresses","itemSellerLocation":"","itemSellerName":"","trimmed":false,"url":"product/womens/wedding-dresses-ain7a9em73","image":"https://s3.ca-central-1.amazonaws.com/demob2b2cs3.avetti.ca/store/20180522154/assets/items/images/AIN7A9EM73.jpg","count":"3","assured":0,"itemization":0,"desc":"","store_featured":"","cat_featured":"","new_item":"","on_sale":"","select_button":true,"currency_sign":"$","itemStarRating":"","labels":{"list_price":"List Price","no_price":"Free","you_save":"You Save","save_plus":"Plus","points":"Points Awarded","callprice":"Call for pricing","quickinfo":"Quick Info"},"price":{"type":"normal","list_price":"1,200 ","save":{"percent":"17","value":"200 "},"value":{"integer":"1,000","decimal":"00"}},"properties":{"Sys_Merchandising_Priority":"999","Sys_Num_Images":"6","UPC":"374315633020409","Created_By_Supplier":"20210607179","Supplier_Item_Code":"AB-W-1","Sys_Package_Price_Enabled":"False","Material":"Beading","Color":"White","createtime":"2021-02-04 09:52:36","Sleeves":"Sleeveless","Back_Neckline":"Straps","Cut":"A-line","Neckline":"Straps","OFFERTYPE":"rfqonly","Sys_Order":"999"}},{"itemLargeImage":"store/20180522154/assets/items/largeimages/AIN64X5282.jpg","id":307029,"code":"AIN64X5282","title":"Black Solid Bomber Jacket","itemSellerLocation":"","itemSellerName":"","trimmed":false,"url":"product/womens/black-solid-bomber-jacket-ain64x5282","image":"https://s3.ca-central-1.amazonaws.com/demob2b2cs3.avetti.ca/store/20180522154/assets/items/images/AIN64X5282.jpg","count":"4","assured":0,"itemization":0,"desc":"","store_featured":"","cat_featured":"","new_item":"","on_sale":"","select_button":true,"currency_sign":"$","itemStarRating":"","labels":{"list_price":"List Price","no_price":"Free","you_save":"You Save","save_plus":"Plus","points":"Points Awarded","callprice":"Call for pricing","quickinfo":"Quick Info"},"price":{"type":"normal","list_price":"750 ","save":{"percent":"7","value":"50 "},"value":{"integer":"700","decimal":"00"}},"properties":{"Sys_Merchandising_Priority":"998","Sys_Num_Images":"6","UPC":"370306984122305","Created_By_Supplier":"20210607177","Supplier_Item_Code":"W1","Material":"Cotton","Color":"Black","createtime":"2020-12-23 05:50:40","Collor":"High Neck","Upper_Mold":"Regular Fit","OFFERTYPE":"rfqcart","Sys_Order":"998","Trending_Now":"Trending"}},{"itemLargeImage":"store/20180522154/assets/items/largeimages/AINJWC25U0.jpg","id":315628,"code":"AINJWC25U0","title":"Classic Elegance Mock Neck Sleeveless Sa...","itemSellerLocation":"","itemSellerName":"","trimmed":false,"url":"product/womens/classic-elegance-mock-neck-sleeveless-satin-gown-ainjwc25u0","image":"https://s3.ca-central-1.amazonaws.com/demob2b2cs3.avetti.ca/store/20180522154/assets/items/images/AINJWC25U0.jpg","count":"5","assured":0,"itemization":0,"desc":"","store_featured":"","cat_featured":"","new_item":"","on_sale":"","select_button":true,"currency_sign":"$","itemStarRating":"","labels":{"list_price":"List Price","no_price":"Free","you_save":"You Save","save_plus":"Plus","points":"Points Awarded","callprice":"Call for pricing","quickinfo":"Quick Info"},"price":{"type":"normal","list_price":"1,520 ","save":{"percent":"8","value":"120 "},"value":{"integer":"1,400","decimal":"00"}},"properties":{"Sys_Merchandising_Priority":"997","Sys_Num_Images":"6","UPC":"378315622020407","Created_By_Supplier":"20210607180","Supplier_Item_Code":"A-WOMEN-2","Material":"Beading","Color":"Pink","createtime":"2021-02-04 07:58:28","Sleeves":"Sleeveless","Back_Neckline":"Straps","Cut":"Midi","Neckline":"Straps","ITEM_TYPE":"2","Sys_Order":"997"}},{"itemLargeImage":"store/20180522154/assets/items/largeimages/AIN5HGYPP2.jpg","id":315657,"code":"AIN5HGYPP2","title":"Designer Dresses","itemSellerLocation":"","itemSellerName":"","trimmed":false,"url":"product/womens/designer-dresses-ain5hgypp2","image":"https://s3.ca-central-1.amazonaws.com/demob2b2cs3.avetti.ca/store/20180522154/assets/items/images/AIN5HGYPP2.jpg","count":"6","assured":0,"itemization":0,"desc":"","store_featured":"","cat_featured":"","new_item":"","on_sale":"","select_button":true,"currency_sign":"$","itemStarRating":"","labels":{"list_price":"List Price","no_price":"Free","you_save":"You Save","save_plus":"Plus","points":"Points Awarded","callprice":"Call for pricing","quickinfo":"Quick Info"},"price":{"type":"normal","list_price":"1,520 ","save":{"percent":"8","value":"120 "},"value":{"integer":"1,400","decimal":"00"}},"properties":{"Sys_Merchandising_Priority":"996","Sys_Num_Images":"6","UPC":"374315634020409","Created_By_Supplier":"20210607179","Supplier_Item_Code":"AB-W-2","Sys_Package_Price_Enabled":"False","Material":"Beading","Color":"Yellow","createtime":"2021-02-04 09:52:36","Sleeves":"Sleeveless","Back_Neckline":"Straps","Cut":"Midi","Neckline":"Straps","OFFERTYPE":"rfqonly","Sys_Order":"996"}},{"itemLargeImage":"store/20180522154/assets/items/largeimages/AINOBW5282.jpg","id":307030,"code":"AINOBW5282","title":"Beige Solid Bomber Jacket","itemSellerLocation":"","itemSellerName":"","trimmed":false,"url":"product/womens/beige-solid-bomber-jacket-ainobw5282","image":"https://s3.ca-central-1.amazonaws.com/demob2b2cs3.avetti.ca/store/20180522154/assets/items/images/AINOBW5282.jpg","count":"7","assured":0,"itemization":0,"desc":"","store_featured":"","cat_featured":"","new_item":"","on_sale":"","select_button":true,"currency_sign":"$","itemStarRating":"","labels":{"list_price":"List Price","no_price":"Free","you_save":"You Save","save_plus":"Plus","points":"Points Awarded","callprice":"Call for pricing","quickinfo":"Quick Info"},"price":{"type":"normal","list_price":"600 ","save":{"percent":"8","value":"50 "},"value":{"integer":"550","decimal":"00"}},"properties":{"Sys_Merchandising_Priority":"995","Sys_Num_Images":"6","UPC":"370306985122305","Created_By_Supplier":"20210607177","Supplier_Item_Code":"W2","Material":"Cotton","Color":"Beige","createtime":"2020-12-23 05:50:40","Collor":"High Neck","Upper_Mold":"Regular Fit","OFFERTYPE":"rfqcart","Sys_Order":"995","Trending_Now":"Trending"}},{"itemLargeImage":"store/20180522154/assets/items/largeimages/AINZPX3EQ0.jpg","id":315629,"code":"AINZPX3EQ0","title":"Strapless High/Low Ballgown","itemSellerLocation":"","itemSellerName":"","trimmed":false,"url":"product/womens/strapless-high-low-ballgown-ainzpx3eq0","image":"https://s3.ca-central-1.amazonaws.com/demob2b2cs3.avetti.ca/store/20180522154/assets/items/images/AINZPX3EQ0.jpg","count":"8","assured":0,"itemization":0,"desc":"","store_featured":"","cat_featured":"","new_item":"","on_sale":"","select_button":true,"currency_sign":"$","itemStarRating":"","labels":{"list_price":"List Price","no_price":"Free","you_save":"You Save","save_plus":"Plus","points":"Points Awarded","callprice":"Call for pricing","quickinfo":"Quick Info"},"price":{"type":"normal","list_price":"1,200 ","save":{"percent":"17","value":"200 "},"value":{"integer":"1,000","decimal":"00"}},"properties":{"Sys_Merchandising_Priority":"994","Sys_Num_Images":"6","UPC":"378315623020407","Created_By_Supplier":"20210607180","Supplier_Item_Code":"A-WOMEN-3","Material":"Georgette","Color":"Purple","createtime":"2021-02-04 07:58:28","Sleeves":"Butterfly","Back_Neckline":"Keyhole","Cut":"Column","Neckline":"V-neck","ITEM_TYPE":"2","Sys_Order":"994"}},{"itemLargeImage":"store/20180522154/assets/items/largeimages/AIN3ONJT82.jpg","id":315658,"code":"AIN3ONJT82","title":"Cocktail Dresses","itemSellerLocation":"","itemSellerName":"","trimmed":false,"url":"product/womens/cocktail-dresses-ain3onjt82","image":"https://s3.ca-central-1.amazonaws.com/demob2b2cs3.avetti.ca/store/20180522154/assets/items/images/AIN3ONJT82.jpg","count":"9","assured":0,"itemization":0,"desc":"","store_featured":"","cat_featured":"","new_item":"","on_sale":"","select_button":true,"currency_sign":"$","itemStarRating":"","labels":{"list_price":"List Price","no_price":"Free","you_save":"You Save","save_plus":"Plus","points":"Points Awarded","callprice":"Call for pricing","quickinfo":"Quick Info"},"price":{"type":"normal","list_price":"1,200 ","save":{"percent":"17","value":"200 "},"value":{"integer":"1,000","decimal":"00"}},"properties":{"Sys_Merchandising_Priority":"993","Sys_Num_Images":"6","UPC":"374315635020409","Created_By_Supplier":"20210607179","Supplier_Item_Code":"AB-W-3","Sys_Package_Price_Enabled":"False","Material":"Georgette","Color":"Black","createtime":"2021-02-04 09:52:36","Sleeves":"Butterfly","Back_Neckline":"Keyhole","Cut":"Column","Neckline":"V-neck","OFFERTYPE":"rfqonly","Sys_Order":"993"}},{"itemLargeImage":"store/20180522154/assets/items/largeimages/AIN7JV5282.jpg","id":307031,"code":"AIN7JV5282","title":"Black Solid Bomber Jacket","itemSellerLocation":"","itemSellerName":"","trimmed":false,"url":"product/womens/black-solid-bomber-jacket-ain7jv5282","image":"https://s3.ca-central-1.amazonaws.com/demob2b2cs3.avetti.ca/store/20180522154/assets/items/images/AIN7JV5282.jpg","count":"10","assured":0,"itemization":0,"desc":"","store_featured":"","cat_featured":"","new_item":"","on_sale":"","select_button":true,"currency_sign":"$","itemStarRating":"","labels":{"list_price":"List Price","no_price":"Free","you_save":"You Save","save_plus":"Plus","points":"Points Awarded","callprice":"Call for pricing","quickinfo":"Quick Info"},"price":{"type":"normal","list_price":"800 ","save":{"percent":"6","value":"50 "},"value":{"integer":"750","decimal":"00"}},"properties":{"Sys_Merchandising_Priority":"992","Sys_Num_Images":"6","UPC":"370306986122305","Created_By_Supplier":"20210607177","Supplier_Item_Code":"W3","Material":"Polyester","Color":"Black","createtime":"2020-12-23 05:50:40","Collor":"Collar Neck","Upper_Mold":"Loose","OFFERTYPE":"rfqcart","Sys_Order":"992"}},{"itemLargeImage":"store/20180522154/assets/items/largeimages/AINGJJ5NM0.jpg","id":315630,"code":"AINGJJ5NM0","title":"Lace & Crepe Column Gown","itemSellerLocation":"","itemSellerName":"","trimmed":false,"url":"product/womens/lace-crepe-column-gown-aingjj5nm0","image":"https://s3.ca-central-1.amazonaws.com/demob2b2cs3.avetti.ca/store/20180522154/assets/items/images/AINGJJ5NM0.jpg","count":"11","assured":0,"itemization":0,"desc":"","store_featured":"","cat_featured":"","new_item":"","on_sale":"","select_button":true,"currency_sign":"$","itemStarRating":"","labels":{"list_price":"List Price","no_price":"Free","you_save":"You Save","save_plus":"Plus","points":"Points Awarded","callprice":"Call for pricing","quickinfo":"Quick Info"},"price":{"type":"normal","list_price":"1,520 ","save":{"percent":"8","value":"120 "},"value":{"integer":"1,400","decimal":"00"}},"properties":{"Sys_Merchandising_Priority":"991","Sys_Num_Images":"6","UPC":"378315624020407","Created_By_Supplier":"20210607180","Supplier_Item_Code":"A-WOMEN-4","Material":"Mikado","Color":"Blue","createtime":"2021-02-04 07:58:28","Sleeves":"Butterfly","Back_Neckline":"Bateau","Cut":"A-line","Neckline":"Queen Anne","ITEM_TYPE":"2","Sys_Order":"991"}},{"itemLargeImage":"store/20180522154/assets/items/largeimages/AINPQU5282.jpg","id":307032,"code":"AINPQU5282","title":"Olive Solid Bomber Jacket","itemSellerLocation":"","itemSellerName":"","trimmed":false,"url":"product/womens/olive-solid-bomber-jacket-ainpqu5282","image":"https://s3.ca-central-1.amazonaws.com/demob2b2cs3.avetti.ca/store/20180522154/assets/items/images/AINPQU5282.jpg","count":"12","assured":0,"itemization":0,"desc":"","store_featured":"","cat_featured":"","new_item":"","on_sale":"","select_button":true,"currency_sign":"$","itemStarRating":"","labels":{"list_price":"List Price","no_price":"Free","you_save":"You Save","save_plus":"Plus","points":"Points Awarded","callprice":"Call for pricing","quickinfo":"Quick Info"},"price":{"type":"normal","list_price":"750 ","save":{"percent":"7","value":"50 "},"value":{"integer":"700","decimal":"00"}},"properties":{"Sys_Merchandising_Priority":"990","Sys_Num_Images":"6","UPC":"370306987122305","Created_By_Supplier":"20210607177","Supplier_Item_Code":"W4","Material":"Nylon","Color":"Olive","createtime":"2020-12-23 05:50:40","Collor":"High Neck","Upper_Mold":"Regular Fit","OFFERTYPE":"rfqcart","Sys_Order":"990"}},{"itemLargeImage":"store/20180522154/assets/items/largeimages/AINWC57WI0.jpg","id":315631,"code":"AINWC57WI0","title":"Crepe Column Gown","itemSellerLocation":"","itemSellerName":"","trimmed":false,"url":"product/womens/crepe-column-gown-ainwc57wi0","image":"https://s3.ca-central-1.amazonaws.com/demob2b2cs3.avetti.ca/store/20180522154/assets/items/images/AINWC57WI0.jpg","count":"13","assured":0,"itemization":0,"desc":"","store_featured":"","cat_featured":"","new_item":"","on_sale":"","select_button":true,"currency_sign":"$","itemStarRating":"","labels":{"list_price":"List Price","no_price":"Free","you_save":"You Save","save_plus":"Plus","points":"Points Awarded","callprice":"Call for pricing","quickinfo":"Quick Info"},"price":{"type":"normal","list_price":"1,000 ","save":{"percent":"4","value":"40 "},"value":{"integer":"960","decimal":"00"}},"properties":{"Sys_Merchandising_Priority":"989","Sys_Num_Images":"6","UPC":"378315625020407","Created_By_Supplier":"20210607180","Supplier_Item_Code":"A-WOMEN-5","Material":"Crepe","Color":"Blue","createtime":"2021-02-04 07:58:28","Sleeves":"Sleeveless","Back_Neckline":"Open","Cut":"Column","Neckline":"Asymmetrical","ITEM_TYPE":"2","Sys_Order":"989"}},{"itemLargeImage":"store/20180522154/assets/items/largeimages/AIN8YT5282.jpg","id":307033,"code":"AIN8YT5282","title":"Black Solid Bomber Jacket","itemSellerLocation":"","itemSellerName":"","trimmed":false,"url":"product/womens/black-solid-bomber-jacket-ain8yt5282","image":"https://s3.ca-central-1.amazonaws.com/demob2b2cs3.avetti.ca/store/20180522154/assets/items/images/AIN8YT5282.jpg","count":"14","assured":0,"itemization":0,"desc":"","store_featured":"","cat_featured":"","new_item":"","on_sale":"","select_button":true,"currency_sign":"$","itemStarRating":"","labels":{"list_price":"List Price","no_price":"Free","you_save":"You Save","save_plus":"Plus","points":"Points Awarded","callprice":"Call for pricing","quickinfo":"Quick Info"},"price":{"type":"normal","list_price":"600 ","save":{"percent":"8","value":"50 "},"value":{"integer":"550","decimal":"00"}},"properties":{"Sys_Merchandising_Priority":"988","Sys_Num_Images":"6","UPC":"370306988122305","Created_By_Supplier":"20210607177","Supplier_Item_Code":"W5","Sys_Package_Price_Enabled":"False","Material":"Polyester","Color":"Black","createtime":"2020-12-23 05:50:41","Collor":"Mandarin Neck","Upper_Mold":"Regular Fit","OFFERTYPE":"rfqcart","Sys_Order":"988"}},{"itemLargeImage":"store/20180522154/assets/items/largeimages/AIND6Q86F0.jpg","id":315632,"code":"AIND6Q86F0","title":"Strapless Satin Twill A-Line Gown","itemSellerLocation":"","itemSellerName":"","trimmed":false,"url":"product/womens/strapless-satin-twill-a-line-gown-aind6q86f0","image":"https://s3.ca-central-1.amazonaws.com/demob2b2cs3.avetti.ca/store/20180522154/assets/items/images/AIND6Q86F0.jpg","count":"15","assured":0,"itemization":0,"desc":"","store_featured":"","cat_featured":"","new_item":"","on_sale":"","select_button":true,"currency_sign":"$","itemStarRating":"","labels":{"list_price":"List Price","no_price":"Free","you_save":"You Save","save_plus":"Plus","points":"Points Awarded","callprice":"Call for pricing","quickinfo":"Quick Info"},"price":{"type":"normal","list_price":"1,520 ","save":{"percent":"8","value":"120 "},"value":{"integer":"1,400","decimal":"00"}},"properties":{"Sys_Merchandising_Priority":"987","Sys_Num_Images":"6","UPC":"378315626020407","Created_By_Supplier":"20210607180","Supplier_Item_Code":"A-WOMEN-6","Material":"Crepe","Color":"Blue","createtime":"2021-02-04 07:58:28","Sleeves":"Short","Back_Neckline":"Keyhole","Cut":"Column","Neckline":"Crew","ITEM_TYPE":"2","Sys_Order":"987"}},{"itemLargeImage":"store/20180522154/assets/items/largeimages/AINQ6T5282.jpg","id":307034,"code":"AINQ6T5282","title":"The Chic Look Yellow Jacket","itemSellerLocation":"","itemSellerName":"","trimmed":false,"url":"product/womens/the-chic-look-yellow-jacket-ainq6t5282","image":"https://s3.ca-central-1.amazonaws.com/demob2b2cs3.avetti.ca/store/20180522154/assets/items/images/AINQ6T5282.jpg","count":"16","assured":0,"itemization":0,"desc":"","store_featured":"","cat_featured":"","new_item":"","on_sale":"","select_button":true,"currency_sign":"$","itemStarRating":"","labels":{"list_price":"List Price","no_price":"Free","you_save":"You Save","save_plus":"Plus","points":"Points Awarded","callprice":"Call for pricing","quickinfo":"Quick Info"},"price":{"type":"normal","list_price":"800 ","save":{"percent":"6","value":"50 "},"value":{"integer":"750","decimal":"00"}},"properties":{"Sys_Merchandising_Priority":"986","Sys_Num_Images":"6","UPC":"370306989122305","Created_By_Supplier":"20210607177","Supplier_Item_Code":"W6","Material":"Polyester","Color":"Yellow","createtime":"2020-12-23 05:50:41","Collor":"High Neck","Upper_Mold":"Regular Fit","OFFERTYPE":"rfqcart","Sys_Order":"986","Trending_Now":"Trending"}},{"itemLargeImage":"store/20180522154/assets/items/largeimages/AINNWB5282.jpg","id":307035,"code":"AINNWB5282","title":"Spirit Navy Blue Bomber Jacket","itemSellerLocation":"","itemSellerName":"","trimmed":false,"url":"product/womens/spirit-navy-blue-bomber-jacket-ainnwb5282","image":"https://s3.ca-central-1.amazonaws.com/demob2b2cs3.avetti.ca/store/20180522154/assets/items/images/AINNWB5282.jpg","count":"17","assured":0,"itemization":0,"desc":"","store_featured":"","cat_featured":"","new_item":"","on_sale":"","select_button":true,"currency_sign":"$","itemStarRating":"","labels":{"list_price":"List Price","no_price":"Free","you_save":"You Save","save_plus":"Plus","points":"Points Awarded","callprice":"Call for pricing","quickinfo":"Quick Info"},"price":{"type":"normal","list_price":"800 ","save":{"percent":"6","value":"50 "},"value":{"integer":"750","decimal":"00"}},"properties":{"Sys_Merchandising_Priority":"985","Sys_Num_Images":"6","UPC":"370306990122305","Created_By_Supplier":"20210607177","Supplier_Item_Code":"W7","Material":"Polyester","Color":"Navy Blue","createtime":"2020-12-23 05:50:41","Collor":"Mandarin Neck","Upper_Mold":"Regular Fit","OFFERTYPE":"rfqcart","Sys_Order":"985","Trending_Now":"Trending"}},{"itemLargeImage":"store/20180522154/assets/items/largeimages/AIN65B5282.jpg","id":307036,"code":"AIN65B5282","title":"Silver Be Spotlight Ready Dress","itemSellerLocation":"","itemSellerName":"","trimmed":false,"url":"product/womens/silver-be-spotlight-ready-dress-ain65b5282","image":"https://s3.ca-central-1.amazonaws.com/demob2b2cs3.avetti.ca/store/20180522154/assets/items/images/AIN65B5282.jpg","count":"18","assured":0,"itemization":0,"desc":"","store_featured":"","cat_featured":"","new_item":"","on_sale":"","select_button":true,"currency_sign":"$","itemStarRating":"","labels":{"list_price":"List Price","no_price":"Free","you_save":"You Save","save_plus":"Plus","points":"Points Awarded","callprice":"Call for pricing","quickinfo":"Quick Info"},"price":{"type":"normal","list_price":"1,200 ","save":{"percent":"17","value":"200 "},"value":{"integer":"1,000","decimal":"00"}},"properties":{"Sys_Merchandising_Priority":"984","Sys_Num_Images":"6","UPC":"370306991122305","Created_By_Supplier":"20210607177","Supplier_Item_Code":"W8","Material":"Sequin","Color":"Silver","createtime":"2020-12-23 05:50:41","Sleeves":"Sleeveless","Upper_Mold":"Comfortable","Back_Neckline":"Open","Cut":"A-line","Neckline":"Stapless","OFFERTYPE":"rfqcart","Sys_Order":"984"}},{"itemLargeImage":"store/20180522154/assets/items/largeimages/AINOCA5282.jpg","id":307037,"code":"AINOCA5282","title":"Powder Pink Sunrise Sequin Dress","itemSellerLocation":"","itemSellerName":"","trimmed":false,"url":"product/womens/powder-pink-sunrise-sequin-dress-ainoca5282","image":"https://s3.ca-central-1.amazonaws.com/demob2b2cs3.avetti.ca/store/20180522154/assets/items/images/AINOCA5282.jpg","count":"19","assured":0,"itemization":0,"desc":"","store_featured":"","cat_featured":"","new_item":"","on_sale":"","select_button":true,"currency_sign":"$","itemStarRating":"","labels":{"list_price":"List Price","no_price":"Free","you_save":"You Save","save_plus":"Plus","points":"Points Awarded","callprice":"Call for pricing","quickinfo":"Quick Info"},"price":{"type":"normal","list_price":"1,520 ","save":{"percent":"8","value":"120 "},"value":{"integer":"1,400","decimal":"00"}},"properties":{"Sys_Merchandising_Priority":"983","Sys_Num_Images":"6","UPC":"370306992122305","Created_By_Supplier":"20210607177","Supplier_Item_Code":"W9","Material":"Polyester","Color":"Pink","createtime":"2020-12-23 05:50:41","Sleeves":"Three-quarter","Upper_Mold":"Comfortable","Back_Neckline":"Straps","Cut":"Midi","Neckline":"Round","OFFERTYPE":"rfqcart","Sys_Order":"983"}},{"itemLargeImage":"store/20180522154/assets/items/largeimages/AIN3X4ZD73.jpg","id":307038,"code":"AIN3X4ZD73","title":"Blue Boat Neck Maxi Dress","itemSellerLocation":"","itemSellerName":"","trimmed":false,"url":"product/womens/blue-boat-neck-maxi-dress-ain3x4zd73","image":"https://s3.ca-central-1.amazonaws.com/demob2b2cs3.avetti.ca/store/20180522154/assets/items/images/AIN3X4ZD73.jpg","count":"20","assured":0,"itemization":0,"desc":"","store_featured":"","cat_featured":"","new_item":"","on_sale":"","select_button":true,"currency_sign":"$","itemStarRating":"","labels":{"list_price":"List Price","no_price":"Free","you_save":"You Save","save_plus":"Plus","points":"Points Awarded","callprice":"Call for pricing","quickinfo":"Quick Info"},"price":{"type":"normal","list_price":"1,200 ","save":{"percent":"17","value":"200 "},"value":{"integer":"1,000","decimal":"00"}},"properties":{"Sys_Merchandising_Priority":"982","Sys_Num_Images":"6","UPC":"370306993122305","Created_By_Supplier":"20210607177","Supplier_Item_Code":"W10","Material":"Georgette","Color":"Black","createtime":"2020-12-23 05:50:41","Sleeves":"Sleeveless","Upper_Mold":"Relaxed","Back_Neckline":"Keyhole","Cut":"Column","Neckline":"Round","OFFERTYPE":"rfqcart","Sys_Order":"982"}},{"itemLargeImage":"store/20180522154/assets/items/largeimages/AINVLFYD73.jpg","id":307039,"code":"AINVLFYD73","title":"Own Your Elegance Maroon Dress","itemSellerLocation":"","itemSellerName":"","trimmed":false,"url":"product/womens/own-your-elegance-maroon-dress-ainvlfyd73","image":"https://s3.ca-central-1.amazonaws.com/demob2b2cs3.avetti.ca/store/20180522154/assets/items/images/AINVLFYD73.jpg","count":"21","assured":0,"itemization":0,"desc":"","store_featured":"","cat_featured":"","new_item":"","on_sale":"","select_button":true,"currency_sign":"$","itemStarRating":"","labels":{"list_price":"List Price","no_price":"Free","you_save":"You Save","save_plus":"Plus","points":"Points Awarded","callprice":"Call for pricing","quickinfo":"Quick Info"},"price":{"type":"normal","list_price":"1,520 ","save":{"percent":"8","value":"120 "},"value":{"integer":"1,400","decimal":"00"}},"properties":{"Sys_Merchandising_Priority":"981","Sys_Num_Images":"6","UPC":"370306994122305","Created_By_Supplier":"20210607177","Supplier_Item_Code":"W11","Material":"Polyester","Color":"Maroon","createtime":"2020-12-23 05:50:41","Sleeves":"Sleeveless","Upper_Mold":"Comfortable","Back_Neckline":"Bateau","Cut":"A-line","Neckline":"V-neck","OFFERTYPE":"rfqcart","Sys_Order":"981"}},{"itemLargeImage":"store/20180522154/assets/items/largeimages/AINOAQXD73.jpg","id":307040,"code":"AINOAQXD73","title":"Dusty Rose Sequins Dress","itemSellerLocation":"","itemSellerName":"","trimmed":false,"url":"product/womens/dusty-rose-sequins-dress-ainoaqxd73","image":"https://s3.ca-central-1.amazonaws.com/demob2b2cs3.avetti.ca/store/20180522154/assets/items/images/AINOAQXD73.jpg","count":"22","assured":0,"itemization":0,"desc":"","store_featured":"","cat_featured":"","new_item":"","on_sale":"","select_button":true,"currency_sign":"$","itemStarRating":"","labels":{"list_price":"List Price","no_price":"Free","you_save":"You Save","save_plus":"Plus","points":"Points Awarded","callprice":"Call for pricing","quickinfo":"Quick Info"},"price":{"type":"normal","list_price":"1,000 ","save":{"percent":"4","value":"40 "},"value":{"integer":"960","decimal":"00"}},"properties":{"Sys_Merchandising_Priority":"980","Sys_Num_Images":"6","UPC":"370306995122305","Created_By_Supplier":"20210607177","Supplier_Item_Code":"W12","Material":"Sequin","Color":"Rose","createtime":"2020-12-23 05:50:41","Sleeves":"Full","Upper_Mold":"Fitted","Back_Neckline":"Open","Cut":"Column","Neckline":"Round","OFFERTYPE":"rfqcart","Sys_Order":"980"}},{"itemLargeImage":"store/20180522154/assets/items/largeimages/AINHY1XD73.jpg","id":307041,"code":"AINHY1XD73","title":"White A-symmetrical Bow Dress","itemSellerLocation":"","itemSellerName":"","trimmed":false,"url":"product/womens/white-a-symmetrical-bow-dress-ainhy1xd73","image":"https://s3.ca-central-1.amazonaws.com/demob2b2cs3.avetti.ca/store/20180522154/assets/items/images/AINHY1XD73.jpg","count":"23","assured":0,"itemization":0,"desc":"","store_featured":"","cat_featured":"","new_item":"","on_sale":"","select_button":true,"currency_sign":"$","itemStarRating":"","labels":{"list_price":"List Price","no_price":"Free","you_save":"You Save","save_plus":"Plus","points":"Points Awarded","callprice":"Call for pricing","quickinfo":"Quick Info"},"price":{"type":"normal","list_price":"1,520 ","save":{"percent":"8","value":"120 "},"value":{"integer":"1,400","decimal":"00"}},"properties":{"Sys_Merchandising_Priority":"979","Sys_Num_Images":"6","UPC":"370306996122305","Created_By_Supplier":"20210607177","Supplier_Item_Code":"W13","Material":"Crepe","Color":"White","createtime":"2020-12-23 05:50:41","Sleeves":"Sleeveless","Upper_Mold":"Regular Fit","Back_Neckline":"Keyhole","Cut":"Column","Neckline":"Round","OFFERTYPE":"rfqcart","Sys_Order":"979"}},{"itemLargeImage":"store/20180522154/assets/items/largeimages/AINANCWD73.jpg","id":307042,"code":"AINANCWD73","title":"Red Edging Towards Style Dress","itemSellerLocation":"","itemSellerName":"","trimmed":false,"url":"product/womens/red-edging-towards-style-dress-ainancwd73","image":"https://s3.ca-central-1.amazonaws.com/demob2b2cs3.avetti.ca/store/20180522154/assets/items/images/AINANCWD73.jpg","count":"24","assured":0,"itemization":0,"desc":"","store_featured":"","cat_featured":"","new_item":"","on_sale":"","select_button":true,"currency_sign":"$","itemStarRating":"","labels":{"list_price":"List Price","no_price":"Free","you_save":"You Save","save_plus":"Plus","points":"Points Awarded","callprice":"Call for pricing","quickinfo":"Quick Info"},"price":{"type":"normal","list_price":"800 ","save":{"percent":"6","value":"50 "},"value":{"integer":"750","decimal":"00"}},"properties":{"Sys_Merchandising_Priority":"978","Sys_Num_Images":"6","UPC":"370306997122305","Created_By_Supplier":"20210607177","Supplier_Item_Code":"W14","Material":"Polyester","Color":"Red","createtime":"2020-12-23 05:50:41","Sleeves":"Sleeveless","Upper_Mold":"Comfortable","Back_Neckline":"Keyhole","Cut":"A-line","Neckline":"Asymmetrical","OFFERTYPE":"rfqcart","Sys_Order":"978"}}],"itemsCount":"25","facets":[{"Price":[{"value":"[550.00 TO 749.99]","removeText":"Price: 550.00  - 749.99","text":"550.00  - 749.99","count":5},{"value":"[750.00 TO 999.99]","removeText":"Price: 750.00  - 999.99","text":"750.00  - 999.99","count":7},{"value":"[1000.00 TO 1499.99]","removeText":"Price: 1000.00  - 1499.99","text":"1000.00  - 1499.99","count":13}]},{"Reviews":[{"value":"[0.5 TO 1.5]","removeText":"Review: 1 Stars","text":1,"count":0},{"value":"[1.5 TO 2.5]","removeText":"Review: 2 Stars","text":2,"count":0},{"value":"[2.5 TO 3.5]","removeText":"Review: 3 Stars","text":3,"count":0},{"value":"[3.5 TO 4.5]","removeText":"Review: 4 Stars","text":4,"count":1},{"value":"[4.5 TO 5.5]","removeText":"Review: 5 Stars","text":5,"count":1}]},{"Other":[{"title":"Material","name":"Material","facetValues":[{"value":"Acrylic","removeText":"Material: Acrylic","name":"Material","text":"Acrylic","count":0},{"value":"Beading","removeText":"Material: Beading","name":"Material","text":"Beading","count":6},{"value":"Brass","removeText":"Material: Brass","name":"Material","text":"Brass","count":0},{"value":"Cane","removeText":"Material: Cane","name":"Material","text":"Cane","count":0},{"value":"Ceramic","removeText":"Material: Ceramic","name":"Material","text":"Ceramic","count":0},{"value":"Chenille","removeText":"Material: Chenille","name":"Material","text":"Chenille","count":0},{"value":"Cotton","removeText":"Material: Cotton","name":"Material","text":"Cotton","count":3},{"value":"Crepe","removeText":"Material: Crepe","name":"Material","text":"Crepe","count":5},{"value":"Engineered Wood","removeText":"Material: Engineered Wood","name":"Material","text":"Engineered Wood","count":0},{"value":"Fabric","removeText":"Material: Fabric","name":"Material","text":"Fabric","count":0},{"value":"Fiber","removeText":"Material: Fiber","name":"Material","text":"Fiber","count":0},{"value":"Georgette","removeText":"Material: Georgette","name":"Material","text":"Georgette","count":4},{"value":"Glass","removeText":"Material: Glass","name":"Material","text":"Glass","count":0},{"value":"Iron","removeText":"Material: Iron","name":"Material","text":"Iron","count":0},{"value":"Kashmiri","removeText":"Material: Kashmiri","name":"Material","text":"Kashmiri","count":0},{"value":"Marble","removeText":"Material: Marble","name":"Material","text":"Marble","count":0},{"value":"Metal","removeText":"Material: Metal","name":"Material","text":"Metal","count":0},{"value":"Metal and Glass","removeText":"Material: Metal and Glass","name":"Material","text":"Metal and Glass","count":0},{"value":"Mikado","removeText":"Material: Mikado","name":"Material","text":"Mikado","count":2},{"value":"Nylon","removeText":"Material: Nylon","name":"Material","text":"Nylon","count":1},{"value":"Plastic","removeText":"Material: Plastic","name":"Material","text":"Plastic","count":0},{"value":"Poliester","removeText":"Material: Poliester","name":"Material","text":"Poliester","count":0},{"value":"Polyester","removeText":"Material: Polyester","name":"Material","text":"Polyester","count":7},{"value":"Polyurethane","removeText":"Material: Polyurethane","name":"Material","text":"Polyurethane","count":0},{"value":"Rubber Wood","removeText":"Material: Rubber Wood","name":"Material","text":"Rubber Wood","count":0},{"value":"Sequin","removeText":"Material: Sequin","name":"Material","text":"Sequin","count":2},{"value":"Silk","removeText":"Material: Silk","name":"Material","text":"Silk","count":0},{"value":"Steel","removeText":"Material: Steel","name":"Material","text":"Steel","count":0},{"value":"Teak Wood","removeText":"Material: Teak Wood","name":"Material","text":"Teak Wood","count":0},{"value":"Velvet","removeText":"Material: Velvet","name":"Material","text":"Velvet","count":0},{"value":"Wood","removeText":"Material: Wood","name":"Material","text":"Wood","count":0},{"value":"Wool","removeText":"Material: Wool","name":"Material","text":"Wool","count":0}]},{"title":"Sellers","name":"Sellers","facetValues":[{"value":"4M Farms","removeText":"Sellers: 4M Farms","name":"Sellers","text":"4M Farms","count":0},{"value":"4M Farms121","removeText":"Sellers: 4M Farms121","name":"Sellers","text":"4M Farms121","count":0},{"value":"4MFARMS12111","removeText":"Sellers: 4MFARMS12111","name":"Sellers","text":"4MFARMS12111","count":0},{"value":"4m","removeText":"Sellers: 4m","name":"Sellers","text":"4m","count":0},{"value":"ABC Tekstil","removeText":"Sellers: ABC Tekstil","name":"Sellers","text":"ABC Tekstil","count":0},{"value":"ABC Tekstil1","removeText":"Sellers: ABC Tekstil1","name":"Sellers","text":"ABC Tekstil1","count":0},{"value":"Abakli","removeText":"Sellers: Abakli","name":"Sellers","text":"Abakli","count":0},{"value":"Abc","removeText":"Sellers: Abc","name":"Sellers","text":"Abc","count":0},{"value":"Abc Store","removeText":"Sellers: Abc Store","name":"Sellers","text":"Abc Store","count":0},{"value":"Acarer","removeText":"Sellers: Acarer","name":"Sellers","text":"Acarer","count":0},{"value":"Ahmet","removeText":"Sellers: Ahmet","name":"Sellers","text":"Ahmet","count":0},{"value":"Brandos","removeText":"Sellers: Brandos","name":"Sellers","text":"Brandos","count":0},{"value":"Cagin Office Furniture","removeText":"Sellers: Cagin Office Furniture","name":"Sellers","text":"Cagin Office Furniture","count":0},{"value":"Canaberta","removeText":"Sellers: Canaberta","name":"Sellers","text":"Canaberta","count":0},{"value":"CasaCraft","removeText":"Sellers: CasaCraft","name":"Sellers","text":"CasaCraft","count":0},{"value":"Chimney Cake","removeText":"Sellers: Chimney Cake","name":"Sellers","text":"Chimney Cake","count":0},{"value":"Cimra Sauce","removeText":"Sellers: Cimra Sauce","name":"Sellers","text":"Cimra Sauce","count":0},{"value":"DATEKS","removeText":"Sellers: DATEKS","name":"Sellers","text":"DATEKS","count":0},{"value":"Dateks","removeText":"Sellers: Dateks","name":"Sellers","text":"Dateks","count":0},{"value":"Delta Ofis","removeText":"Sellers: Delta Ofis","name":"Sellers","text":"Delta Ofis","count":0},{"value":"Elak","removeText":"Sellers: Elak","name":"Sellers","text":"Elak","count":3},{"value":"Enne","removeText":"Sellers: Enne","name":"Sellers","text":"Enne","count":0},{"value":"Essa Veterinary Services","removeText":"Sellers: Essa Veterinary Services","name":"Sellers","text":"Essa Veterinary Services","count":0},{"value":"Flavon Max Canada","removeText":"Sellers: Flavon Max Canada","name":"Sellers","text":"Flavon Max Canada","count":0},{"value":"Giordano","removeText":"Sellers: Giordano","name":"Sellers","text":"Giordano","count":0},{"value":"Heenas Curry House","removeText":"Sellers: Heenas Curry House","name":"Sellers","text":"Heenas Curry House","count":0},{"value":"Istanbul Masko","removeText":"Sellers: Istanbul Masko","name":"Sellers","text":"Istanbul Masko","count":0},{"value":"Izmir","removeText":"Sellers: Izmir","name":"Sellers","text":"Izmir","count":0},{"value":"Jakamen","removeText":"Sellers: Jakamen","name":"Sellers","text":"Jakamen","count":0},{"value":"Jrcc Furniture Depot","removeText":"Sellers: Jrcc Furniture Depot","name":"Sellers","text":"Jrcc Furniture Depot","count":0},{"value":"Kirill","removeText":"Sellers: Kirill","name":"Sellers","text":"Kirill","count":0},{"value":"KirillBarsukov","removeText":"Sellers: KirillBarsukov","name":"Sellers","text":"KirillBarsukov","count":0},{"value":"Lamblicious","removeText":"Sellers: Lamblicious","name":"Sellers","text":"Lamblicious","count":0},{"value":"Maltepe","removeText":"Sellers: Maltepe","name":"Sellers","text":"Maltepe","count":0},{"value":"Mariana's clothing","removeText":"Sellers: Mariana's clothing","name":"Sellers","text":"Mariana's clothing","count":0},{"value":"Marios Pizza","removeText":"Sellers: Marios Pizza","name":"Sellers","text":"Marios Pizza","count":0},{"value":"Matalan","removeText":"Sellers: Matalan","name":"Sellers","text":"Matalan","count":22},{"value":"NDesign","removeText":"Sellers: NDesign","name":"Sellers","text":"NDesign","count":0},{"value":"Ndesign","removeText":"Sellers: Ndesign","name":"Sellers","text":"Ndesign","count":0},{"value":"OTIAD","removeText":"Sellers: OTIAD","name":"Sellers","text":"OTIAD","count":0},{"value":"Prairie City Soap","removeText":"Sellers: Prairie City Soap","name":"Sellers","text":"Prairie City Soap","count":0},{"value":"Raisin the Root","removeText":"Sellers: Raisin the Root","name":"Sellers","text":"Raisin the Root","count":0},{"value":"React Clothes","removeText":"Sellers: React Clothes","name":"Sellers","text":"React Clothes","count":0},{"value":"Say Cheese","removeText":"Sellers: Say Cheese","name":"Sellers","text":"Say Cheese","count":0},{"value":"TETSIAD","removeText":"Sellers: TETSIAD","name":"Sellers","text":"TETSIAD","count":0},{"value":"Testing Brandddd","removeText":"Sellers: Testing Brandddd","name":"Sellers","text":"Testing Brandddd","count":0},{"value":"The Scented Lair","removeText":"Sellers: The Scented Lair","name":"Sellers","text":"The Scented Lair","count":0},{"value":"Timberwind Farm","removeText":"Sellers: Timberwind Farm","name":"Sellers","text":"Timberwind Farm","count":0},{"value":"Woodsworth","removeText":"Sellers: Woodsworth","name":"Sellers","text":"Woodsworth","count":0}]},{"title":"Featured_Facet","name":"Featured_Facet","facetValues":[{"value":"Cocktail Dresses","removeText":"Featured_Facet: Cocktail Dresses","name":"Featured_Facet","text":"Cocktail Dresses","count":21},{"value":"Kids Dress","removeText":"Featured_Facet: Kids Dress","name":"Featured_Facet","text":"Kids Dress","count":0},{"value":"Kids Sweatshirt","removeText":"Featured_Facet: Kids Sweatshirt","name":"Featured_Facet","text":"Kids Sweatshirt","count":0},{"value":"Men Jackets","removeText":"Featured_Facet: Men Jackets","name":"Featured_Facet","text":"Men Jackets","count":0},{"value":"Raincoat","removeText":"Featured_Facet: Raincoat","name":"Featured_Facet","text":"Raincoat","count":0},{"value":"Shirt","removeText":"Featured_Facet: Shirt","name":"Featured_Facet","text":"Shirt","count":0},{"value":"Wedding Dress","removeText":"Featured_Facet: Wedding Dress","name":"Featured_Facet","text":"Wedding Dress","count":2},{"value":"Women Jacket","removeText":"Featured_Facet: Women Jacket","name":"Featured_Facet","text":"Women Jacket","count":7}]}]}]}