{"page":1,"cid":"521362","url":"deals","name":"Deals","meta":{"metadescription":"","metakeywords":""},"image":"/20180522154/assets/category/images/deals.jpg","thumbnail":"/20180522154/assets/category/thumbnails/deals.jpg","description":"Deals","numberOfPages":"1","items":[{"itemLargeImage":"store/20180522154/assets/items/largeimages/AINDT132X0.jpg","id":321328,"code":"AINDT132X0","title":"60% Off on Beige Solid Bomber Jackets","itemSellerLocation":"","itemSellerName":"","trimmed":false,"url":"product/deals/buy-one-get-one-free-aindt132x0","image":"https://s3.ca-central-1.amazonaws.com/demob2b2cs3.avetti.ca/store/20180522154/assets/items/images/AINDT132X0.jpg","count":"1","assured":0,"itemization":0,"desc":"","store_featured":"","cat_featured":"","new_item":"","on_sale":"","select_button":true,"currency_sign":"$","itemStarRating":"","labels":{"list_price":"List Price","no_price":"Free","you_save":"You Save","save_plus":"Plus","points":"Points Awarded","callprice":"Call for pricing","quickinfo":"Quick Info"},"price":{"type":"default","value":{"integer":"1","decimal":"00"}},"properties":{"Sys_Num_Images":"1","UPC":"475321324072010","Created_By_Supplier":"20210607180","Supplier_Item_Code":"DG01","createtime":"2021-07-20 10:09:38","ADDTOCART":"NO"}},{"itemLargeImage":"store/20180522154/assets/items/largeimages/AINPPKO2X0.jpg","id":321329,"code":"AINPPKO2X0","title":"20% Off On Black Solid Bomber Jackets","itemSellerLocation":"","itemSellerName":"","trimmed":false,"url":"product/deals/20-off-on-new-collection-ainppko2x0","image":"https://s3.ca-central-1.amazonaws.com/demob2b2cs3.avetti.ca/store/20180522154/assets/items/images/AINPPKO2X0.jpg","count":"2","assured":0,"itemization":0,"desc":"","store_featured":"","cat_featured":"","new_item":"","on_sale":"","select_button":true,"currency_sign":"$","itemStarRating":"","labels":{"list_price":"List Price","no_price":"Free","you_save":"You Save","save_plus":"Plus","points":"Points Awarded","callprice":"Call for pricing","quickinfo":"Quick Info"},"price":{"type":"default","value":{"integer":"1","decimal":"00"}},"properties":{"Sys_Num_Images":"1","UPC":"475321325072010","Created_By_Supplier":"20210607180","Supplier_Item_Code":"DG02","createtime":"2021-07-20 10:09:38","ADDTOCART":"NO"}},{"itemLargeImage":"store/20180522154/assets/items/largeimages/AIN2M4B3X0.jpg","id":321330,"code":"AIN2M4B3X0","title":"50% Off On White A-symmetrical Bow Dress...","itemSellerLocation":"","itemSellerName":"","trimmed":false,"url":"product/deals/50-off-ain2m4b3x0","image":"https://s3.ca-central-1.amazonaws.com/demob2b2cs3.avetti.ca/store/20180522154/assets/items/images/AIN2M4B3X0.jpg","count":"3","assured":0,"itemization":0,"desc":"","store_featured":"","cat_featured":"","new_item":"","on_sale":"","select_button":true,"currency_sign":"$","itemStarRating":"","labels":{"list_price":"List Price","no_price":"Free","you_save":"You Save","save_plus":"Plus","points":"Points Awarded","callprice":"Call for pricing","quickinfo":"Quick Info"},"price":{"type":"default","value":{"integer":"1","decimal":"00"}},"properties":{"Sys_Num_Images":"1","UPC":"475321326072010","Created_By_Supplier":"20210607180","Supplier_Item_Code":"DG03","createtime":"2021-07-20 10:09:39","ADDTOCART":"NO"}},{"itemLargeImage":"store/20180522154/assets/items/largeimages/AINEINW3X0.jpg","id":321331,"code":"AINEINW3X0","title":"Up to 50% Off On The Chic Look Yellow Ja...","itemSellerLocation":"","itemSellerName":"","trimmed":false,"url":"product/deals/upto-50-off-aineinw3x0","image":"https://s3.ca-central-1.amazonaws.com/demob2b2cs3.avetti.ca/store/20180522154/assets/items/images/AINEINW3X0.jpg","count":"4","assured":0,"itemization":0,"desc":"","store_featured":"","cat_featured":"","new_item":"","on_sale":"","select_button":true,"currency_sign":"$","itemStarRating":"","labels":{"list_price":"List Price","no_price":"Free","you_save":"You Save","save_plus":"Plus","points":"Points Awarded","callprice":"Call for pricing","quickinfo":"Quick Info"},"price":{"type":"default","value":{"integer":"1","decimal":"00"}},"properties":{"Sys_Num_Images":"1","UPC":"475321327072010","Created_By_Supplier":"20210607180","Supplier_Item_Code":"DG04","createtime":"2021-07-20 10:09:39","ADDTOCART":"NO"}},{"itemLargeImage":"store/20180522154/assets/items/largeimages/AINV9XBTP0.jpg","id":321347,"code":"AINV9XBTP0","title":"50% Off on Men's Jackets","itemSellerLocation":"","itemSellerName":"","trimmed":false,"url":"product/deals/50-off-on-new-collection-ainv9xbtp0","image":"https://s3.ca-central-1.amazonaws.com/demob2b2cs3.avetti.ca/storenoimage.jpg","count":"5","assured":0,"itemization":0,"desc":"","store_featured":"","cat_featured":"","new_item":"","on_sale":"","select_button":true,"currency_sign":"$","itemStarRating":"","labels":{"list_price":"List Price","no_price":"Free","you_save":"You Save","save_plus":"Plus","points":"Points Awarded","callprice":"Call for pricing","quickinfo":"Quick Info"},"price":{"type":"default","value":{"integer":"1","decimal":"00"}},"properties":{"Sys_Num_Images":"1","UPC":"472321343072011","Created_By_Supplier":"20210607177","Supplier_Item_Code":"DM1","createtime":"2021-07-20 23:32:16","Deals_Property":"Deals","ADDTOCART":"NO"}},{"itemLargeImage":"store/20180522154/assets/items/largeimages/AIN3LMCTP0.jpg","id":321348,"code":"AIN3LMCTP0","title":"Special Offer 50% Off On Cocktail Dresse...","itemSellerLocation":"","itemSellerName":"","trimmed":false,"url":"product/deals/special-offer-50off-ain3lmctp0","image":"https://s3.ca-central-1.amazonaws.com/demob2b2cs3.avetti.ca/store/20180522154/assets/items/images/AIN3LMCTP0.jpg","count":"6","assured":0,"itemization":0,"desc":"","store_featured":"","cat_featured":"","new_item":"","on_sale":"","select_button":true,"currency_sign":"$","itemStarRating":"","labels":{"list_price":"List Price","no_price":"Free","you_save":"You Save","save_plus":"Plus","points":"Points Awarded","callprice":"Call for pricing","quickinfo":"Quick Info"},"price":{"type":"default","value":{"integer":"1","decimal":"00"}},"properties":{"Sys_Num_Images":"1","UPC":"472321344072011","Created_By_Supplier":"20210607177","Supplier_Item_Code":"DM2","createtime":"2021-07-20 23:32:16","Deals_Property":"Deals","ADDTOCART":"NO"}},{"itemLargeImage":"store/20180522154/assets/items/largeimages/AINAWBDTP0.jpg","id":321349,"code":"AINAWBDTP0","title":"Up to 40% Off On Women's Wear","itemSellerLocation":"","itemSellerName":"","trimmed":false,"url":"product/deals/upto-40-off-ainawbdtp0","image":"https://s3.ca-central-1.amazonaws.com/demob2b2cs3.avetti.ca/storenoimage.jpg","count":"7","assured":0,"itemization":0,"desc":"","store_featured":"","cat_featured":"","new_item":"","on_sale":"","select_button":true,"currency_sign":"$","itemStarRating":"","labels":{"list_price":"List Price","no_price":"Free","you_save":"You Save","save_plus":"Plus","points":"Points Awarded","callprice":"Call for pricing","quickinfo":"Quick Info"},"price":{"type":"default","value":{"integer":"1","decimal":"00"}},"properties":{"Sys_Num_Images":"1","UPC":"472321345072011","Created_By_Supplier":"20210607177","Supplier_Item_Code":"DM3","Sys_Package_Price_Enabled":"False","createtime":"2021-07-20 23:32:17","Deals_Property":"Deals","ADDTOCART":"NO"}},{"itemLargeImage":"store/20180522154/assets/items/largeimages/AINH81ETP0.jpg","id":321350,"code":"AINH81ETP0","title":"Up to 50% Off On Jackets","itemSellerLocation":"","itemSellerName":"","trimmed":false,"url":"product/deals/upto-50-off-on-new-arrival-ainh81etp0","image":"https://s3.ca-central-1.amazonaws.com/demob2b2cs3.avetti.ca/storenoimage.jpg","count":"8","assured":0,"itemization":0,"desc":"","store_featured":"","cat_featured":"","new_item":"","on_sale":"","select_button":true,"currency_sign":"$","itemStarRating":"","labels":{"list_price":"List Price","no_price":"Free","you_save":"You Save","save_plus":"Plus","points":"Points Awarded","callprice":"Call for pricing","quickinfo":"Quick Info"},"price":{"type":"default","value":{"integer":"1","decimal":"00"}},"properties":{"Sys_Num_Images":"1","UPC":"472321346072011","Created_By_Supplier":"20210607177","Supplier_Item_Code":"DM4","createtime":"2021-07-20 23:32:17","Deals_Property":"Deals","ADDTOCART":"NO"}}],"itemsCount":"8","facets":[{"Price":[{"value":"[1.00 TO 4.99]","removeText":"Price: 1.00  - 4.99","text":"1.00  - 4.99","count":8}]},{"Reviews":[{"value":"[0.5 TO 1.5]","removeText":"Review: 1 Stars","text":1,"count":0},{"value":"[1.5 TO 2.5]","removeText":"Review: 2 Stars","text":2,"count":0},{"value":"[2.5 TO 3.5]","removeText":"Review: 3 Stars","text":3,"count":0},{"value":"[3.5 TO 4.5]","removeText":"Review: 4 Stars","text":4,"count":0},{"value":"[4.5 TO 5.5]","removeText":"Review: 5 Stars","text":5,"count":0}]}]}