{"page":1,"cid":"521364","url":"mall-map","name":"Mall Map","meta":{"metadescription":"","metakeywords":""},"image":"/20180522154/assets/category/images/Map.jpg","thumbnail":"/20180522154/assets/category/thumbnails/Map.jpg","description":"Mall Map","numberOfPages":"0","items":[],"itemsCount":"0","facets":[{"Reviews":[{"value":"[0.5 TO 1.5]","removeText":"Review: 1 Stars","text":1,"count":0},{"value":"[1.5 TO 2.5]","removeText":"Review: 2 Stars","text":2,"count":0},{"value":"[2.5 TO 3.5]","removeText":"Review: 3 Stars","text":3,"count":0},{"value":"[3.5 TO 4.5]","removeText":"Review: 4 Stars","text":4,"count":0},{"value":"[4.5 TO 5.5]","removeText":"Review: 5 Stars","text":5,"count":0}]}]}