{"page":1,"cid":"521360","url":"dining","name":"Dining","meta":{"metadescription":"","metakeywords":""},"image":"/20180522154/assets/category/images/dining.jpg","thumbnail":"/20180522154/assets/category/thumbnails/dining.jpg","description":"Dining","numberOfPages":"1","items":[{"itemLargeImage":"store/20180522154/assets/items/largeimages/AIN3KOV163.jpg","id":321191,"code":"AIN3KOV163","title":"Doner and Gyros","itemSellerLocation":"","itemSellerName":"","trimmed":false,"url":"product/deals/doner-and-gyros-ain3kov163","image":"https://s3.ca-central-1.amazonaws.com/demob2b2cs3.avetti.ca/storenoimage.jpg","count":"1","assured":0,"itemization":0,"desc":"Doner and Gyros","store_featured":"","cat_featured":"","new_item":"","on_sale":"","select_button":true,"currency_sign":"$","itemStarRating":"","labels":{"list_price":"List Price","no_price":"Free","you_save":"You Save","save_plus":"Plus","points":"Points Awarded","callprice":"Call for pricing","quickinfo":"Quick Info"},"price":{"type":"default","value":{"integer":"1","decimal":"00"}},"properties":{"Sys_Num_Images":"1","UPC":"","Created_By_Supplier":"20210607179","Supplier_Item_Code":"DINING1","createtime":"2021-07-05 21:45:04","Dining_item":"Yes","ItemLevel":"Level 002","Store_Hrs":"10:00 A.M. - 10:00 P.M."}},{"itemLargeImage":"store/20180522154/assets/items/largeimages/AIN292IU72.jpg","id":321192,"code":"AIN292IU72","title":"Freddy Steakburgers","itemSellerLocation":"","itemSellerName":"","trimmed":false,"url":"product/furniture/dining/freddy-steakburgers-ain292iu72","image":"https://s3.ca-central-1.amazonaws.com/demob2b2cs3.avetti.ca/storenoimage.jpg","count":"2","assured":0,"itemization":0,"desc":"Freddy Steakburgers","store_featured":"","cat_featured":"","new_item":"","on_sale":"","select_button":true,"currency_sign":"$","itemStarRating":"","labels":{"list_price":"List Price","no_price":"Free","you_save":"You Save","save_plus":"Plus","points":"Points Awarded","callprice":"Call for pricing","quickinfo":"Quick Info"},"price":{"type":"default","value":{"integer":"1","decimal":"00"}},"properties":{"Sys_Num_Images":"1","UPC":"","Created_By_Supplier":"20210607179","Supplier_Item_Code":"DINING2","createtime":"2021-07-05 21:51:35","Dining_item":"Yes","ItemLevel":"Level 003","Store_Hrs":"10:00 A.M. - 10:00 P.M."}},{"itemLargeImage":"store/20180522154/assets/items/largeimages/AINNYOY8X0.jpg","id":321193,"code":"AINNYOY8X0","title":"Kababji Grill","itemSellerLocation":"","itemSellerName":"","trimmed":false,"url":"product/furniture/dining/kababji-grill-ainnyoy8x0","image":"https://s3.ca-central-1.amazonaws.com/demob2b2cs3.avetti.ca/storenoimage.jpg","count":"3","assured":0,"itemization":0,"desc":"Kababji Grill","store_featured":"","cat_featured":"","new_item":"","on_sale":"","select_button":true,"currency_sign":"$","itemStarRating":"","labels":{"list_price":"List Price","no_price":"Free","you_save":"You Save","save_plus":"Plus","points":"Points Awarded","callprice":"Call for pricing","quickinfo":"Quick Info"},"price":{"type":"default","value":{"integer":"1","decimal":"00"}},"properties":{"Sys_Num_Images":"1","UPC":"","Created_By_Supplier":"20210607179","Supplier_Item_Code":"DINING3","createtime":"2021-07-05 21:53:43","Dining_item":"Yes","ItemLevel":"Level 002","Store_Hrs":"10:00 A.M. - 10:00 P.M."}},{"itemLargeImage":"store/20180522154/assets/items/largeimages/AINU49HAR0.jpg","id":321194,"code":"AINU49HAR0","title":"Max's Restaurant","itemSellerLocation":"","itemSellerName":"","trimmed":false,"url":"product/furniture/dining/maxs-restaurant-ainu49har0","image":"https://s3.ca-central-1.amazonaws.com/demob2b2cs3.avetti.ca/storenoimage.jpg","count":"4","assured":0,"itemization":0,"desc":"Max's Restaurant","store_featured":"","cat_featured":"","new_item":"","on_sale":"","select_button":true,"currency_sign":"$","itemStarRating":"","labels":{"list_price":"List Price","no_price":"Free","you_save":"You Save","save_plus":"Plus","points":"Points Awarded","callprice":"Call for pricing","quickinfo":"Quick Info"},"price":{"type":"default","value":{"integer":"1","decimal":"00"}},"properties":{"Sys_Num_Images":"1","UPC":"","Created_By_Supplier":"20210607179","Supplier_Item_Code":"DINING4","Sys_Package_Price_Enabled":"False","createtime":"2021-07-05 21:55:04","Dining_item":"Yes","ItemLevel":"Level 001","Store_Hrs":"10:00 A.M. - 10:00 P.M."}}],"itemsCount":"4","facets":[{"Price":[{"value":"[1.00 TO 4.99]","removeText":"Price: 1.00  - 4.99","text":"1.00  - 4.99","count":4}]},{"Reviews":[{"value":"[0.5 TO 1.5]","removeText":"Review: 1 Stars","text":1,"count":0},{"value":"[1.5 TO 2.5]","removeText":"Review: 2 Stars","text":2,"count":0},{"value":"[2.5 TO 3.5]","removeText":"Review: 3 Stars","text":3,"count":0},{"value":"[3.5 TO 4.5]","removeText":"Review: 4 Stars","text":4,"count":0},{"value":"[4.5 TO 5.5]","removeText":"Review: 5 Stars","text":5,"count":0}]},{"Other":[{"title":"Category","name":"Category","facetValues":[{"value":" Online Market","removeText":"Category:  Online Market","name":"Category","text":" Online Market","count":0},{"value":"ALYA","removeText":"Category: ALYA","name":"Category","text":"ALYA","count":0},{"value":"ANATOLIA","removeText":"Category: ANATOLIA","name":"Category","text":"ANATOLIA","count":0},{"value":"ARARAT","removeText":"Category: ARARAT","name":"Category","text":"ARARAT","count":0},{"value":"ARMCHAIR","removeText":"Category: ARMCHAIR","name":"Category","text":"ARMCHAIR","count":0},{"value":"ASIA","removeText":"Category: ASIA","name":"Category","text":"ASIA","count":0},{"value":"ASTORIA","removeText":"Category: ASTORIA","name":"Category","text":"ASTORIA","count":0},{"value":"BIANCA","removeText":"Category: BIANCA","name":"Category","text":"BIANCA","count":0},{"value":"BLUSH","removeText":"Category: BLUSH","name":"Category","text":"BLUSH","count":0},{"value":"BRUNETTE","removeText":"Category: BRUNETTE","name":"Category","text":"BRUNETTE","count":0},{"value":"Bakery","removeText":"Category: Bakery","name":"Category","text":"Bakery","count":0},{"value":"Bathroom","removeText":"Category: Bathroom","name":"Category","text":"Bathroom","count":0},{"value":"Bedding","removeText":"Category: Bedding","name":"Category","text":"Bedding","count":0},{"value":"Beds","removeText":"Category: Beds","name":"Category","text":"Beds","count":0},{"value":"Bedstead","removeText":"Category: Bedstead","name":"Category","text":"Bedstead","count":0},{"value":"Bench","removeText":"Category: Bench","name":"Category","text":"Bench","count":0},{"value":"Bookshelf","removeText":"Category: Bookshelf","name":"Category","text":"Bookshelf","count":0},{"value":"CANARY","removeText":"Category: CANARY","name":"Category","text":"CANARY","count":0},{"value":"CATHERINA","removeText":"Category: CATHERINA","name":"Category","text":"CATHERINA","count":0},{"value":"CHERRY","removeText":"Category: CHERRY","name":"Category","text":"CHERRY","count":0},{"value":"CHOCOLATE","removeText":"Category: CHOCOLATE","name":"Category","text":"CHOCOLATE","count":0},{"value":"CONSOLE","removeText":"Category: CONSOLE","name":"Category","text":"CONSOLE","count":0},{"value":"CUPON","removeText":"Category: CUPON","name":"Category","text":"CUPON","count":0},{"value":"Chair","removeText":"Category: Chair","name":"Category","text":"Chair","count":0},{"value":"Chiffonier","removeText":"Category: Chiffonier","name":"Category","text":"Chiffonier","count":0},{"value":"Clothing","removeText":"Category: Clothing","name":"Category","text":"Clothing","count":0},{"value":"Coffee","removeText":"Category: Coffee","name":"Category","text":"Coffee","count":0},{"value":"Coffee Table","removeText":"Category: Coffee Table","name":"Category","text":"Coffee Table","count":0},{"value":"Commode","removeText":"Category: Commode","name":"Category","text":"Commode","count":0},{"value":"Condiments and Sauces","removeText":"Category: Condiments and Sauces","name":"Category","text":"Condiments and Sauces","count":0},{"value":"Cooking and Baking Ingredients","removeText":"Category: Cooking and Baking Ingredients","name":"Category","text":"Cooking and Baking Ingredients","count":0},{"value":"Corner Seat","removeText":"Category: Corner Seat","name":"Category","text":"Corner Seat","count":0},{"value":"DAVOS","removeText":"Category: DAVOS","name":"Category","text":"DAVOS","count":0},{"value":"DESIGN","removeText":"Category: DESIGN","name":"Category","text":"DESIGN","count":0},{"value":"DOLMABACE","removeText":"Category: DOLMABACE","name":"Category","text":"DOLMABACE","count":0},{"value":"DRESSER","removeText":"Category: DRESSER","name":"Category","text":"DRESSER","count":0},{"value":"Dairy Products","removeText":"Category: Dairy Products","name":"Category","text":"Dairy Products","count":0},{"value":"Day Bed","removeText":"Category: Day Bed","name":"Category","text":"Day Bed","count":0},{"value":"Dining","removeText":"Category: Dining","name":"Category","text":"Dining","count":23},{"value":"Dinner Table","removeText":"Category: Dinner Table","name":"Category","text":"Dinner Table","count":0},{"value":"Drinks","removeText":"Category: Drinks","name":"Category","text":"Drinks","count":0},{"value":"ECE","removeText":"Category: ECE","name":"Category","text":"ECE","count":0},{"value":"ELIPS","removeText":"Category: ELIPS","name":"Category","text":"ELIPS","count":0},{"value":"ELLETTO","removeText":"Category: ELLETTO","name":"Category","text":"ELLETTO","count":0},{"value":"ESTUARY","removeText":"Category: ESTUARY","name":"Category","text":"ESTUARY","count":0},{"value":"FASHION","removeText":"Category: FASHION","name":"Category","text":"FASHION","count":0},{"value":"Fish","removeText":"Category: Fish","name":"Category","text":"Fish","count":0},{"value":"GIZA","removeText":"Category: GIZA","name":"Category","text":"GIZA","count":0},{"value":"Gifts","removeText":"Category: Gifts","name":"Category","text":"Gifts","count":0},{"value":"Grocery Stores","removeText":"Category: Grocery Stores","name":"Category","text":"Grocery Stores","count":0},{"value":"HECTOR","removeText":"Category: HECTOR","name":"Category","text":"HECTOR","count":0},{"value":"HILAL","removeText":"Category: HILAL","name":"Category","text":"HILAL","count":0},{"value":"Home Textiles","removeText":"Category: Home Textiles","name":"Category","text":"Home Textiles","count":0},{"value":"Hot Sauce","removeText":"Category: Hot Sauce","name":"Category","text":"Hot Sauce","count":0},{"value":"Indian Food","removeText":"Category: Indian Food","name":"Category","text":"Indian Food","count":0},{"value":"JADE","removeText":"Category: JADE","name":"Category","text":"JADE","count":0},{"value":"Jam","removeText":"Category: Jam","name":"Category","text":"Jam","count":0},{"value":"Jewellery","removeText":"Category: Jewellery","name":"Category","text":"Jewellery","count":0},{"value":"Kids Clothing","removeText":"Category: Kids Clothing","name":"Category","text":"Kids Clothing","count":0},{"value":"LOFT","removeText":"Category: LOFT","name":"Category","text":"LOFT","count":0},{"value":"LONDON","removeText":"Category: LONDON","name":"Category","text":"LONDON","count":0},{"value":"LOUNGE","removeText":"Category: LOUNGE","name":"Category","text":"LOUNGE","count":0},{"value":"Lamps","removeText":"Category: Lamps","name":"Category","text":"Lamps","count":0},{"value":"MACAROON","removeText":"Category: MACAROON","name":"Category","text":"MACAROON","count":0},{"value":"MAGENTA","removeText":"Category: MAGENTA","name":"Category","text":"MAGENTA","count":0},{"value":"MATILDA","removeText":"Category: MATILDA","name":"Category","text":"MATILDA","count":0},{"value":"MIDNIGHT","removeText":"Category: MIDNIGHT","name":"Category","text":"MIDNIGHT","count":0},{"value":"MOSS","removeText":"Category: MOSS","name":"Category","text":"MOSS","count":0},{"value":"Meat","removeText":"Category: Meat","name":"Category","text":"Meat","count":0},{"value":"Mens Clothing","removeText":"Category: Mens Clothing","name":"Category","text":"Mens Clothing","count":0},{"value":"Mirror","removeText":"Category: Mirror","name":"Category","text":"Mirror","count":0},{"value":"NEW MARINA","removeText":"Category: NEW MARINA","name":"Category","text":"NEW MARINA","count":0},{"value":"NPLUS","removeText":"Category: NPLUS","name":"Category","text":"NPLUS","count":0},{"value":"New","removeText":"Category: New","name":"Category","text":"New","count":0},{"value":"Nuts","removeText":"Category: Nuts","name":"Category","text":"Nuts","count":0},{"value":"OLYMPOS","removeText":"Category: OLYMPOS","name":"Category","text":"OLYMPOS","count":0},{"value":"Other Products","removeText":"Category: Other Products","name":"Category","text":"Other Products","count":0},{"value":"Outdoor Lights","removeText":"Category: Outdoor Lights","name":"Category","text":"Outdoor Lights","count":0},{"value":"PANAMA","removeText":"Category: PANAMA","name":"Category","text":"PANAMA","count":0},{"value":"PECAN","removeText":"Category: PECAN","name":"Category","text":"PECAN","count":0},{"value":"PERFECT","removeText":"Category: PERFECT","name":"Category","text":"PERFECT","count":0},{"value":"Pastry","removeText":"Category: Pastry","name":"Category","text":"Pastry","count":0},{"value":"Personal Care","removeText":"Category: Personal Care","name":"Category","text":"Personal Care","count":0},{"value":"Pickle","removeText":"Category: Pickle","name":"Category","text":"Pickle","count":0},{"value":"Pillow","removeText":"Category: Pillow","name":"Category","text":"Pillow","count":0},{"value":"Pizza","removeText":"Category: Pizza","name":"Category","text":"Pizza","count":0},{"value":"Premium","removeText":"Category: Premium","name":"Category","text":"Premium","count":0},{"value":"Prepared food","removeText":"Category: Prepared food","name":"Category","text":"Prepared food","count":0},{"value":"Preserves","removeText":"Category: Preserves","name":"Category","text":"Preserves","count":0},{"value":"Printers","removeText":"Category: Printers","name":"Category","text":"Printers","count":0},{"value":"QUEEN","removeText":"Category: QUEEN","name":"Category","text":"QUEEN","count":0},{"value":"Ropa","removeText":"Category: Ropa","name":"Category","text":"Ropa","count":0},{"value":"SAGE","removeText":"Category: SAGE","name":"Category","text":"SAGE","count":0},{"value":"SECRET","removeText":"Category: SECRET","name":"Category","text":"SECRET","count":0},{"value":"SHELL","removeText":"Category: SHELL","name":"Category","text":"SHELL","count":0},{"value":"SLATE","removeText":"Category: SLATE","name":"Category","text":"SLATE","count":0},{"value":"SNOW","removeText":"Category: SNOW","name":"Category","text":"SNOW","count":0},{"value":"Salad Dressing","removeText":"Category: Salad Dressing","name":"Category","text":"Salad Dressing","count":0},{"value":"Seating","removeText":"Category: Seating","name":"Category","text":"Seating","count":0},{"value":"Shelf","removeText":"Category: Shelf","name":"Category","text":"Shelf","count":0},{"value":"Showcase","removeText":"Category: Showcase","name":"Category","text":"Showcase","count":0},{"value":"Showpieces","removeText":"Category: Showpieces","name":"Category","text":"Showpieces","count":0},{"value":"Side Food","removeText":"Category: Side Food","name":"Category","text":"Side Food","count":0},{"value":"Smartphones","removeText":"Category: Smartphones","name":"Category","text":"Smartphones","count":0},{"value":"Sofa","removeText":"Category: Sofa","name":"Category","text":"Sofa","count":0},{"value":"Spread","removeText":"Category: Spread","name":"Category","text":"Spread","count":0},{"value":"Storage","removeText":"Category: Storage","name":"Category","text":"Storage","count":0},{"value":"Study Table","removeText":"Category: Study Table","name":"Category","text":"Study Table","count":0},{"value":"Supplements","removeText":"Category: Supplements","name":"Category","text":"Supplements","count":0},{"value":"TROYA","removeText":"Category: TROYA","name":"Category","text":"TROYA","count":0},{"value":"TV UNIT","removeText":"Category: TV UNIT","name":"Category","text":"TV UNIT","count":0},{"value":"Tables","removeText":"Category: Tables","name":"Category","text":"Tables","count":0},{"value":"Televisions","removeText":"Category: Televisions","name":"Category","text":"Televisions","count":0},{"value":"Toppings","removeText":"Category: Toppings","name":"Category","text":"Toppings","count":0},{"value":"VALENTE","removeText":"Category: VALENTE","name":"Category","text":"VALENTE","count":0},{"value":"VISION","removeText":"Category: VISION","name":"Category","text":"VISION","count":0},{"value":"Veterinary Services","removeText":"Category: Veterinary Services","name":"Category","text":"Veterinary Services","count":0},{"value":"WOODEN","removeText":"Category: WOODEN","name":"Category","text":"WOODEN","count":0},{"value":"Wall Art","removeText":"Category: Wall Art","name":"Category","text":"Wall Art","count":0},{"value":"Wall Lights","removeText":"Category: Wall Lights","name":"Category","text":"Wall Lights","count":0},{"value":"Wardrobe","removeText":"Category: Wardrobe","name":"Category","text":"Wardrobe","count":0},{"value":"Womens Clothing","removeText":"Category: Womens Clothing","name":"Category","text":"Womens Clothing","count":0}]},{"title":"Collections","name":"Collections","facetValues":[{"value":"1 Seater Sofa","removeText":"Collections: 1 Seater Sofa","name":"Collections","text":"1 Seater Sofa","count":0},{"value":"Bed Covers","removeText":"Collections: Bed Covers","name":"Collections","text":"Bed Covers","count":0},{"value":"Bed Sheets","removeText":"Collections: Bed Sheets","name":"Collections","text":"Bed Sheets","count":0},{"value":"Beef","removeText":"Collections: Beef","name":"Collections","text":"Beef","count":0},{"value":"Benches","removeText":"Collections: Benches","name":"Collections","text":"Benches","count":0},{"value":"Blankets","removeText":"Collections: Blankets","name":"Collections","text":"Blankets","count":0},{"value":"Book Shelves","removeText":"Collections: Book Shelves","name":"Collections","text":"Book Shelves","count":0},{"value":"Cabinets","removeText":"Collections: Cabinets","name":"Collections","text":"Cabinets","count":0},{"value":"Chairs","removeText":"Collections: Chairs","name":"Collections","text":"Chairs","count":0},{"value":"Chaise loungers","removeText":"Collections: Chaise loungers","name":"Collections","text":"Chaise loungers","count":0},{"value":"Cheese","removeText":"Collections: Cheese","name":"Collections","text":"Cheese","count":0},{"value":"Chicken","removeText":"Collections: Chicken","name":"Collections","text":"Chicken","count":0},{"value":"Coffee Table","removeText":"Collections: Coffee Table","name":"Collections","text":"Coffee Table","count":0},{"value":"Comfort","removeText":"Collections: Comfort","name":"Collections","text":"Comfort","count":0},{"value":"Decorative","removeText":"Collections: Decorative","name":"Collections","text":"Decorative","count":0},{"value":"Decorative Plates","removeText":"Collections: Decorative Plates","name":"Collections","text":"Decorative Plates","count":0},{"value":"Dining","removeText":"Collections: Dining","name":"Collections","text":"Dining","count":3},{"value":"Dining Chair","removeText":"Collections: Dining Chair","name":"Collections","text":"Dining Chair","count":8},{"value":"Dining Sets","removeText":"Collections: Dining Sets","name":"Collections","text":"Dining Sets","count":6},{"value":"Dining Table","removeText":"Collections: Dining Table","name":"Collections","text":"Dining Table","count":6},{"value":"Dinner","removeText":"Collections: Dinner","name":"Collections","text":"Dinner","count":0},{"value":"Figurines","removeText":"Collections: Figurines","name":"Collections","text":"Figurines","count":0},{"value":"Floor Lamps","removeText":"Collections: Floor Lamps","name":"Collections","text":"Floor Lamps","count":0},{"value":"Folding Chairs","removeText":"Collections: Folding Chairs","name":"Collections","text":"Folding Chairs","count":0},{"value":"Foot Stools","removeText":"Collections: Foot Stools","name":"Collections","text":"Foot Stools","count":0},{"value":"Furniture","removeText":"Collections: Furniture","name":"Collections","text":"Furniture","count":0},{"value":"Gate Lights","removeText":"Collections: Gate Lights","name":"Collections","text":"Gate Lights","count":0},{"value":"Inflatable Lounge Chair","removeText":"Collections: Inflatable Lounge Chair","name":"Collections","text":"Inflatable Lounge Chair","count":0},{"value":"Interior","removeText":"Collections: Interior","name":"Collections","text":"Interior","count":0},{"value":"King Size Beds","removeText":"Collections: King Size Beds","name":"Collections","text":"King Size Beds","count":0},{"value":"Lamb","removeText":"Collections: Lamb","name":"Collections","text":"Lamb","count":0},{"value":"Meat","removeText":"Collections: Meat","name":"Collections","text":"Meat","count":0},{"value":"Metal Wall Art","removeText":"Collections: Metal Wall Art","name":"Collections","text":"Metal Wall Art","count":0},{"value":"Office Chairs","removeText":"Collections: Office Chairs","name":"Collections","text":"Office Chairs","count":0},{"value":"Patio Tables And Sets","removeText":"Collections: Patio Tables And Sets","name":"Collections","text":"Patio Tables And Sets","count":0},{"value":"Picture Lights","removeText":"Collections: Picture Lights","name":"Collections","text":"Picture Lights","count":0},{"value":"Pork","removeText":"Collections: Pork","name":"Collections","text":"Pork","count":0},{"value":"Round","removeText":"Collections: Round","name":"Collections","text":"Round","count":0},{"value":"Seafood","removeText":"Collections: Seafood","name":"Collections","text":"Seafood","count":0},{"value":"Sellers","removeText":"Collections: Sellers","name":"Collections","text":"Sellers","count":0},{"value":"Single Beds","removeText":"Collections: Single Beds","name":"Collections","text":"Single Beds","count":0},{"value":"Sofa Cum Bed","removeText":"Collections: Sofa Cum Bed","name":"Collections","text":"Sofa Cum Bed","count":0},{"value":"Study Lamps","removeText":"Collections: Study Lamps","name":"Collections","text":"Study Lamps","count":0},{"value":"Study Table","removeText":"Collections: Study Table","name":"Collections","text":"Study Table","count":0},{"value":"Table Lamps","removeText":"Collections: Table Lamps","name":"Collections","text":"Table Lamps","count":0},{"value":"Tables","removeText":"Collections: Tables","name":"Collections","text":"Tables","count":0},{"value":"Veal","removeText":"Collections: Veal","name":"Collections","text":"Veal","count":0},{"value":"Vegetable","removeText":"Collections: Vegetable","name":"Collections","text":"Vegetable","count":0},{"value":"Vegetarian","removeText":"Collections: Vegetarian","name":"Collections","text":"Vegetarian","count":0},{"value":"Vintage Decor","removeText":"Collections: Vintage Decor","name":"Collections","text":"Vintage Decor","count":0},{"value":"Wall Lanterns","removeText":"Collections: Wall Lanterns","name":"Collections","text":"Wall Lanterns","count":0},{"value":"Wardrobe","removeText":"Collections: Wardrobe","name":"Collections","text":"Wardrobe","count":0}]},{"title":"No_of_Seats","name":"No_of_Seats","facetValues":[{"value":"2","removeText":"No_of_Seats: 2","name":"No_of_Seats","text":"2","count":2},{"value":"3","removeText":"No_of_Seats: 3","name":"No_of_Seats","text":"3","count":1},{"value":"4","removeText":"No_of_Seats: 4","name":"No_of_Seats","text":"4","count":4},{"value":"6","removeText":"No_of_Seats: 6","name":"No_of_Seats","text":"6","count":3},{"value":"8","removeText":"No_of_Seats: 8","name":"No_of_Seats","text":"8","count":2}]},{"title":"Brand","name":"Brand","facetValues":[{"value":"4M Farms","removeText":"Brand: 4M Farms","name":"Brand","text":"4M Farms","count":0},{"value":"4M Farms121","removeText":"Brand: 4M Farms121","name":"Brand","text":"4M Farms121","count":0},{"value":"4MFARMS12111","removeText":"Brand: 4MFARMS12111","name":"Brand","text":"4MFARMS12111","count":0},{"value":"4m","removeText":"Brand: 4m","name":"Brand","text":"4m","count":0},{"value":"ABC Store","removeText":"Brand: ABC Store","name":"Brand","text":"ABC Store","count":0},{"value":"ABC Tekstil","removeText":"Brand: ABC Tekstil","name":"Brand","text":"ABC Tekstil","count":0},{"value":"ABC Tekstil1","removeText":"Brand: ABC Tekstil1","name":"Brand","text":"ABC Tekstil1","count":0},{"value":"Abakli","removeText":"Brand: Abakli","name":"Brand","text":"Abakli","count":0},{"value":"Abc Store","removeText":"Brand: Abc Store","name":"Brand","text":"Abc Store","count":0},{"value":"Acarer","removeText":"Brand: Acarer","name":"Brand","text":"Acarer","count":0},{"value":"Ahmet","removeText":"Brand: Ahmet","name":"Brand","text":"Ahmet","count":0},{"value":"Brandos","removeText":"Brand: Brandos","name":"Brand","text":"Brandos","count":0},{"value":"Brother","removeText":"Brand: Brother","name":"Brand","text":"Brother","count":0},{"value":"Casacraft","removeText":"Brand: Casacraft","name":"Brand","text":"Casacraft","count":23},{"value":"DATEKS","removeText":"Brand: DATEKS","name":"Brand","text":"DATEKS","count":0},{"value":"Dateks","removeText":"Brand: Dateks","name":"Brand","text":"Dateks","count":0},{"value":"Elak","removeText":"Brand: Elak","name":"Brand","text":"Elak","count":0},{"value":"Entity","removeText":"Brand: Entity","name":"Brand","text":"Entity","count":0},{"value":"Essa Veterinary","removeText":"Brand: Essa Veterinary","name":"Brand","text":"Essa Veterinary","count":0},{"value":"Essa Veterinary Services","removeText":"Brand: Essa Veterinary Services","name":"Brand","text":"Essa Veterinary Services","count":0},{"value":"Giordano","removeText":"Brand: Giordano","name":"Brand","text":"Giordano","count":0},{"value":"Huawei","removeText":"Brand: Huawei","name":"Brand","text":"Huawei","count":0},{"value":"Jakamen","removeText":"Brand: Jakamen","name":"Brand","text":"Jakamen","count":0},{"value":"Jrcc Furniture Depot","removeText":"Brand: Jrcc Furniture Depot","name":"Brand","text":"Jrcc Furniture Depot","count":0},{"value":"Kirill","removeText":"Brand: Kirill","name":"Brand","text":"Kirill","count":0},{"value":"KirillBarsukov","removeText":"Brand: KirillBarsukov","name":"Brand","text":"KirillBarsukov","count":0},{"value":"Maltepe","removeText":"Brand: Maltepe","name":"Brand","text":"Maltepe","count":0},{"value":"Mariana's clothing","removeText":"Brand: Mariana's clothing","name":"Brand","text":"Mariana's clothing","count":0},{"value":"Matalan","removeText":"Brand: Matalan","name":"Brand","text":"Matalan","count":0},{"value":"NDESIGN","removeText":"Brand: NDESIGN","name":"Brand","text":"NDESIGN","count":0},{"value":"Ndesign","removeText":"Brand: Ndesign","name":"Brand","text":"Ndesign","count":0},{"value":"OTIAD","removeText":"Brand: OTIAD","name":"Brand","text":"OTIAD","count":0},{"value":"Ordella Home","removeText":"Brand: Ordella Home","name":"Brand","text":"Ordella Home","count":0},{"value":"Puhas","removeText":"Brand: Puhas","name":"Brand","text":"Puhas","count":0},{"value":"Samsung","removeText":"Brand: Samsung","name":"Brand","text":"Samsung","count":0},{"value":"Sony","removeText":"Brand: Sony","name":"Brand","text":"Sony","count":0},{"value":"TETSIAD","removeText":"Brand: TETSIAD","name":"Brand","text":"TETSIAD","count":0},{"value":"Toshiba","removeText":"Brand: Toshiba","name":"Brand","text":"Toshiba","count":0},{"value":"Woodsworth","removeText":"Brand: Woodsworth","name":"Brand","text":"Woodsworth","count":0}]},{"title":"Material","name":"Material","facetValues":[{"value":"Acrylic","removeText":"Material: Acrylic","name":"Material","text":"Acrylic","count":0},{"value":"Beading","removeText":"Material: Beading","name":"Material","text":"Beading","count":0},{"value":"Brass","removeText":"Material: Brass","name":"Material","text":"Brass","count":0},{"value":"Cane","removeText":"Material: Cane","name":"Material","text":"Cane","count":0},{"value":"Ceramic","removeText":"Material: Ceramic","name":"Material","text":"Ceramic","count":0},{"value":"Chenille","removeText":"Material: Chenille","name":"Material","text":"Chenille","count":0},{"value":"Cotton","removeText":"Material: Cotton","name":"Material","text":"Cotton","count":0},{"value":"Crepe","removeText":"Material: Crepe","name":"Material","text":"Crepe","count":0},{"value":"Engineered Wood","removeText":"Material: Engineered Wood","name":"Material","text":"Engineered Wood","count":0},{"value":"Fabric","removeText":"Material: Fabric","name":"Material","text":"Fabric","count":4},{"value":"Fiber","removeText":"Material: Fiber","name":"Material","text":"Fiber","count":0},{"value":"Georgette","removeText":"Material: Georgette","name":"Material","text":"Georgette","count":0},{"value":"Glass","removeText":"Material: Glass","name":"Material","text":"Glass","count":0},{"value":"Iron","removeText":"Material: Iron","name":"Material","text":"Iron","count":0},{"value":"Kashmiri","removeText":"Material: Kashmiri","name":"Material","text":"Kashmiri","count":0},{"value":"Marble","removeText":"Material: Marble","name":"Material","text":"Marble","count":0},{"value":"Metal","removeText":"Material: Metal","name":"Material","text":"Metal","count":2},{"value":"Metal and Glass","removeText":"Material: Metal and Glass","name":"Material","text":"Metal and Glass","count":0},{"value":"Mikado","removeText":"Material: Mikado","name":"Material","text":"Mikado","count":0},{"value":"Nylon","removeText":"Material: Nylon","name":"Material","text":"Nylon","count":0},{"value":"Plastic","removeText":"Material: Plastic","name":"Material","text":"Plastic","count":0},{"value":"Poliester","removeText":"Material: Poliester","name":"Material","text":"Poliester","count":0},{"value":"Polyester","removeText":"Material: Polyester","name":"Material","text":"Polyester","count":0},{"value":"Polyurethane","removeText":"Material: Polyurethane","name":"Material","text":"Polyurethane","count":0},{"value":"Rubber Wood","removeText":"Material: Rubber Wood","name":"Material","text":"Rubber Wood","count":0},{"value":"Sequin","removeText":"Material: Sequin","name":"Material","text":"Sequin","count":0},{"value":"Silk","removeText":"Material: Silk","name":"Material","text":"Silk","count":0},{"value":"Steel","removeText":"Material: Steel","name":"Material","text":"Steel","count":0},{"value":"Teak Wood","removeText":"Material: Teak Wood","name":"Material","text":"Teak Wood","count":0},{"value":"Velvet","removeText":"Material: Velvet","name":"Material","text":"Velvet","count":0},{"value":"Wood","removeText":"Material: Wood","name":"Material","text":"Wood","count":15},{"value":"Wool","removeText":"Material: Wool","name":"Material","text":"Wool","count":0}]},{"title":"Sellers","name":"Sellers","facetValues":[{"value":"4M Farms","removeText":"Sellers: 4M Farms","name":"Sellers","text":"4M Farms","count":0},{"value":"4M Farms121","removeText":"Sellers: 4M Farms121","name":"Sellers","text":"4M Farms121","count":0},{"value":"4MFARMS12111","removeText":"Sellers: 4MFARMS12111","name":"Sellers","text":"4MFARMS12111","count":0},{"value":"4m","removeText":"Sellers: 4m","name":"Sellers","text":"4m","count":0},{"value":"ABC Tekstil","removeText":"Sellers: ABC Tekstil","name":"Sellers","text":"ABC Tekstil","count":0},{"value":"ABC Tekstil1","removeText":"Sellers: ABC Tekstil1","name":"Sellers","text":"ABC Tekstil1","count":0},{"value":"Abakli","removeText":"Sellers: Abakli","name":"Sellers","text":"Abakli","count":0},{"value":"Abc","removeText":"Sellers: Abc","name":"Sellers","text":"Abc","count":0},{"value":"Abc Store","removeText":"Sellers: Abc Store","name":"Sellers","text":"Abc Store","count":0},{"value":"Acarer","removeText":"Sellers: Acarer","name":"Sellers","text":"Acarer","count":0},{"value":"Ahmet","removeText":"Sellers: Ahmet","name":"Sellers","text":"Ahmet","count":0},{"value":"Brandos","removeText":"Sellers: Brandos","name":"Sellers","text":"Brandos","count":0},{"value":"Cagin Office Furniture","removeText":"Sellers: Cagin Office Furniture","name":"Sellers","text":"Cagin Office Furniture","count":0},{"value":"Canaberta","removeText":"Sellers: Canaberta","name":"Sellers","text":"Canaberta","count":0},{"value":"CasaCraft","removeText":"Sellers: CasaCraft","name":"Sellers","text":"CasaCraft","count":23},{"value":"Chimney Cake","removeText":"Sellers: Chimney Cake","name":"Sellers","text":"Chimney Cake","count":0},{"value":"Cimra Sauce","removeText":"Sellers: Cimra Sauce","name":"Sellers","text":"Cimra Sauce","count":0},{"value":"DATEKS","removeText":"Sellers: DATEKS","name":"Sellers","text":"DATEKS","count":0},{"value":"Dateks","removeText":"Sellers: Dateks","name":"Sellers","text":"Dateks","count":0},{"value":"Delta Ofis","removeText":"Sellers: Delta Ofis","name":"Sellers","text":"Delta Ofis","count":0},{"value":"Elak","removeText":"Sellers: Elak","name":"Sellers","text":"Elak","count":0},{"value":"Enne","removeText":"Sellers: Enne","name":"Sellers","text":"Enne","count":0},{"value":"Essa Veterinary Services","removeText":"Sellers: Essa Veterinary Services","name":"Sellers","text":"Essa Veterinary Services","count":0},{"value":"Flavon Max Canada","removeText":"Sellers: Flavon Max Canada","name":"Sellers","text":"Flavon Max Canada","count":0},{"value":"Giordano","removeText":"Sellers: Giordano","name":"Sellers","text":"Giordano","count":0},{"value":"Heenas Curry House","removeText":"Sellers: Heenas Curry House","name":"Sellers","text":"Heenas Curry House","count":0},{"value":"Istanbul Masko","removeText":"Sellers: Istanbul Masko","name":"Sellers","text":"Istanbul Masko","count":0},{"value":"Izmir","removeText":"Sellers: Izmir","name":"Sellers","text":"Izmir","count":0},{"value":"Jakamen","removeText":"Sellers: Jakamen","name":"Sellers","text":"Jakamen","count":0},{"value":"Jrcc Furniture Depot","removeText":"Sellers: Jrcc Furniture Depot","name":"Sellers","text":"Jrcc Furniture Depot","count":0},{"value":"Kirill","removeText":"Sellers: Kirill","name":"Sellers","text":"Kirill","count":0},{"value":"KirillBarsukov","removeText":"Sellers: KirillBarsukov","name":"Sellers","text":"KirillBarsukov","count":0},{"value":"Lamblicious","removeText":"Sellers: Lamblicious","name":"Sellers","text":"Lamblicious","count":0},{"value":"Maltepe","removeText":"Sellers: Maltepe","name":"Sellers","text":"Maltepe","count":0},{"value":"Mariana's clothing","removeText":"Sellers: Mariana's clothing","name":"Sellers","text":"Mariana's clothing","count":0},{"value":"Marios Pizza","removeText":"Sellers: Marios Pizza","name":"Sellers","text":"Marios Pizza","count":0},{"value":"Matalan","removeText":"Sellers: Matalan","name":"Sellers","text":"Matalan","count":0},{"value":"NDesign","removeText":"Sellers: NDesign","name":"Sellers","text":"NDesign","count":0},{"value":"Ndesign","removeText":"Sellers: Ndesign","name":"Sellers","text":"Ndesign","count":0},{"value":"OTIAD","removeText":"Sellers: OTIAD","name":"Sellers","text":"OTIAD","count":0},{"value":"Prairie City Soap","removeText":"Sellers: Prairie City Soap","name":"Sellers","text":"Prairie City Soap","count":0},{"value":"Raisin the Root","removeText":"Sellers: Raisin the Root","name":"Sellers","text":"Raisin the Root","count":0},{"value":"React Clothes","removeText":"Sellers: React Clothes","name":"Sellers","text":"React Clothes","count":0},{"value":"Say Cheese","removeText":"Sellers: Say Cheese","name":"Sellers","text":"Say Cheese","count":0},{"value":"TETSIAD","removeText":"Sellers: TETSIAD","name":"Sellers","text":"TETSIAD","count":0},{"value":"Testing Brandddd","removeText":"Sellers: Testing Brandddd","name":"Sellers","text":"Testing Brandddd","count":0},{"value":"The Scented Lair","removeText":"Sellers: The Scented Lair","name":"Sellers","text":"The Scented Lair","count":0},{"value":"Timberwind Farm","removeText":"Sellers: Timberwind Farm","name":"Sellers","text":"Timberwind Farm","count":0},{"value":"Woodsworth","removeText":"Sellers: Woodsworth","name":"Sellers","text":"Woodsworth","count":0}]},{"title":"Height","name":"Height","facetValues":[{"value":"12.87","removeText":"Height: 12.87","name":"Height","text":"12.87","count":0},{"value":"13","removeText":"Height: 13","name":"Height","text":"13","count":9},{"value":"14","removeText":"Height: 14","name":"Height","text":"14","count":9},{"value":"15","removeText":"Height: 15","name":"Height","text":"15","count":1},{"value":"16","removeText":"Height: 16","name":"Height","text":"16","count":1},{"value":"17","removeText":"Height: 17","name":"Height","text":"17","count":1},{"value":"170 cm","removeText":"Height: 170 cm","name":"Height","text":"170 cm","count":0},{"value":"18","removeText":"Height: 18","name":"Height","text":"18","count":0},{"value":"21","removeText":"Height: 21","name":"Height","text":"21","count":0},{"value":"53 cm","removeText":"Height: 53 cm","name":"Height","text":"53 cm","count":0},{"value":"56 cm","removeText":"Height: 56 cm","name":"Height","text":"56 cm","count":0},{"value":"70 cm","removeText":"Height: 70 cm","name":"Height","text":"70 cm","count":0},{"value":"71 cm","removeText":"Height: 71 cm","name":"Height","text":"71 cm","count":0},{"value":"75 cm","removeText":"Height: 75 cm","name":"Height","text":"75 cm","count":0},{"value":"78 cm","removeText":"Height: 78 cm","name":"Height","text":"78 cm","count":0},{"value":"80 cm","removeText":"Height: 80 cm","name":"Height","text":"80 cm","count":0},{"value":"82 cm","removeText":"Height: 82 cm","name":"Height","text":"82 cm","count":0},{"value":"83 cm","removeText":"Height: 83 cm","name":"Height","text":"83 cm","count":0},{"value":"85 cm","removeText":"Height: 85 cm","name":"Height","text":"85 cm","count":0},{"value":"88 cm","removeText":"Height: 88 cm","name":"Height","text":"88 cm","count":0},{"value":"90 cm","removeText":"Height: 90 cm","name":"Height","text":"90 cm","count":0}]}]}]}