{"page":1,"cid":"521361","url":"entertainment","name":"Entertainment","meta":{"metadescription":"","metakeywords":""},"image":"/20180522154/assets/category/images/Entertainment.jpg","thumbnail":"/20180522154/assets/category/thumbnails/Entertainment.jpg","description":"Entertainment","numberOfPages":"1","items":[{"itemLargeImage":"store/20180522154/assets/items/largeimages/AINWMSVAM0.jpg","id":321165,"code":"AINWMSVAM0","title":"Stage Shows","itemSellerLocation":"","itemSellerName":"","trimmed":false,"url":"product/stage-shows-ainwmsvam0","image":"https://s3.ca-central-1.amazonaws.com/demob2b2cs3.avetti.ca/storenoimage.jpg","count":"1","assured":0,"itemization":0,"desc":"Stage Shows","store_featured":"","cat_featured":"","new_item":"","on_sale":"","select_button":true,"currency_sign":"$","itemStarRating":"","labels":{"list_price":"List Price","no_price":"Free","you_save":"You Save","save_plus":"Plus","points":"Points Awarded","callprice":"Call for pricing","quickinfo":"Quick Info"},"price":{"type":"default","value":{"integer":"1","decimal":"00"}},"properties":{"Sys_Num_Images":"1","UPC":"","Created_By_Supplier":"20210607179","Supplier_Item_Code":"ENTERTAINMENT1","Sys_Package_Price_Enabled":"False","createtime":"2021-07-05 08:15:36","Entertainment_item":"Yes"}},{"itemLargeImage":"store/20180522154/assets/items/largeimages/AIN8HWOO33.jpg","id":321166,"code":"AIN8HWOO33","title":"Photo Booths","itemSellerLocation":"","itemSellerName":"","trimmed":false,"url":"product/entertainment/photo-booths-ain8hwoo33","image":"https://s3.ca-central-1.amazonaws.com/demob2b2cs3.avetti.ca/storenoimage.jpg","count":"2","assured":0,"itemization":0,"desc":"Photo Booths","store_featured":"","cat_featured":"","new_item":"","on_sale":"","select_button":true,"currency_sign":"$","itemStarRating":"","labels":{"list_price":"List Price","no_price":"Free","you_save":"You Save","save_plus":"Plus","points":"Points Awarded","callprice":"Call for pricing","quickinfo":"Quick Info"},"price":{"type":"default","value":{"integer":"1","decimal":"00"}},"properties":{"Sys_Num_Images":"1","UPC":"","Created_By_Supplier":"20210607179","Supplier_Item_Code":"ENTERTAINMENT2","Sys_Package_Price_Enabled":"False","createtime":"2021-07-05 08:21:34","Entertainment_item":"Yes"}},{"itemLargeImage":"store/20180522154/assets/items/largeimages/AINDXC3Z92.jpg","id":321167,"code":"AINDXC3Z92","title":"Pop-up Shops","itemSellerLocation":"","itemSellerName":"","trimmed":false,"url":"product/entertainment/pop-up-shops-aindxc3z92","image":"https://s3.ca-central-1.amazonaws.com/demob2b2cs3.avetti.ca/storenoimage.jpg","count":"3","assured":0,"itemization":0,"desc":"Pop-up Shops","store_featured":"","cat_featured":"","new_item":"","on_sale":"","select_button":true,"currency_sign":"$","itemStarRating":"","labels":{"list_price":"List Price","no_price":"Free","you_save":"You Save","save_plus":"Plus","points":"Points Awarded","callprice":"Call for pricing","quickinfo":"Quick Info"},"price":{"type":"default","value":{"integer":"1","decimal":"00"}},"properties":{"Sys_Num_Images":"1","UPC":"","Created_By_Supplier":"20210607179","Supplier_Item_Code":"ENTERTAINMENT3","Sys_Package_Price_Enabled":"False","createtime":"2021-07-05 08:30:05","Entertainment_item":"Yes"}},{"itemLargeImage":"store/20180522154/assets/items/largeimages/AIN6IBMMQ0.jpg","id":321168,"code":"AIN6IBMMQ0","title":"Live Entertainment","itemSellerLocation":"","itemSellerName":"","trimmed":false,"url":"product/entertainment/live-entertainment-ain6ibmmq0","image":"https://s3.ca-central-1.amazonaws.com/demob2b2cs3.avetti.ca/storenoimage.jpg","count":"4","assured":0,"itemization":0,"desc":"Live Entertainment","store_featured":"","cat_featured":"","new_item":"","on_sale":"","select_button":true,"currency_sign":"$","itemStarRating":"","labels":{"list_price":"List Price","no_price":"Free","you_save":"You Save","save_plus":"Plus","points":"Points Awarded","callprice":"Call for pricing","quickinfo":"Quick Info"},"price":{"type":"default","value":{"integer":"1","decimal":"00"}},"properties":{"Sys_Num_Images":"1","UPC":"","Created_By_Supplier":"20210607179","Supplier_Item_Code":"ENTERTAINMENT4","Sys_Package_Price_Enabled":"False","createtime":"2021-07-05 08:33:50","Entertainment_item":"Yes"}}],"itemsCount":"4","facets":[{"Price":[{"value":"[1.00 TO 4.99]","removeText":"Price: 1.00  - 4.99","text":"1.00  - 4.99","count":4}]},{"Reviews":[{"value":"[0.5 TO 1.5]","removeText":"Review: 1 Stars","text":1,"count":0},{"value":"[1.5 TO 2.5]","removeText":"Review: 2 Stars","text":2,"count":0},{"value":"[2.5 TO 3.5]","removeText":"Review: 3 Stars","text":3,"count":0},{"value":"[3.5 TO 4.5]","removeText":"Review: 4 Stars","text":4,"count":0},{"value":"[4.5 TO 5.5]","removeText":"Review: 5 Stars","text":5,"count":0}]}]}