{"cid":"521468","name":"Shopping","meta":{"metadescription":"","metakeywords":""},"image":"/20180522154/assets/category/images/Shopping.jpg","thumbnail":"/20180522154/assets/category/thumbnails/Shopping.jpg","description":"Shopping","numberOfPages":"3","itemsCount":"55","facets":[{"Price":[{"value":"[550.00 TO 749.99]","removeText":"Price: 550.00  - 749.99","text":"550.00  - 749.99","count":13},{"value":"[750.00 TO 799.99]","removeText":"Price: 750.00  - 799.99","text":"750.00  - 799.99","count":15},{"value":"[950.00 TO 999.99]","removeText":"Price: 950.00  - 999.99","text":"950.00  - 999.99","count":4},{"value":"[1000.00 TO 1499.99]","removeText":"Price: 1000.00  - 1499.99","text":"1000.00  - 1499.99","count":23}]},{"Reviews":[{"value":"[0.5 TO 1.5]","removeText":"Review: 1 Stars","text":1,"count":0},{"value":"[1.5 TO 2.5]","removeText":"Review: 2 Stars","text":2,"count":0},{"value":"[2.5 TO 3.5]","removeText":"Review: 3 Stars","text":3,"count":1},{"value":"[3.5 TO 4.5]","removeText":"Review: 4 Stars","text":4,"count":3},{"value":"[4.5 TO 5.5]","removeText":"Review: 5 Stars","text":5,"count":2}]},{"Other":[{"title":"Color","name":"Color","facetValues":[{"value":"Beige","removeText":"Color: Beige","name":"Color","text":"Beige","count":1},{"value":"Black","removeText":"Color: Black","name":"Color","text":"Black","count":13},{"value":"Blue","removeText":"Color: Blue","name":"Color","text":"Blue","count":7},{"value":"Brown","removeText":"Color: Brown","name":"Color","text":"Brown","count":2},{"value":"Cream","removeText":"Color: Cream","name":"Color","text":"Cream","count":0},{"value":"Garnet Red","removeText":"Color: Garnet Red","name":"Color","text":"Garnet Red","count":0},{"value":"Gold","removeText":"Color: Gold","name":"Color","text":"Gold","count":0},{"value":"Golden","removeText":"Color: Golden","name":"Color","text":"Golden","count":1},{"value":"Green","removeText":"Color: Green","name":"Color","text":"Green","count":1},{"value":"Grey","removeText":"Color: Grey","name":"Color","text":"Grey","count":2},{"value":"Ice Blue","removeText":"Color: Ice Blue","name":"Color","text":"Ice Blue","count":0},{"value":"Indigo","removeText":"Color: Indigo","name":"Color","text":"Indigo","count":0},{"value":"Light Blue","removeText":"Color: Light Blue","name":"Color","text":"Light Blue","count":0},{"value":"Maroon","removeText":"Color: Maroon","name":"Color","text":"Maroon","count":1},{"value":"Multi Color","removeText":"Color: Multi Color","name":"Color","text":"Multi Color","count":0},{"value":"MultiColor","removeText":"Color: MultiColor","name":"Color","text":"MultiColor","count":0},{"value":"Multicolor","removeText":"Color: Multicolor","name":"Color","text":"Multicolor","count":0},{"value":"Navy Blue","removeText":"Color: Navy Blue","name":"Color","text":"Navy Blue","count":10},{"value":"Olive","removeText":"Color: Olive","name":"Color","text":"Olive","count":1},{"value":"Orange","removeText":"Color: Orange","name":"Color","text":"Orange","count":2},{"value":"Pink","removeText":"Color: Pink","name":"Color","text":"Pink","count":6},{"value":"Purple","removeText":"Color: Purple","name":"Color","text":"Purple","count":1},{"value":"Red","removeText":"Color: Red","name":"Color","text":"Red","count":4},{"value":"Rose","removeText":"Color: Rose","name":"Color","text":"Rose","count":1},{"value":"Silver","removeText":"Color: Silver","name":"Color","text":"Silver","count":1},{"value":"White","removeText":"Color: White","name":"Color","text":"White","count":4},{"value":"Yellow","removeText":"Color: Yellow","name":"Color","text":"Yellow","count":3},{"value":"blue","removeText":"Color: blue","name":"Color","text":"blue","count":0},{"value":"red","removeText":"Color: red","name":"Color","text":"red","count":0}]},{"title":"Cut","name":"Cut","facetValues":[{"value":"A-line","removeText":"Cut: A-line","name":"Cut","text":"A-line","count":8},{"value":"Column","removeText":"Cut: Column","name":"Cut","text":"Column","count":11},{"value":"Midi","removeText":"Cut: Midi","name":"Cut","text":"Midi","count":4}]},{"title":"Back_Neckline","name":"Back_Neckline","facetValues":[{"value":"Bateau","removeText":"Back_Neckline: Bateau","name":"Back_Neckline","text":"Bateau","count":3},{"value":"Keyhole","removeText":"Back_Neckline: Keyhole","name":"Back_Neckline","text":"Keyhole","count":9},{"value":"Open","removeText":"Back_Neckline: Open","name":"Back_Neckline","text":"Open","count":4},{"value":"Straps","removeText":"Back_Neckline: Straps","name":"Back_Neckline","text":"Straps","count":7}]},{"title":"Neckline","name":"Neckline","facetValues":[{"value":"Asymmetrical","removeText":"Neckline: Asymmetrical","name":"Neckline","text":"Asymmetrical","count":3},{"value":"Crew","removeText":"Neckline: Crew","name":"Neckline","text":"Crew","count":2},{"value":"Queen Anne","removeText":"Neckline: Queen Anne","name":"Neckline","text":"Queen Anne","count":2},{"value":"Round","removeText":"Neckline: Round","name":"Neckline","text":"Round","count":4},{"value":"Square","removeText":"Neckline: Square","name":"Neckline","text":"Square","count":1},{"value":"Stapless","removeText":"Neckline: Stapless","name":"Neckline","text":"Stapless","count":1},{"value":"Straps","removeText":"Neckline: Straps","name":"Neckline","text":"Straps","count":6},{"value":"V-neck","removeText":"Neckline: V-neck","name":"Neckline","text":"V-neck","count":5}]},{"title":"Sleeves","name":"Sleeves","facetValues":[{"value":"Butterfly","removeText":"Sleeves: Butterfly","name":"Sleeves","text":"Butterfly","count":5},{"value":"Full","removeText":"Sleeves: Full","name":"Sleeves","text":"Full","count":2},{"value":"Full Sleeves","removeText":"Sleeves: Full Sleeves","name":"Sleeves","text":"Full Sleeves","count":0},{"value":"Half Sleeves","removeText":"Sleeves: Half Sleeves","name":"Sleeves","text":"Half Sleeves","count":0},{"value":"Short","removeText":"Sleeves: Short","name":"Sleeves","text":"Short","count":2},{"value":"Sleeveless","removeText":"Sleeves: Sleeveless","name":"Sleeves","text":"Sleeveless","count":14},{"value":"Three-quarter","removeText":"Sleeves: Three-quarter","name":"Sleeves","text":"Three-quarter","count":1}]},{"title":"Material","name":"Material","facetValues":[{"value":"Acrylic","removeText":"Material: Acrylic","name":"Material","text":"Acrylic","count":0},{"value":"Beading","removeText":"Material: Beading","name":"Material","text":"Beading","count":6},{"value":"Brass","removeText":"Material: Brass","name":"Material","text":"Brass","count":0},{"value":"Cane","removeText":"Material: Cane","name":"Material","text":"Cane","count":0},{"value":"Ceramic","removeText":"Material: Ceramic","name":"Material","text":"Ceramic","count":0},{"value":"Chenille","removeText":"Material: Chenille","name":"Material","text":"Chenille","count":0},{"value":"Cotton","removeText":"Material: Cotton","name":"Material","text":"Cotton","count":5},{"value":"Crepe","removeText":"Material: Crepe","name":"Material","text":"Crepe","count":7},{"value":"Engineered Wood","removeText":"Material: Engineered Wood","name":"Material","text":"Engineered Wood","count":0},{"value":"Fabric","removeText":"Material: Fabric","name":"Material","text":"Fabric","count":0},{"value":"Fiber","removeText":"Material: Fiber","name":"Material","text":"Fiber","count":0},{"value":"Georgette","removeText":"Material: Georgette","name":"Material","text":"Georgette","count":5},{"value":"Glass","removeText":"Material: Glass","name":"Material","text":"Glass","count":0},{"value":"Iron","removeText":"Material: Iron","name":"Material","text":"Iron","count":0},{"value":"Kashmiri","removeText":"Material: Kashmiri","name":"Material","text":"Kashmiri","count":0},{"value":"Marble","removeText":"Material: Marble","name":"Material","text":"Marble","count":0},{"value":"Metal","removeText":"Material: Metal","name":"Material","text":"Metal","count":0},{"value":"Metal and Glass","removeText":"Material: Metal and Glass","name":"Material","text":"Metal and Glass","count":0},{"value":"Mikado","removeText":"Material: Mikado","name":"Material","text":"Mikado","count":2},{"value":"Nylon","removeText":"Material: Nylon","name":"Material","text":"Nylon","count":1},{"value":"Plastic","removeText":"Material: Plastic","name":"Material","text":"Plastic","count":0},{"value":"Poliester","removeText":"Material: Poliester","name":"Material","text":"Poliester","count":0},{"value":"Polyester","removeText":"Material: Polyester","name":"Material","text":"Polyester","count":23},{"value":"Polyurethane","removeText":"Material: Polyurethane","name":"Material","text":"Polyurethane","count":2},{"value":"Rubber Wood","removeText":"Material: Rubber Wood","name":"Material","text":"Rubber Wood","count":0},{"value":"Sequin","removeText":"Material: Sequin","name":"Material","text":"Sequin","count":6},{"value":"Silk","removeText":"Material: Silk","name":"Material","text":"Silk","count":0},{"value":"Steel","removeText":"Material: Steel","name":"Material","text":"Steel","count":0},{"value":"Teak Wood","removeText":"Material: Teak Wood","name":"Material","text":"Teak Wood","count":0},{"value":"Velvet","removeText":"Material: Velvet","name":"Material","text":"Velvet","count":0},{"value":"Wood","removeText":"Material: Wood","name":"Material","text":"Wood","count":0},{"value":"Wool","removeText":"Material: Wool","name":"Material","text":"Wool","count":3}]},{"title":"Sellers","name":"Sellers","facetValues":[{"value":"4M Farms","removeText":"Sellers: 4M Farms","name":"Sellers","text":"4M Farms","count":0},{"value":"4M Farms121","removeText":"Sellers: 4M Farms121","name":"Sellers","text":"4M Farms121","count":0},{"value":"4MFARMS12111","removeText":"Sellers: 4MFARMS12111","name":"Sellers","text":"4MFARMS12111","count":0},{"value":"4m","removeText":"Sellers: 4m","name":"Sellers","text":"4m","count":0},{"value":"ABC Tekstil","removeText":"Sellers: ABC Tekstil","name":"Sellers","text":"ABC Tekstil","count":0},{"value":"ABC Tekstil1","removeText":"Sellers: ABC Tekstil1","name":"Sellers","text":"ABC Tekstil1","count":0},{"value":"Abakli","removeText":"Sellers: Abakli","name":"Sellers","text":"Abakli","count":0},{"value":"Abc","removeText":"Sellers: Abc","name":"Sellers","text":"Abc","count":0},{"value":"Abc Store","removeText":"Sellers: Abc Store","name":"Sellers","text":"Abc Store","count":0},{"value":"Acarer","removeText":"Sellers: Acarer","name":"Sellers","text":"Acarer","count":0},{"value":"Ahmet","removeText":"Sellers: Ahmet","name":"Sellers","text":"Ahmet","count":0},{"value":"Brandos","removeText":"Sellers: Brandos","name":"Sellers","text":"Brandos","count":0},{"value":"Cagin Office Furniture","removeText":"Sellers: Cagin Office Furniture","name":"Sellers","text":"Cagin Office Furniture","count":0},{"value":"Canaberta","removeText":"Sellers: Canaberta","name":"Sellers","text":"Canaberta","count":0},{"value":"CasaCraft","removeText":"Sellers: CasaCraft","name":"Sellers","text":"CasaCraft","count":0},{"value":"Chimney Cake","removeText":"Sellers: Chimney Cake","name":"Sellers","text":"Chimney Cake","count":0},{"value":"Cimra Sauce","removeText":"Sellers: Cimra Sauce","name":"Sellers","text":"Cimra Sauce","count":0},{"value":"DATEKS","removeText":"Sellers: DATEKS","name":"Sellers","text":"DATEKS","count":0},{"value":"Dateks","removeText":"Sellers: Dateks","name":"Sellers","text":"Dateks","count":0},{"value":"Delta Ofis","removeText":"Sellers: Delta Ofis","name":"Sellers","text":"Delta Ofis","count":0},{"value":"Elak","removeText":"Sellers: Elak","name":"Sellers","text":"Elak","count":3},{"value":"Enne","removeText":"Sellers: Enne","name":"Sellers","text":"Enne","count":0},{"value":"Essa Veterinary Services","removeText":"Sellers: Essa Veterinary Services","name":"Sellers","text":"Essa Veterinary Services","count":0},{"value":"Flavon Max Canada","removeText":"Sellers: Flavon Max Canada","name":"Sellers","text":"Flavon Max Canada","count":0},{"value":"Giordano","removeText":"Sellers: Giordano","name":"Sellers","text":"Giordano","count":0},{"value":"Heenas Curry House","removeText":"Sellers: Heenas Curry House","name":"Sellers","text":"Heenas Curry House","count":0},{"value":"Istanbul Masko","removeText":"Sellers: Istanbul Masko","name":"Sellers","text":"Istanbul Masko","count":0},{"value":"Izmir","removeText":"Sellers: Izmir","name":"Sellers","text":"Izmir","count":0},{"value":"Jakamen","removeText":"Sellers: Jakamen","name":"Sellers","text":"Jakamen","count":0},{"value":"Jrcc Furniture Depot","removeText":"Sellers: Jrcc Furniture Depot","name":"Sellers","text":"Jrcc Furniture Depot","count":0},{"value":"Kirill","removeText":"Sellers: Kirill","name":"Sellers","text":"Kirill","count":0},{"value":"KirillBarsukov","removeText":"Sellers: KirillBarsukov","name":"Sellers","text":"KirillBarsukov","count":0},{"value":"Lamblicious","removeText":"Sellers: Lamblicious","name":"Sellers","text":"Lamblicious","count":0},{"value":"Maltepe","removeText":"Sellers: Maltepe","name":"Sellers","text":"Maltepe","count":0},{"value":"Mariana's clothing","removeText":"Sellers: Mariana's clothing","name":"Sellers","text":"Mariana's clothing","count":0},{"value":"Marios Pizza","removeText":"Sellers: Marios Pizza","name":"Sellers","text":"Marios Pizza","count":0},{"value":"Matalan","removeText":"Sellers: Matalan","name":"Sellers","text":"Matalan","count":52},{"value":"NDesign","removeText":"Sellers: NDesign","name":"Sellers","text":"NDesign","count":0},{"value":"Ndesign","removeText":"Sellers: Ndesign","name":"Sellers","text":"Ndesign","count":0},{"value":"OTIAD","removeText":"Sellers: OTIAD","name":"Sellers","text":"OTIAD","count":6},{"value":"Prairie City Soap","removeText":"Sellers: Prairie City Soap","name":"Sellers","text":"Prairie City Soap","count":0},{"value":"Raisin the Root","removeText":"Sellers: Raisin the Root","name":"Sellers","text":"Raisin the Root","count":0},{"value":"React Clothes","removeText":"Sellers: React Clothes","name":"Sellers","text":"React Clothes","count":0},{"value":"Say Cheese","removeText":"Sellers: Say Cheese","name":"Sellers","text":"Say Cheese","count":0},{"value":"TETSIAD","removeText":"Sellers: TETSIAD","name":"Sellers","text":"TETSIAD","count":0},{"value":"Testing Brandddd","removeText":"Sellers: Testing Brandddd","name":"Sellers","text":"Testing Brandddd","count":0},{"value":"The Scented Lair","removeText":"Sellers: The Scented Lair","name":"Sellers","text":"The Scented Lair","count":0},{"value":"Timberwind Farm","removeText":"Sellers: Timberwind Farm","name":"Sellers","text":"Timberwind Farm","count":0},{"value":"Woodsworth","removeText":"Sellers: Woodsworth","name":"Sellers","text":"Woodsworth","count":0}]}]}],"page":3,"url":"shopping/3","items":[{"itemLargeImage":"store/20180522154/assets/items/largeimages/AINOCA5282.jpg","id":307037,"code":"AINOCA5282","title":"Powder Pink Sunrise Sequin Dress","itemSellerLocation":"","itemSellerName":"","trimmed":false,"url":"product/womens/powder-pink-sunrise-sequin-dress-ainoca5282","image":"https://s3.ca-central-1.amazonaws.com/demob2b2cs3.avetti.ca/store/20180522154/assets/items/images/AINOCA5282.jpg","count":"1","assured":0,"itemization":0,"desc":"","store_featured":"","cat_featured":"","new_item":"","on_sale":"","select_button":true,"currency_sign":"$","itemStarRating":"","labels":{"list_price":"List Price","no_price":"Free","you_save":"You Save","save_plus":"Plus","points":"Points Awarded","callprice":"Call for pricing","quickinfo":"Quick Info"},"price":{"type":"normal","list_price":"1,520 ","save":{"percent":"8","value":"120 "},"value":{"integer":"1,400","decimal":"00"}},"properties":{"Sys_Merchandising_Priority":"983","Sys_Num_Images":"6","UPC":"370306992122305","Created_By_Supplier":"20210607177","Supplier_Item_Code":"W9","Material":"Polyester","Color":"Pink","createtime":"2020-12-23 05:50:41","Sleeves":"Three-quarter","Upper_Mold":"Comfortable","Back_Neckline":"Straps","Cut":"Midi","Neckline":"Round","OFFERTYPE":"rfqcart","Sys_Order":"983"}},{"itemLargeImage":"store/20180522154/assets/items/largeimages/AIN3X4ZD73.jpg","id":307038,"code":"AIN3X4ZD73","title":"Blue Boat Neck Maxi Dress","itemSellerLocation":"","itemSellerName":"","trimmed":false,"url":"product/womens/blue-boat-neck-maxi-dress-ain3x4zd73","image":"https://s3.ca-central-1.amazonaws.com/demob2b2cs3.avetti.ca/store/20180522154/assets/items/images/AIN3X4ZD73.jpg","count":"2","assured":0,"itemization":0,"desc":"","store_featured":"","cat_featured":"","new_item":"","on_sale":"","select_button":true,"currency_sign":"$","itemStarRating":"","labels":{"list_price":"List Price","no_price":"Free","you_save":"You Save","save_plus":"Plus","points":"Points Awarded","callprice":"Call for pricing","quickinfo":"Quick Info"},"price":{"type":"normal","list_price":"1,200 ","save":{"percent":"17","value":"200 "},"value":{"integer":"1,000","decimal":"00"}},"properties":{"Sys_Merchandising_Priority":"982","Sys_Num_Images":"6","UPC":"370306993122305","Created_By_Supplier":"20210607177","Supplier_Item_Code":"W10","Material":"Georgette","Color":"Black","createtime":"2020-12-23 05:50:41","Sleeves":"Sleeveless","Upper_Mold":"Relaxed","Back_Neckline":"Keyhole","Cut":"Column","Neckline":"Round","OFFERTYPE":"rfqcart","Sys_Order":"982"}},{"itemLargeImage":"store/20180522154/assets/items/largeimages/AINVLFYD73.jpg","id":307039,"code":"AINVLFYD73","title":"Own Your Elegance Maroon Dress","itemSellerLocation":"","itemSellerName":"","trimmed":false,"url":"product/womens/own-your-elegance-maroon-dress-ainvlfyd73","image":"https://s3.ca-central-1.amazonaws.com/demob2b2cs3.avetti.ca/store/20180522154/assets/items/images/AINVLFYD73.jpg","count":"3","assured":0,"itemization":0,"desc":"","store_featured":"","cat_featured":"","new_item":"","on_sale":"","select_button":true,"currency_sign":"$","itemStarRating":"","labels":{"list_price":"List Price","no_price":"Free","you_save":"You Save","save_plus":"Plus","points":"Points Awarded","callprice":"Call for pricing","quickinfo":"Quick Info"},"price":{"type":"normal","list_price":"1,520 ","save":{"percent":"8","value":"120 "},"value":{"integer":"1,400","decimal":"00"}},"properties":{"Sys_Merchandising_Priority":"981","Sys_Num_Images":"6","UPC":"370306994122305","Created_By_Supplier":"20210607177","Supplier_Item_Code":"W11","Material":"Polyester","Color":"Maroon","createtime":"2020-12-23 05:50:41","Sleeves":"Sleeveless","Upper_Mold":"Comfortable","Back_Neckline":"Bateau","Cut":"A-line","Neckline":"V-neck","OFFERTYPE":"rfqcart","Sys_Order":"981"}},{"itemLargeImage":"store/20180522154/assets/items/largeimages/AINOAQXD73.jpg","id":307040,"code":"AINOAQXD73","title":"Dusty Rose Sequins Dress","itemSellerLocation":"","itemSellerName":"","trimmed":false,"url":"product/womens/dusty-rose-sequins-dress-ainoaqxd73","image":"https://s3.ca-central-1.amazonaws.com/demob2b2cs3.avetti.ca/store/20180522154/assets/items/images/AINOAQXD73.jpg","count":"4","assured":0,"itemization":0,"desc":"","store_featured":"","cat_featured":"","new_item":"","on_sale":"","select_button":true,"currency_sign":"$","itemStarRating":"","labels":{"list_price":"List Price","no_price":"Free","you_save":"You Save","save_plus":"Plus","points":"Points Awarded","callprice":"Call for pricing","quickinfo":"Quick Info"},"price":{"type":"normal","list_price":"1,000 ","save":{"percent":"4","value":"40 "},"value":{"integer":"960","decimal":"00"}},"properties":{"Sys_Merchandising_Priority":"980","Sys_Num_Images":"6","UPC":"370306995122305","Created_By_Supplier":"20210607177","Supplier_Item_Code":"W12","Material":"Sequin","Color":"Rose","createtime":"2020-12-23 05:50:41","Sleeves":"Full","Upper_Mold":"Fitted","Back_Neckline":"Open","Cut":"Column","Neckline":"Round","OFFERTYPE":"rfqcart","Sys_Order":"980"}},{"itemLargeImage":"store/20180522154/assets/items/largeimages/AINHY1XD73.jpg","id":307041,"code":"AINHY1XD73","title":"White A-symmetrical Bow Dress","itemSellerLocation":"","itemSellerName":"","trimmed":false,"url":"product/womens/white-a-symmetrical-bow-dress-ainhy1xd73","image":"https://s3.ca-central-1.amazonaws.com/demob2b2cs3.avetti.ca/store/20180522154/assets/items/images/AINHY1XD73.jpg","count":"5","assured":0,"itemization":0,"desc":"","store_featured":"","cat_featured":"","new_item":"","on_sale":"","select_button":true,"currency_sign":"$","itemStarRating":"","labels":{"list_price":"List Price","no_price":"Free","you_save":"You Save","save_plus":"Plus","points":"Points Awarded","callprice":"Call for pricing","quickinfo":"Quick Info"},"price":{"type":"normal","list_price":"1,520 ","save":{"percent":"8","value":"120 "},"value":{"integer":"1,400","decimal":"00"}},"properties":{"Sys_Merchandising_Priority":"979","Sys_Num_Images":"6","UPC":"370306996122305","Created_By_Supplier":"20210607177","Supplier_Item_Code":"W13","Material":"Crepe","Color":"White","createtime":"2020-12-23 05:50:41","Sleeves":"Sleeveless","Upper_Mold":"Regular Fit","Back_Neckline":"Keyhole","Cut":"Column","Neckline":"Round","OFFERTYPE":"rfqcart","Sys_Order":"979"}},{"itemLargeImage":"store/20180522154/assets/items/largeimages/AINANCWD73.jpg","id":307042,"code":"AINANCWD73","title":"Red Edging Towards Style Dress","itemSellerLocation":"","itemSellerName":"","trimmed":false,"url":"product/womens/red-edging-towards-style-dress-ainancwd73","image":"https://s3.ca-central-1.amazonaws.com/demob2b2cs3.avetti.ca/store/20180522154/assets/items/images/AINANCWD73.jpg","count":"6","assured":0,"itemization":0,"desc":"","store_featured":"","cat_featured":"","new_item":"","on_sale":"","select_button":true,"currency_sign":"$","itemStarRating":"","labels":{"list_price":"List Price","no_price":"Free","you_save":"You Save","save_plus":"Plus","points":"Points Awarded","callprice":"Call for pricing","quickinfo":"Quick Info"},"price":{"type":"normal","list_price":"800 ","save":{"percent":"6","value":"50 "},"value":{"integer":"750","decimal":"00"}},"properties":{"Sys_Merchandising_Priority":"978","Sys_Num_Images":"6","UPC":"370306997122305","Created_By_Supplier":"20210607177","Supplier_Item_Code":"W14","Material":"Polyester","Color":"Red","createtime":"2020-12-23 05:50:41","Sleeves":"Sleeveless","Upper_Mold":"Comfortable","Back_Neckline":"Keyhole","Cut":"A-line","Neckline":"Asymmetrical","OFFERTYPE":"rfqcart","Sys_Order":"978"}},{"itemLargeImage":"store/20180522154/assets/items/largeimages/AIN3CNVD73.jpg","id":307043,"code":"AIN3CNVD73","title":"Red Solid Mini Dress","itemSellerLocation":"","itemSellerName":"","trimmed":false,"url":"product/womens/red-solid-mini-dress-ain3cnvd73","image":"https://s3.ca-central-1.amazonaws.com/demob2b2cs3.avetti.ca/store/20180522154/assets/items/images/AIN3CNVD73.jpg","count":"7","assured":0,"itemization":0,"desc":"","store_featured":"","cat_featured":"","new_item":"","on_sale":"","select_button":true,"currency_sign":"$","itemStarRating":"","labels":{"list_price":"List Price","no_price":"Free","you_save":"You Save","save_plus":"Plus","points":"Points Awarded","callprice":"Call for pricing","quickinfo":"Quick Info"},"price":{"type":"normal","list_price":"800 ","save":{"percent":"6","value":"50 "},"value":{"integer":"750","decimal":"00"}},"properties":{"Sys_Merchandising_Priority":"977","Sys_Num_Images":"6","UPC":"370306998122305","Created_By_Supplier":"20210607177","Supplier_Item_Code":"W15","Material":"Cotton","Color":"Red","createtime":"2020-12-23 05:50:41","Sleeves":"Sleeveless","Upper_Mold":"Relaxed","Back_Neckline":"Keyhole","Cut":"Column","Neckline":"Square","OFFERTYPE":"rfqcart","Sys_Order":"977"}}]}