{"page":1,"cid":"521468","url":"shopping","name":"Shopping","meta":{"metadescription":"","metakeywords":""},"image":"/20180522154/assets/category/images/Shopping.jpg","thumbnail":"/20180522154/assets/category/thumbnails/Shopping.jpg","description":"Shopping","numberOfPages":"3","items":[{"itemLargeImage":"store/20180522154/assets/items/largeimages/AINN8XOKJ2.jpg","id":321179,"code":"AINN8XOKJ2","title":"Snake Print Peplum Top","itemSellerLocation":"","itemSellerName":"","trimmed":false,"url":"product/womens/snake-print-peplum-top-ainn8xokj2","image":"https://s3.ca-central-1.amazonaws.com/demob2b2cs3.avetti.ca/store/20180522154/assets/items/images/AINN8XOKJ2.jpg","count":"1","assured":0,"itemization":0,"desc":"Snake Print Peplum Top","store_featured":"","cat_featured":"","new_item":"","on_sale":"","select_button":true,"currency_sign":"$","itemStarRating":"","labels":{"list_price":"List Price","no_price":"Free","you_save":"You Save","save_plus":"Plus","points":"Points Awarded","callprice":"Call for pricing","quickinfo":"Quick Info"},"price":{"type":"default","value":{"integer":"550","decimal":"00"}},"properties":{"Sys_Merchandising_Priority":"9999","Sys_Num_Images":"4","UPC":"","Created_By_Supplier":"20210607177","Supplier_Item_Code":"PRODUCT001-S-B","Sys_Package_Price_Enabled":"False","Size":"Small","Color":"Black","createtime":"2021-07-05 10:07:07","Sleeves":"Full","Pattern":"Snake Print","Neckline":"V-neck","Curbside_Pickup":"Al Nahda St - Al NahdaAl Nahda 1 - Sharjah - United Arab Emirates"}},{"itemLargeImage":"store/20180522154/assets/items/largeimages/AINB75HE93.jpg","id":321196,"code":"AINB75HE93","title":"Turtleneck Sweater","itemSellerLocation":"","itemSellerName":"","trimmed":false,"url":"product/mens/turtleneck-sweater-ainb75he93","image":"https://s3.ca-central-1.amazonaws.com/demob2b2cs3.avetti.ca/store/20180522154/assets/items/images/AINB75HE93.jpg","count":"2","assured":0,"itemization":0,"desc":"","store_featured":"","cat_featured":"","new_item":"","on_sale":"","select_button":true,"currency_sign":"$","itemStarRating":"","labels":{"list_price":"List Price","no_price":"Free","you_save":"You Save","save_plus":"Plus","points":"Points Awarded","callprice":"Call for pricing","quickinfo":"Quick Info"},"price":{"type":"normal","list_price":"750 ","save":{"percent":"7","value":"50 "},"value":{"integer":"700","decimal":"00"}},"properties":{"Sys_Merchandising_Priority":"9999","Sys_Num_Images":"6","UPC":"","Created_By_Supplier":"20210607177","Supplier_Item_Code":"M1-S-G","Sys_Package_Price_Enabled":"False","Material":"Wool","Color":"Grey","createtime":"2021-07-01 10:03:28","Collor":"Turtleneck","Body_Size":"42","Pattern":"Knitting","Upper_Mold":"Slim Fit","ITEM_TYPE":"2","OFFERTYPE":"rfqcart","Curbside_Pickup":"Al Nahda St - Al NahdaAl Nahda 1 - Sharjah - United Arab Emirates"}},{"itemLargeImage":"store/20180522154/assets/items/largeimages/AINC655282.jpg","id":307044,"code":"AINC655282","title":"Baby Pink Sequin Top With Pant","itemSellerLocation":"","itemSellerName":"","trimmed":false,"url":"product/kids/baby-pink-sequin-top-with-pant-ainc655282","image":"https://s3.ca-central-1.amazonaws.com/demob2b2cs3.avetti.ca/store/20180522154/assets/items/images/AINC655282.jpg","count":"3","assured":0,"itemization":0,"desc":"","store_featured":"","cat_featured":"","new_item":"","on_sale":"","select_button":true,"currency_sign":"$","itemStarRating":"","labels":{"list_price":"List Price","no_price":"Free","you_save":"You Save","save_plus":"Plus","points":"Points Awarded","callprice":"Call for pricing","quickinfo":"Quick Info"},"price":{"type":"normal","list_price":"750 ","save":{"percent":"7","value":"50 "},"value":{"integer":"700","decimal":"00"}},"properties":{"Sys_Merchandising_Priority":"1000","Sys_Num_Images":"6","UPC":"370306999122306","Created_By_Supplier":"20210607177","Supplier_Item_Code":"K1","Sys_Package_Price_Enabled":"False","Material":"Sequin","Color":"Pink","createtime":"2020-12-23 06:30:08","Gender":"Girl","Upper_Mold":"Regular Fit","OFFERTYPE":"rfqcart","Sys_Order":"1000"}},{"itemLargeImage":"store/20180522154/assets/items/largeimages/AIN34RZUX0.jpg","id":315627,"code":"AIN34RZUX0","title":"Bell Sleeve Fit & Flare Dress","itemSellerLocation":"","itemSellerName":"","trimmed":false,"url":"product/womens/bell-sleeve-fit-flare-dress-ain34rzux0","image":"https://s3.ca-central-1.amazonaws.com/demob2b2cs3.avetti.ca/store/20180522154/assets/items/images/AIN34RZUX0.jpg","count":"4","assured":0,"itemization":0,"desc":"","store_featured":"","cat_featured":"","new_item":"","on_sale":"","select_button":true,"currency_sign":"$","itemStarRating":"","labels":{"list_price":"List Price","no_price":"Free","you_save":"You Save","save_plus":"Plus","points":"Points Awarded","callprice":"Call for pricing","quickinfo":"Quick Info"},"price":{"type":"normal","list_price":"1,200 ","save":{"percent":"17","value":"200 "},"value":{"integer":"1,000","decimal":"00"}},"properties":{"Sys_Merchandising_Priority":"1000","Sys_Num_Images":"6","UPC":"378315621020407","Created_By_Supplier":"20210607180","Supplier_Item_Code":"A-WOMEN-1","Material":"Beading","Color":"Red","createtime":"2021-02-04 07:58:28","Sleeves":"Sleeveless","Back_Neckline":"Straps","Cut":"A-line","Neckline":"Straps","ITEM_TYPE":"2","Sys_Order":"1000"}},{"itemLargeImage":"store/20180522154/assets/items/largeimages/AINZSP6282.jpg","id":307015,"code":"AINZSP6282","title":"Velvet Classic Collar Oversized Fit Doub...","itemSellerLocation":"","itemSellerName":"","trimmed":false,"url":"product/mens/velvet-classic-collar-oversized-fit-double-pocket-shirt-ainzsp6282","image":"https://s3.ca-central-1.amazonaws.com/demob2b2cs3.avetti.ca/store/20180522154/assets/items/images/AINZSP6282.jpg","count":"5","assured":0,"itemization":0,"desc":"","store_featured":"","cat_featured":"","new_item":"","on_sale":"","select_button":true,"currency_sign":"$","itemStarRating":"","labels":{"list_price":"List Price","no_price":"Free","you_save":"You Save","save_plus":"Plus","points":"Points Awarded","callprice":"Call for pricing","quickinfo":"Quick Info"},"price":{"type":"normal","list_price":"600 ","save":{"percent":"8","value":"50 "},"value":{"integer":"550","decimal":"00"}},"properties":{"Sys_Merchandising_Priority":"999","Sys_Num_Images":"6","UPC":"370306970122304","Created_By_Supplier":"20210607177","Supplier_Item_Code":"M2","Material":"Polyester","Color":"White","createtime":"2020-12-23 04:59:29","Collor":"Classic Collar","Body_Size":"44","Pattern":"Plain","Upper_Mold":"Slim Fit","OFFERTYPE":"rfqcart","Sys_Order":"999"}},{"itemLargeImage":"store/20180522154/assets/items/largeimages/AIN2FPRN72.jpg","id":307045,"code":"AIN2FPRN72","title":"Peach Doll Dress","itemSellerLocation":"","itemSellerName":"","trimmed":false,"url":"product/kids/peach-doll-dress-ain2fprn72","image":"https://s3.ca-central-1.amazonaws.com/demob2b2cs3.avetti.ca/store/20180522154/assets/items/images/AIN2FPRN72.jpg","count":"6","assured":0,"itemization":0,"desc":"","store_featured":"","cat_featured":"","new_item":"","on_sale":"","select_button":true,"currency_sign":"$","itemStarRating":"","labels":{"list_price":"List Price","no_price":"Free","you_save":"You Save","save_plus":"Plus","points":"Points Awarded","callprice":"Call for pricing","quickinfo":"Quick Info"},"price":{"type":"normal","list_price":"600 ","save":{"percent":"8","value":"50 "},"value":{"integer":"550","decimal":"00"}},"properties":{"Sys_Merchandising_Priority":"999","Sys_Num_Images":"6","UPC":"370307000122306","Created_By_Supplier":"20210607177","Supplier_Item_Code":"K2","Material":"Polyester","Color":"Orange","createtime":"2020-12-23 06:30:08","Gender":"Girl","Upper_Mold":"Regular Fit","OFFERTYPE":"rfqcart","Sys_Order":"999"}},{"itemLargeImage":"store/20180522154/assets/items/largeimages/AIN7A9EM73.jpg","id":315656,"code":"AIN7A9EM73","title":"Wedding Dresses","itemSellerLocation":"","itemSellerName":"","trimmed":false,"url":"product/womens/wedding-dresses-ain7a9em73","image":"https://s3.ca-central-1.amazonaws.com/demob2b2cs3.avetti.ca/store/20180522154/assets/items/images/AIN7A9EM73.jpg","count":"7","assured":0,"itemization":0,"desc":"","store_featured":"","cat_featured":"","new_item":"","on_sale":"","select_button":true,"currency_sign":"$","itemStarRating":"","labels":{"list_price":"List Price","no_price":"Free","you_save":"You Save","save_plus":"Plus","points":"Points Awarded","callprice":"Call for pricing","quickinfo":"Quick Info"},"price":{"type":"normal","list_price":"1,200 ","save":{"percent":"17","value":"200 "},"value":{"integer":"1,000","decimal":"00"}},"properties":{"Sys_Merchandising_Priority":"999","Sys_Num_Images":"6","UPC":"374315633020409","Created_By_Supplier":"20210607179","Supplier_Item_Code":"AB-W-1","Sys_Package_Price_Enabled":"False","Material":"Beading","Color":"White","createtime":"2021-02-04 09:52:36","Sleeves":"Sleeveless","Back_Neckline":"Straps","Cut":"A-line","Neckline":"Straps","OFFERTYPE":"rfqonly","Sys_Order":"999"}},{"itemLargeImage":"store/20180522154/assets/items/largeimages/AIN64X5282.jpg","id":307029,"code":"AIN64X5282","title":"Black Solid Bomber Jacket","itemSellerLocation":"","itemSellerName":"","trimmed":false,"url":"product/womens/black-solid-bomber-jacket-ain64x5282","image":"https://s3.ca-central-1.amazonaws.com/demob2b2cs3.avetti.ca/store/20180522154/assets/items/images/AIN64X5282.jpg","count":"8","assured":0,"itemization":0,"desc":"","store_featured":"","cat_featured":"","new_item":"","on_sale":"","select_button":true,"currency_sign":"$","itemStarRating":"","labels":{"list_price":"List Price","no_price":"Free","you_save":"You Save","save_plus":"Plus","points":"Points Awarded","callprice":"Call for pricing","quickinfo":"Quick Info"},"price":{"type":"normal","list_price":"750 ","save":{"percent":"7","value":"50 "},"value":{"integer":"700","decimal":"00"}},"properties":{"Sys_Merchandising_Priority":"998","Sys_Num_Images":"6","UPC":"370306984122305","Created_By_Supplier":"20210607177","Supplier_Item_Code":"W1","Material":"Cotton","Color":"Black","createtime":"2020-12-23 05:50:40","Collor":"High Neck","Upper_Mold":"Regular Fit","OFFERTYPE":"rfqcart","Sys_Order":"998","Trending_Now":"Trending"}},{"itemLargeImage":"store/20180522154/assets/items/largeimages/AINI1P6282.jpg","id":307016,"code":"AINI1P6282","title":"Mono Yaka Kruvaze Fermuarlı Deri Mont","itemSellerLocation":"","itemSellerName":"","trimmed":false,"url":"product/mens/mono-yaka-kruvaze-fermuarl-deri-mont-aini1p6282","image":"https://s3.ca-central-1.amazonaws.com/demob2b2cs3.avetti.ca/store/20180522154/assets/items/images/AINI1P6282.jpg","count":"9","assured":0,"itemization":0,"desc":"","store_featured":"","cat_featured":"","new_item":"","on_sale":"","select_button":true,"currency_sign":"$","itemStarRating":"","labels":{"list_price":"List Price","no_price":"Free","you_save":"You Save","save_plus":"Plus","points":"Points Awarded","callprice":"Call for pricing","quickinfo":"Quick Info"},"price":{"type":"normal","list_price":"800 ","save":{"percent":"6","value":"50 "},"value":{"integer":"750","decimal":"00"}},"properties":{"Sys_Merchandising_Priority":"998","Sys_Num_Images":"6","UPC":"370306971122304","Created_By_Supplier":"20210607177","Supplier_Item_Code":"M3","Material":"Polyurethane","Color":"Black","createtime":"2020-12-23 04:59:29","Collor":"Mono Collar","Body_Size":"46","Pattern":"Plain","Upper_Mold":"Slim Fit","OFFERTYPE":"rfqcart","Sys_Order":"998"}},{"itemLargeImage":"store/20180522154/assets/items/largeimages/AINKMORN72.jpg","id":307046,"code":"AINKMORN72","title":"Cape Style Green Dress","itemSellerLocation":"","itemSellerName":"","trimmed":false,"url":"product/kids/cape-style-green-dress-ainkmorn72","image":"https://s3.ca-central-1.amazonaws.com/demob2b2cs3.avetti.ca/store/20180522154/assets/items/images/AINKMORN72.jpg","count":"10","assured":0,"itemization":0,"desc":"","store_featured":"","cat_featured":"","new_item":"<p class=' new '>vm.badges.new</p>","on_sale":"","select_button":true,"currency_sign":"$","itemStarRating":"","labels":{"list_price":"List Price","no_price":"Free","you_save":"You Save","save_plus":"Plus","points":"Points Awarded","callprice":"Call for pricing","quickinfo":"Quick Info"},"price":{"type":"normal","list_price":"800 ","save":{"percent":"6","value":"50 "},"value":{"integer":"750","decimal":"00"}},"properties":{"Sys_Merchandising_Priority":"998","Sys_Num_Images":"6","UPC":"370307001122306","Created_By_Supplier":"20210607177","Supplier_Item_Code":"K3","Material":"Georgette","Color":"Green","createtime":"2020-12-23 06:30:08","Gender":"Girl","Upper_Mold":"Loose","OFFERTYPE":"rfqcart","Sys_Order":"998"}},{"itemLargeImage":"store/20180522154/assets/items/largeimages/AIN19O6282.jpg","id":307017,"code":"AIN19O6282","title":"Hooded Collar Quilted Leather Jacket","itemSellerLocation":"","itemSellerName":"","trimmed":false,"url":"product/mens/hooded-collar-quilted-leather-jacket-ain19o6282","image":"https://s3.ca-central-1.amazonaws.com/demob2b2cs3.avetti.ca/store/20180522154/assets/items/images/AIN19O6282.jpg","count":"11","assured":0,"itemization":0,"desc":"","store_featured":"","cat_featured":"","new_item":"","on_sale":"","select_button":true,"currency_sign":"$","itemStarRating":"","labels":{"list_price":"List Price","no_price":"Free","you_save":"You Save","save_plus":"Plus","points":"Points Awarded","callprice":"Call for pricing","quickinfo":"Quick Info"},"price":{"type":"normal","list_price":"750 ","save":{"percent":"7","value":"50 "},"value":{"integer":"700","decimal":"00"}},"properties":{"Sys_Merchandising_Priority":"997","Sys_Num_Images":"6","UPC":"370306972122304","Created_By_Supplier":"20210607177","Supplier_Item_Code":"M4","Material":"Polyurethane","Color":"Black","createtime":"2020-12-23 04:59:29","Collor":"Hooded Collar","Body_Size":"48","Pattern":"Plain","Upper_Mold":"Slim Fit","OFFERTYPE":"rfqcart","Sys_Order":"997"}},{"itemLargeImage":"store/20180522154/assets/items/largeimages/AIN3UNRN72.jpg","id":307047,"code":"AIN3UNRN72","title":"Candy Floss Pink Dress","itemSellerLocation":"","itemSellerName":"","trimmed":false,"url":"product/kids/candy-floss-pink-dress-ain3unrn72","image":"https://s3.ca-central-1.amazonaws.com/demob2b2cs3.avetti.ca/store/20180522154/assets/items/images/AIN3UNRN72.jpg","count":"12","assured":0,"itemization":0,"desc":"","store_featured":"","cat_featured":"","new_item":"","on_sale":"","select_button":true,"currency_sign":"$","itemStarRating":"","labels":{"list_price":"List Price","no_price":"Free","you_save":"You Save","save_plus":"Plus","points":"Points Awarded","callprice":"Call for pricing","quickinfo":"Quick Info"},"price":{"type":"normal","list_price":"750 ","save":{"percent":"7","value":"50 "},"value":{"integer":"700","decimal":"00"}},"properties":{"Sys_Merchandising_Priority":"997","Sys_Num_Images":"6","UPC":"370307002122306","Created_By_Supplier":"20210607177","Supplier_Item_Code":"K4","Material":"Polyester","Color":"Pink","createtime":"2020-12-23 06:30:08","Gender":"Girl","Upper_Mold":"Regular Fit","OFFERTYPE":"rfqcart","Sys_Order":"997","Trending_Now":"Trending"}},{"itemLargeImage":"store/20180522154/assets/items/largeimages/AINJWC25U0.jpg","id":315628,"code":"AINJWC25U0","title":"Classic Elegance Mock Neck Sleeveless Sa...","itemSellerLocation":"","itemSellerName":"","trimmed":false,"url":"product/womens/classic-elegance-mock-neck-sleeveless-satin-gown-ainjwc25u0","image":"https://s3.ca-central-1.amazonaws.com/demob2b2cs3.avetti.ca/store/20180522154/assets/items/images/AINJWC25U0.jpg","count":"13","assured":0,"itemization":0,"desc":"","store_featured":"","cat_featured":"","new_item":"","on_sale":"","select_button":true,"currency_sign":"$","itemStarRating":"","labels":{"list_price":"List Price","no_price":"Free","you_save":"You Save","save_plus":"Plus","points":"Points Awarded","callprice":"Call for pricing","quickinfo":"Quick Info"},"price":{"type":"normal","list_price":"1,520 ","save":{"percent":"8","value":"120 "},"value":{"integer":"1,400","decimal":"00"}},"properties":{"Sys_Merchandising_Priority":"997","Sys_Num_Images":"6","UPC":"378315622020407","Created_By_Supplier":"20210607180","Supplier_Item_Code":"A-WOMEN-2","Material":"Beading","Color":"Pink","createtime":"2021-02-04 07:58:28","Sleeves":"Sleeveless","Back_Neckline":"Straps","Cut":"Midi","Neckline":"Straps","ITEM_TYPE":"2","Sys_Order":"997"}},{"itemLargeImage":"store/20180522154/assets/items/largeimages/AINJGN6282.jpg","id":307018,"code":"AINJGN6282","title":"Classic Collar Plaid Stamp Coat","itemSellerLocation":"","itemSellerName":"","trimmed":false,"url":"product/mens/classic-collar-plaid-stamp-coat-ainjgn6282","image":"https://s3.ca-central-1.amazonaws.com/demob2b2cs3.avetti.ca/store/20180522154/assets/items/images/AINJGN6282.jpg","count":"14","assured":0,"itemization":0,"desc":"","store_featured":"","cat_featured":"","new_item":"","on_sale":"","select_button":true,"currency_sign":"$","itemStarRating":"","labels":{"list_price":"List Price","no_price":"Free","you_save":"You Save","save_plus":"Plus","points":"Points Awarded","callprice":"Call for pricing","quickinfo":"Quick Info"},"price":{"type":"normal","list_price":"600 ","save":{"percent":"8","value":"50 "},"value":{"integer":"550","decimal":"00"}},"properties":{"Sys_Merchandising_Priority":"996","Sys_Num_Images":"6","UPC":"370306973122304","Created_By_Supplier":"20210607177","Supplier_Item_Code":"M5","Sys_Package_Price_Enabled":"False","Material":"Polyester","Color":"Black","createtime":"2020-12-23 04:59:29","Collor":"Classic Collar","Body_Size":"50","Pattern":"Plain","Upper_Mold":"Slim Fit","OFFERTYPE":"rfqcart","Sys_Order":"996"}},{"itemLargeImage":"store/20180522154/assets/items/largeimages/AINL2NRN72.jpg","id":307048,"code":"AINL2NRN72","title":"Multi-Color Embellished Dress","itemSellerLocation":"","itemSellerName":"","trimmed":false,"url":"product/kids/multi-color-embellished-dress-ainl2nrn72","image":"https://s3.ca-central-1.amazonaws.com/demob2b2cs3.avetti.ca/store/20180522154/assets/items/images/AINL2NRN72.jpg","count":"15","assured":0,"itemization":0,"desc":"","store_featured":"","cat_featured":"","new_item":"","on_sale":"","select_button":true,"currency_sign":"$","itemStarRating":"","labels":{"list_price":"List Price","no_price":"Free","you_save":"You Save","save_plus":"Plus","points":"Points Awarded","callprice":"Call for pricing","quickinfo":"Quick Info"},"price":{"type":"normal","list_price":"600 ","save":{"percent":"8","value":"50 "},"value":{"integer":"550","decimal":"00"}},"properties":{"Sys_Merchandising_Priority":"996","Sys_Num_Images":"6","UPC":"370307003122306","Created_By_Supplier":"20210607177","Supplier_Item_Code":"K5","Material":"Sequin","Color":"Black","createtime":"2020-12-23 06:30:08","Gender":"Girl","Upper_Mold":"Regular Fit","OFFERTYPE":"rfqcart","Sys_Order":"996"}},{"itemLargeImage":"store/20180522154/assets/items/largeimages/AIN5HGYPP2.jpg","id":315657,"code":"AIN5HGYPP2","title":"Designer Dresses","itemSellerLocation":"","itemSellerName":"","trimmed":false,"url":"product/womens/designer-dresses-ain5hgypp2","image":"https://s3.ca-central-1.amazonaws.com/demob2b2cs3.avetti.ca/store/20180522154/assets/items/images/AIN5HGYPP2.jpg","count":"16","assured":0,"itemization":0,"desc":"","store_featured":"","cat_featured":"","new_item":"","on_sale":"","select_button":true,"currency_sign":"$","itemStarRating":"","labels":{"list_price":"List Price","no_price":"Free","you_save":"You Save","save_plus":"Plus","points":"Points Awarded","callprice":"Call for pricing","quickinfo":"Quick Info"},"price":{"type":"normal","list_price":"1,520 ","save":{"percent":"8","value":"120 "},"value":{"integer":"1,400","decimal":"00"}},"properties":{"Sys_Merchandising_Priority":"996","Sys_Num_Images":"6","UPC":"374315634020409","Created_By_Supplier":"20210607179","Supplier_Item_Code":"AB-W-2","Sys_Package_Price_Enabled":"False","Material":"Beading","Color":"Yellow","createtime":"2021-02-04 09:52:36","Sleeves":"Sleeveless","Back_Neckline":"Straps","Cut":"Midi","Neckline":"Straps","OFFERTYPE":"rfqonly","Sys_Order":"996"}},{"itemLargeImage":"store/20180522154/assets/items/largeimages/AINOBW5282.jpg","id":307030,"code":"AINOBW5282","title":"Beige Solid Bomber Jacket","itemSellerLocation":"","itemSellerName":"","trimmed":false,"url":"product/womens/beige-solid-bomber-jacket-ainobw5282","image":"https://s3.ca-central-1.amazonaws.com/demob2b2cs3.avetti.ca/store/20180522154/assets/items/images/AINOBW5282.jpg","count":"17","assured":0,"itemization":0,"desc":"","store_featured":"","cat_featured":"","new_item":"","on_sale":"","select_button":true,"currency_sign":"$","itemStarRating":"","labels":{"list_price":"List Price","no_price":"Free","you_save":"You Save","save_plus":"Plus","points":"Points Awarded","callprice":"Call for pricing","quickinfo":"Quick Info"},"price":{"type":"normal","list_price":"600 ","save":{"percent":"8","value":"50 "},"value":{"integer":"550","decimal":"00"}},"properties":{"Sys_Merchandising_Priority":"995","Sys_Num_Images":"6","UPC":"370306985122305","Created_By_Supplier":"20210607177","Supplier_Item_Code":"W2","Material":"Cotton","Color":"Beige","createtime":"2020-12-23 05:50:40","Collor":"High Neck","Upper_Mold":"Regular Fit","OFFERTYPE":"rfqcart","Sys_Order":"995","Trending_Now":"Trending"}},{"itemLargeImage":"store/20180522154/assets/items/largeimages/AIN2OM6282.jpg","id":307019,"code":"AIN2OM6282","title":"Dovetail Collar Striped Slim Fit Cover P...","itemSellerLocation":"","itemSellerName":"","trimmed":false,"url":"product/mens/dovetail-collar-striped-slim-fit-cover-pocket-jacket-ain2om6282","image":"https://s3.ca-central-1.amazonaws.com/demob2b2cs3.avetti.ca/store/20180522154/assets/items/images/AIN2OM6282.jpg","count":"18","assured":0,"itemization":0,"desc":"","store_featured":"","cat_featured":"","new_item":"<p class=' new '>vm.badges.new</p>","on_sale":"","select_button":true,"currency_sign":"$","itemStarRating":"","labels":{"list_price":"List Price","no_price":"Free","you_save":"You Save","save_plus":"Plus","points":"Points Awarded","callprice":"Call for pricing","quickinfo":"Quick Info"},"price":{"type":"normal","list_price":"800 ","save":{"percent":"6","value":"50 "},"value":{"integer":"750","decimal":"00"}},"properties":{"Sys_Merchandising_Priority":"995","Sys_Num_Images":"6","UPC":"370306974122304","Created_By_Supplier":"20210607177","Supplier_Item_Code":"M6","Material":"Polyester","Color":"Navy Blue","createtime":"2020-12-23 04:59:29","Collor":"Swallow Collar","Body_Size":"52","Pattern":"Plain","Upper_Mold":"Slim Fit","OFFERTYPE":"rfqcart","Sys_Order":"995"}},{"itemLargeImage":"store/20180522154/assets/items/largeimages/AIN4AMRN72.jpg","id":307049,"code":"AIN4AMRN72","title":"Multi-Colour Layered Embellished Dress","itemSellerLocation":"","itemSellerName":"","trimmed":false,"url":"product/kids/multi-colour-layered-embellished-dress-ain4amrn72","image":"https://s3.ca-central-1.amazonaws.com/demob2b2cs3.avetti.ca/store/20180522154/assets/items/images/AIN4AMRN72.jpg","count":"19","assured":0,"itemization":0,"desc":"","store_featured":"","cat_featured":"","new_item":"","on_sale":"","select_button":true,"currency_sign":"$","itemStarRating":"","labels":{"list_price":"List Price","no_price":"Free","you_save":"You Save","save_plus":"Plus","points":"Points Awarded","callprice":"Call for pricing","quickinfo":"Quick Info"},"price":{"type":"normal","list_price":"800 ","save":{"percent":"6","value":"50 "},"value":{"integer":"750","decimal":"00"}},"properties":{"Sys_Merchandising_Priority":"995","Sys_Num_Images":"6","UPC":"370307004122306","Created_By_Supplier":"20210607177","Supplier_Item_Code":"K6","Material":"Crepe","Color":"Pink","createtime":"2020-12-23 06:30:09","Gender":"Girl","Upper_Mold":"Regular Fit","OFFERTYPE":"rfqcart","Sys_Order":"995","Trending_Now":"Trending"}},{"itemLargeImage":"store/20180522154/assets/items/largeimages/AINKVL6282.jpg","id":307020,"code":"AINKVL6282","title":"Furry Cuffed Collar Ribbed Cuffed Coat","itemSellerLocation":"","itemSellerName":"","trimmed":false,"url":"product/mens/furry-cuffed-collar-ribbed-cuffed-coat-ainkvl6282","image":"https://s3.ca-central-1.amazonaws.com/demob2b2cs3.avetti.ca/store/20180522154/assets/items/images/AINKVL6282.jpg","count":"20","assured":0,"itemization":0,"desc":"","store_featured":"","cat_featured":"","new_item":"","on_sale":"","select_button":true,"currency_sign":"$","itemStarRating":"","labels":{"list_price":"List Price","no_price":"Free","you_save":"You Save","save_plus":"Plus","points":"Points Awarded","callprice":"Call for pricing","quickinfo":"Quick Info"},"price":{"type":"normal","list_price":"800 ","save":{"percent":"6","value":"50 "},"value":{"integer":"750","decimal":"00"}},"properties":{"Sys_Merchandising_Priority":"994","Sys_Num_Images":"6","UPC":"370306975122304","Created_By_Supplier":"20210607177","Supplier_Item_Code":"M7","Material":"Wool","Color":"Brown","createtime":"2020-12-23 04:59:29","Collor":"Fur Collar","Body_Size":"54","Pattern":"Plain","Upper_Mold":"Slim Fit","OFFERTYPE":"rfqcart","Sys_Order":"994"}},{"itemLargeImage":"store/20180522154/assets/items/largeimages/AINMHLRN72.jpg","id":307050,"code":"AINMHLRN72","title":"Pink Embellished Dress","itemSellerLocation":"","itemSellerName":"","trimmed":false,"url":"product/kids/pink-embellished-dress-ainmhlrn72","image":"https://s3.ca-central-1.amazonaws.com/demob2b2cs3.avetti.ca/store/20180522154/assets/items/images/AINMHLRN72.jpg","count":"21","assured":0,"itemization":0,"desc":"","store_featured":"","cat_featured":"","new_item":"","on_sale":"","select_button":true,"currency_sign":"$","itemStarRating":"","labels":{"list_price":"List Price","no_price":"Free","you_save":"You Save","save_plus":"Plus","points":"Points Awarded","callprice":"Call for pricing","quickinfo":"Quick Info"},"price":{"type":"normal","list_price":"800 ","save":{"percent":"6","value":"50 "},"value":{"integer":"750","decimal":"00"}},"properties":{"Sys_Merchandising_Priority":"994","Sys_Num_Images":"6","UPC":"370307005122306","Created_By_Supplier":"20210607177","Supplier_Item_Code":"K7","Material":"Polyester","Color":"Pink","createtime":"2020-12-23 06:30:09","Gender":"Girl","Upper_Mold":"Regular Fit","OFFERTYPE":"rfqcart","Sys_Order":"994"}},{"itemLargeImage":"store/20180522154/assets/items/largeimages/AINZPX3EQ0.jpg","id":315629,"code":"AINZPX3EQ0","title":"Strapless High/Low Ballgown","itemSellerLocation":"","itemSellerName":"","trimmed":false,"url":"product/womens/strapless-high-low-ballgown-ainzpx3eq0","image":"https://s3.ca-central-1.amazonaws.com/demob2b2cs3.avetti.ca/store/20180522154/assets/items/images/AINZPX3EQ0.jpg","count":"22","assured":0,"itemization":0,"desc":"","store_featured":"","cat_featured":"","new_item":"","on_sale":"","select_button":true,"currency_sign":"$","itemStarRating":"","labels":{"list_price":"List Price","no_price":"Free","you_save":"You Save","save_plus":"Plus","points":"Points Awarded","callprice":"Call for pricing","quickinfo":"Quick Info"},"price":{"type":"normal","list_price":"1,200 ","save":{"percent":"17","value":"200 "},"value":{"integer":"1,000","decimal":"00"}},"properties":{"Sys_Merchandising_Priority":"994","Sys_Num_Images":"6","UPC":"378315623020407","Created_By_Supplier":"20210607180","Supplier_Item_Code":"A-WOMEN-3","Material":"Georgette","Color":"Purple","createtime":"2021-02-04 07:58:28","Sleeves":"Butterfly","Back_Neckline":"Keyhole","Cut":"Column","Neckline":"V-neck","ITEM_TYPE":"2","Sys_Order":"994"}},{"itemLargeImage":"store/20180522154/assets/items/largeimages/AIN3ONJT82.jpg","id":315658,"code":"AIN3ONJT82","title":"Cocktail Dresses","itemSellerLocation":"","itemSellerName":"","trimmed":false,"url":"product/womens/cocktail-dresses-ain3onjt82","image":"https://s3.ca-central-1.amazonaws.com/demob2b2cs3.avetti.ca/store/20180522154/assets/items/images/AIN3ONJT82.jpg","count":"23","assured":0,"itemization":0,"desc":"","store_featured":"","cat_featured":"","new_item":"","on_sale":"","select_button":true,"currency_sign":"$","itemStarRating":"","labels":{"list_price":"List Price","no_price":"Free","you_save":"You Save","save_plus":"Plus","points":"Points Awarded","callprice":"Call for pricing","quickinfo":"Quick Info"},"price":{"type":"normal","list_price":"1,200 ","save":{"percent":"17","value":"200 "},"value":{"integer":"1,000","decimal":"00"}},"properties":{"Sys_Merchandising_Priority":"993","Sys_Num_Images":"6","UPC":"374315635020409","Created_By_Supplier":"20210607179","Supplier_Item_Code":"AB-W-3","Sys_Package_Price_Enabled":"False","Material":"Georgette","Color":"Black","createtime":"2021-02-04 09:52:36","Sleeves":"Butterfly","Back_Neckline":"Keyhole","Cut":"Column","Neckline":"V-neck","OFFERTYPE":"rfqonly","Sys_Order":"993"}},{"itemLargeImage":"store/20180522154/assets/items/largeimages/AIN34L6282.jpg","id":307021,"code":"AIN34L6282","title":"Coat Jacket Dark Grey","itemSellerLocation":"","itemSellerName":"","trimmed":false,"url":"product/mens/coat-jacket-dark-grey-ain34l6282","image":"https://s3.ca-central-1.amazonaws.com/demob2b2cs3.avetti.ca/store/20180522154/assets/items/images/AIN34L6282.jpg","count":"24","assured":0,"itemization":0,"desc":"","store_featured":"","cat_featured":"","new_item":"<p class=' new '>vm.badges.new</p>","on_sale":"","select_button":true,"currency_sign":"$","itemStarRating":"","labels":{"list_price":"List Price","no_price":"Free","you_save":"You Save","save_plus":"Plus","points":"Points Awarded","callprice":"Call for pricing","quickinfo":"Quick Info"},"price":{"type":"normal","list_price":"1,200 ","save":{"percent":"17","value":"200 "},"value":{"integer":"1,000","decimal":"00"}},"properties":{"Sys_Merchandising_Priority":"993","Sys_Num_Images":"6","UPC":"370306976122304","Created_By_Supplier":"20210607177","Supplier_Item_Code":"M8","Material":"Polyester","Color":"Black","createtime":"2020-12-23 04:59:29","Collor":"Classic Collar","Body_Size":"56","Pattern":"Plain","Upper_Mold":"Regular Fit","OFFERTYPE":"rfqcart","Sys_Order":"993","Trending_Now":"Trending"}}],"itemsCount":"55","facets":[{"Price":[{"value":"[550.00 TO 749.99]","removeText":"Price: 550.00  - 749.99","text":"550.00  - 749.99","count":13},{"value":"[750.00 TO 799.99]","removeText":"Price: 750.00  - 799.99","text":"750.00  - 799.99","count":15},{"value":"[950.00 TO 999.99]","removeText":"Price: 950.00  - 999.99","text":"950.00  - 999.99","count":4},{"value":"[1000.00 TO 1499.99]","removeText":"Price: 1000.00  - 1499.99","text":"1000.00  - 1499.99","count":23}]},{"Reviews":[{"value":"[0.5 TO 1.5]","removeText":"Review: 1 Stars","text":1,"count":0},{"value":"[1.5 TO 2.5]","removeText":"Review: 2 Stars","text":2,"count":0},{"value":"[2.5 TO 3.5]","removeText":"Review: 3 Stars","text":3,"count":1},{"value":"[3.5 TO 4.5]","removeText":"Review: 4 Stars","text":4,"count":3},{"value":"[4.5 TO 5.5]","removeText":"Review: 5 Stars","text":5,"count":2}]},{"Other":[{"title":"Color","name":"Color","facetValues":[{"value":"Beige","removeText":"Color: Beige","name":"Color","text":"Beige","count":1},{"value":"Black","removeText":"Color: Black","name":"Color","text":"Black","count":13},{"value":"Blue","removeText":"Color: Blue","name":"Color","text":"Blue","count":7},{"value":"Brown","removeText":"Color: Brown","name":"Color","text":"Brown","count":2},{"value":"Cream","removeText":"Color: Cream","name":"Color","text":"Cream","count":0},{"value":"Garnet Red","removeText":"Color: Garnet Red","name":"Color","text":"Garnet Red","count":0},{"value":"Gold","removeText":"Color: Gold","name":"Color","text":"Gold","count":0},{"value":"Golden","removeText":"Color: Golden","name":"Color","text":"Golden","count":1},{"value":"Green","removeText":"Color: Green","name":"Color","text":"Green","count":1},{"value":"Grey","removeText":"Color: Grey","name":"Color","text":"Grey","count":2},{"value":"Ice Blue","removeText":"Color: Ice Blue","name":"Color","text":"Ice Blue","count":0},{"value":"Indigo","removeText":"Color: Indigo","name":"Color","text":"Indigo","count":0},{"value":"Light Blue","removeText":"Color: Light Blue","name":"Color","text":"Light Blue","count":0},{"value":"Maroon","removeText":"Color: Maroon","name":"Color","text":"Maroon","count":1},{"value":"Multi Color","removeText":"Color: Multi Color","name":"Color","text":"Multi Color","count":0},{"value":"MultiColor","removeText":"Color: MultiColor","name":"Color","text":"MultiColor","count":0},{"value":"Multicolor","removeText":"Color: Multicolor","name":"Color","text":"Multicolor","count":0},{"value":"Navy Blue","removeText":"Color: Navy Blue","name":"Color","text":"Navy Blue","count":10},{"value":"Olive","removeText":"Color: Olive","name":"Color","text":"Olive","count":1},{"value":"Orange","removeText":"Color: Orange","name":"Color","text":"Orange","count":2},{"value":"Pink","removeText":"Color: Pink","name":"Color","text":"Pink","count":6},{"value":"Purple","removeText":"Color: Purple","name":"Color","text":"Purple","count":1},{"value":"Red","removeText":"Color: Red","name":"Color","text":"Red","count":4},{"value":"Rose","removeText":"Color: Rose","name":"Color","text":"Rose","count":1},{"value":"Silver","removeText":"Color: Silver","name":"Color","text":"Silver","count":1},{"value":"White","removeText":"Color: White","name":"Color","text":"White","count":4},{"value":"Yellow","removeText":"Color: Yellow","name":"Color","text":"Yellow","count":3},{"value":"blue","removeText":"Color: blue","name":"Color","text":"blue","count":0},{"value":"red","removeText":"Color: red","name":"Color","text":"red","count":0}]},{"title":"Cut","name":"Cut","facetValues":[{"value":"A-line","removeText":"Cut: A-line","name":"Cut","text":"A-line","count":8},{"value":"Column","removeText":"Cut: Column","name":"Cut","text":"Column","count":11},{"value":"Midi","removeText":"Cut: Midi","name":"Cut","text":"Midi","count":4}]},{"title":"Back_Neckline","name":"Back_Neckline","facetValues":[{"value":"Bateau","removeText":"Back_Neckline: Bateau","name":"Back_Neckline","text":"Bateau","count":3},{"value":"Keyhole","removeText":"Back_Neckline: Keyhole","name":"Back_Neckline","text":"Keyhole","count":9},{"value":"Open","removeText":"Back_Neckline: Open","name":"Back_Neckline","text":"Open","count":4},{"value":"Straps","removeText":"Back_Neckline: Straps","name":"Back_Neckline","text":"Straps","count":7}]},{"title":"Neckline","name":"Neckline","facetValues":[{"value":"Asymmetrical","removeText":"Neckline: Asymmetrical","name":"Neckline","text":"Asymmetrical","count":3},{"value":"Crew","removeText":"Neckline: Crew","name":"Neckline","text":"Crew","count":2},{"value":"Queen Anne","removeText":"Neckline: Queen Anne","name":"Neckline","text":"Queen Anne","count":2},{"value":"Round","removeText":"Neckline: Round","name":"Neckline","text":"Round","count":4},{"value":"Square","removeText":"Neckline: Square","name":"Neckline","text":"Square","count":1},{"value":"Stapless","removeText":"Neckline: Stapless","name":"Neckline","text":"Stapless","count":1},{"value":"Straps","removeText":"Neckline: Straps","name":"Neckline","text":"Straps","count":6},{"value":"V-neck","removeText":"Neckline: V-neck","name":"Neckline","text":"V-neck","count":5}]},{"title":"Sleeves","name":"Sleeves","facetValues":[{"value":"Butterfly","removeText":"Sleeves: Butterfly","name":"Sleeves","text":"Butterfly","count":5},{"value":"Full","removeText":"Sleeves: Full","name":"Sleeves","text":"Full","count":2},{"value":"Full Sleeves","removeText":"Sleeves: Full Sleeves","name":"Sleeves","text":"Full Sleeves","count":0},{"value":"Half Sleeves","removeText":"Sleeves: Half Sleeves","name":"Sleeves","text":"Half Sleeves","count":0},{"value":"Short","removeText":"Sleeves: Short","name":"Sleeves","text":"Short","count":2},{"value":"Sleeveless","removeText":"Sleeves: Sleeveless","name":"Sleeves","text":"Sleeveless","count":14},{"value":"Three-quarter","removeText":"Sleeves: Three-quarter","name":"Sleeves","text":"Three-quarter","count":1}]},{"title":"Material","name":"Material","facetValues":[{"value":"Acrylic","removeText":"Material: Acrylic","name":"Material","text":"Acrylic","count":0},{"value":"Beading","removeText":"Material: Beading","name":"Material","text":"Beading","count":6},{"value":"Brass","removeText":"Material: Brass","name":"Material","text":"Brass","count":0},{"value":"Cane","removeText":"Material: Cane","name":"Material","text":"Cane","count":0},{"value":"Ceramic","removeText":"Material: Ceramic","name":"Material","text":"Ceramic","count":0},{"value":"Chenille","removeText":"Material: Chenille","name":"Material","text":"Chenille","count":0},{"value":"Cotton","removeText":"Material: Cotton","name":"Material","text":"Cotton","count":5},{"value":"Crepe","removeText":"Material: Crepe","name":"Material","text":"Crepe","count":7},{"value":"Engineered Wood","removeText":"Material: Engineered Wood","name":"Material","text":"Engineered Wood","count":0},{"value":"Fabric","removeText":"Material: Fabric","name":"Material","text":"Fabric","count":0},{"value":"Fiber","removeText":"Material: Fiber","name":"Material","text":"Fiber","count":0},{"value":"Georgette","removeText":"Material: Georgette","name":"Material","text":"Georgette","count":5},{"value":"Glass","removeText":"Material: Glass","name":"Material","text":"Glass","count":0},{"value":"Iron","removeText":"Material: Iron","name":"Material","text":"Iron","count":0},{"value":"Kashmiri","removeText":"Material: Kashmiri","name":"Material","text":"Kashmiri","count":0},{"value":"Marble","removeText":"Material: Marble","name":"Material","text":"Marble","count":0},{"value":"Metal","removeText":"Material: Metal","name":"Material","text":"Metal","count":0},{"value":"Metal and Glass","removeText":"Material: Metal and Glass","name":"Material","text":"Metal and Glass","count":0},{"value":"Mikado","removeText":"Material: Mikado","name":"Material","text":"Mikado","count":2},{"value":"Nylon","removeText":"Material: Nylon","name":"Material","text":"Nylon","count":1},{"value":"Plastic","removeText":"Material: Plastic","name":"Material","text":"Plastic","count":0},{"value":"Poliester","removeText":"Material: Poliester","name":"Material","text":"Poliester","count":0},{"value":"Polyester","removeText":"Material: Polyester","name":"Material","text":"Polyester","count":23},{"value":"Polyurethane","removeText":"Material: Polyurethane","name":"Material","text":"Polyurethane","count":2},{"value":"Rubber Wood","removeText":"Material: Rubber Wood","name":"Material","text":"Rubber Wood","count":0},{"value":"Sequin","removeText":"Material: Sequin","name":"Material","text":"Sequin","count":6},{"value":"Silk","removeText":"Material: Silk","name":"Material","text":"Silk","count":0},{"value":"Steel","removeText":"Material: Steel","name":"Material","text":"Steel","count":0},{"value":"Teak Wood","removeText":"Material: Teak Wood","name":"Material","text":"Teak Wood","count":0},{"value":"Velvet","removeText":"Material: Velvet","name":"Material","text":"Velvet","count":0},{"value":"Wood","removeText":"Material: Wood","name":"Material","text":"Wood","count":0},{"value":"Wool","removeText":"Material: Wool","name":"Material","text":"Wool","count":3}]},{"title":"Sellers","name":"Sellers","facetValues":[{"value":"4M Farms","removeText":"Sellers: 4M Farms","name":"Sellers","text":"4M Farms","count":0},{"value":"4M Farms121","removeText":"Sellers: 4M Farms121","name":"Sellers","text":"4M Farms121","count":0},{"value":"4MFARMS12111","removeText":"Sellers: 4MFARMS12111","name":"Sellers","text":"4MFARMS12111","count":0},{"value":"4m","removeText":"Sellers: 4m","name":"Sellers","text":"4m","count":0},{"value":"ABC Tekstil","removeText":"Sellers: ABC Tekstil","name":"Sellers","text":"ABC Tekstil","count":0},{"value":"ABC Tekstil1","removeText":"Sellers: ABC Tekstil1","name":"Sellers","text":"ABC Tekstil1","count":0},{"value":"Abakli","removeText":"Sellers: Abakli","name":"Sellers","text":"Abakli","count":0},{"value":"Abc","removeText":"Sellers: Abc","name":"Sellers","text":"Abc","count":0},{"value":"Abc Store","removeText":"Sellers: Abc Store","name":"Sellers","text":"Abc Store","count":0},{"value":"Acarer","removeText":"Sellers: Acarer","name":"Sellers","text":"Acarer","count":0},{"value":"Ahmet","removeText":"Sellers: Ahmet","name":"Sellers","text":"Ahmet","count":0},{"value":"Brandos","removeText":"Sellers: Brandos","name":"Sellers","text":"Brandos","count":0},{"value":"Cagin Office Furniture","removeText":"Sellers: Cagin Office Furniture","name":"Sellers","text":"Cagin Office Furniture","count":0},{"value":"Canaberta","removeText":"Sellers: Canaberta","name":"Sellers","text":"Canaberta","count":0},{"value":"CasaCraft","removeText":"Sellers: CasaCraft","name":"Sellers","text":"CasaCraft","count":0},{"value":"Chimney Cake","removeText":"Sellers: Chimney Cake","name":"Sellers","text":"Chimney Cake","count":0},{"value":"Cimra Sauce","removeText":"Sellers: Cimra Sauce","name":"Sellers","text":"Cimra Sauce","count":0},{"value":"DATEKS","removeText":"Sellers: DATEKS","name":"Sellers","text":"DATEKS","count":0},{"value":"Dateks","removeText":"Sellers: Dateks","name":"Sellers","text":"Dateks","count":0},{"value":"Delta Ofis","removeText":"Sellers: Delta Ofis","name":"Sellers","text":"Delta Ofis","count":0},{"value":"Elak","removeText":"Sellers: Elak","name":"Sellers","text":"Elak","count":3},{"value":"Enne","removeText":"Sellers: Enne","name":"Sellers","text":"Enne","count":0},{"value":"Essa Veterinary Services","removeText":"Sellers: Essa Veterinary Services","name":"Sellers","text":"Essa Veterinary Services","count":0},{"value":"Flavon Max Canada","removeText":"Sellers: Flavon Max Canada","name":"Sellers","text":"Flavon Max Canada","count":0},{"value":"Giordano","removeText":"Sellers: Giordano","name":"Sellers","text":"Giordano","count":0},{"value":"Heenas Curry House","removeText":"Sellers: Heenas Curry House","name":"Sellers","text":"Heenas Curry House","count":0},{"value":"Istanbul Masko","removeText":"Sellers: Istanbul Masko","name":"Sellers","text":"Istanbul Masko","count":0},{"value":"Izmir","removeText":"Sellers: Izmir","name":"Sellers","text":"Izmir","count":0},{"value":"Jakamen","removeText":"Sellers: Jakamen","name":"Sellers","text":"Jakamen","count":0},{"value":"Jrcc Furniture Depot","removeText":"Sellers: Jrcc Furniture Depot","name":"Sellers","text":"Jrcc Furniture Depot","count":0},{"value":"Kirill","removeText":"Sellers: Kirill","name":"Sellers","text":"Kirill","count":0},{"value":"KirillBarsukov","removeText":"Sellers: KirillBarsukov","name":"Sellers","text":"KirillBarsukov","count":0},{"value":"Lamblicious","removeText":"Sellers: Lamblicious","name":"Sellers","text":"Lamblicious","count":0},{"value":"Maltepe","removeText":"Sellers: Maltepe","name":"Sellers","text":"Maltepe","count":0},{"value":"Mariana's clothing","removeText":"Sellers: Mariana's clothing","name":"Sellers","text":"Mariana's clothing","count":0},{"value":"Marios Pizza","removeText":"Sellers: Marios Pizza","name":"Sellers","text":"Marios Pizza","count":0},{"value":"Matalan","removeText":"Sellers: Matalan","name":"Sellers","text":"Matalan","count":52},{"value":"NDesign","removeText":"Sellers: NDesign","name":"Sellers","text":"NDesign","count":0},{"value":"Ndesign","removeText":"Sellers: Ndesign","name":"Sellers","text":"Ndesign","count":0},{"value":"OTIAD","removeText":"Sellers: OTIAD","name":"Sellers","text":"OTIAD","count":6},{"value":"Prairie City Soap","removeText":"Sellers: Prairie City Soap","name":"Sellers","text":"Prairie City Soap","count":0},{"value":"Raisin the Root","removeText":"Sellers: Raisin the Root","name":"Sellers","text":"Raisin the Root","count":0},{"value":"React Clothes","removeText":"Sellers: React Clothes","name":"Sellers","text":"React Clothes","count":0},{"value":"Say Cheese","removeText":"Sellers: Say Cheese","name":"Sellers","text":"Say Cheese","count":0},{"value":"TETSIAD","removeText":"Sellers: TETSIAD","name":"Sellers","text":"TETSIAD","count":0},{"value":"Testing Brandddd","removeText":"Sellers: Testing Brandddd","name":"Sellers","text":"Testing Brandddd","count":0},{"value":"The Scented Lair","removeText":"Sellers: The Scented Lair","name":"Sellers","text":"The Scented Lair","count":0},{"value":"Timberwind Farm","removeText":"Sellers: Timberwind Farm","name":"Sellers","text":"Timberwind Farm","count":0},{"value":"Woodsworth","removeText":"Sellers: Woodsworth","name":"Sellers","text":"Woodsworth","count":0}]}]}]}