{"cid":72181,"Created_By_Supplier":"20210607177","name":"Matalan","meta":{},"image":"https://s3.ca-central-1.amazonaws.com/demob2b2cs3.avetti.ca/store/20180522154/assets/items/largeimages/AINGMX54L0.jpg","description":"Matalan","longdesc":"Matalan","numberOfPages":"3","itemsCount":"50","facets":[{"Price":[{"value":"[1.00 TO 4.99]","removeText":"Price: 1.00  - 4.99","text":"1.00  - 4.99","count":5},{"value":"[550.00 TO 749.99]","removeText":"Price: 550.00  - 749.99","text":"550.00  - 749.99","count":13},{"value":"[750.00 TO 799.99]","removeText":"Price: 750.00  - 799.99","text":"750.00  - 799.99","count":15},{"value":"[950.00 TO 999.99]","removeText":"Price: 950.00  - 999.99","text":"950.00  - 999.99","count":3},{"value":"[1000.00 TO 1499.99]","removeText":"Price: 1000.00  - 1499.99","text":"1000.00  - 1499.99","count":15}]},{"Reviews":[{"value":"[0.5 TO 1.5]","removeText":"Review: 1 Stars","text":1,"count":0},{"value":"[1.5 TO 2.5]","removeText":"Review: 2 Stars","text":2,"count":0},{"value":"[2.5 TO 3.5]","removeText":"Review: 3 Stars","text":3,"count":1},{"value":"[3.5 TO 4.5]","removeText":"Review: 4 Stars","text":4,"count":3},{"value":"[4.5 TO 5.5]","removeText":"Review: 5 Stars","text":5,"count":2}]},{"Other":[{"title":"Category","name":"Category","facetValues":[{"value":" Online Market","removeText":"Category:  Online Market","name":"Category","text":" Online Market","count":0},{"value":"ALYA","removeText":"Category: ALYA","name":"Category","text":"ALYA","count":0},{"value":"ANATOLIA","removeText":"Category: ANATOLIA","name":"Category","text":"ANATOLIA","count":0},{"value":"ARARAT","removeText":"Category: ARARAT","name":"Category","text":"ARARAT","count":0},{"value":"ARMCHAIR","removeText":"Category: ARMCHAIR","name":"Category","text":"ARMCHAIR","count":0},{"value":"ASIA","removeText":"Category: ASIA","name":"Category","text":"ASIA","count":0},{"value":"ASTORIA","removeText":"Category: ASTORIA","name":"Category","text":"ASTORIA","count":0},{"value":"BIANCA","removeText":"Category: BIANCA","name":"Category","text":"BIANCA","count":0},{"value":"BLUSH","removeText":"Category: BLUSH","name":"Category","text":"BLUSH","count":0},{"value":"BRUNETTE","removeText":"Category: BRUNETTE","name":"Category","text":"BRUNETTE","count":0},{"value":"Bakery","removeText":"Category: Bakery","name":"Category","text":"Bakery","count":0},{"value":"Bathroom","removeText":"Category: Bathroom","name":"Category","text":"Bathroom","count":0},{"value":"Bedding","removeText":"Category: Bedding","name":"Category","text":"Bedding","count":0},{"value":"Beds","removeText":"Category: Beds","name":"Category","text":"Beds","count":0},{"value":"Bedstead","removeText":"Category: Bedstead","name":"Category","text":"Bedstead","count":0},{"value":"Bench","removeText":"Category: Bench","name":"Category","text":"Bench","count":0},{"value":"Bookshelf","removeText":"Category: Bookshelf","name":"Category","text":"Bookshelf","count":0},{"value":"CANARY","removeText":"Category: CANARY","name":"Category","text":"CANARY","count":0},{"value":"CATHERINA","removeText":"Category: CATHERINA","name":"Category","text":"CATHERINA","count":0},{"value":"CHERRY","removeText":"Category: CHERRY","name":"Category","text":"CHERRY","count":0},{"value":"CHOCOLATE","removeText":"Category: CHOCOLATE","name":"Category","text":"CHOCOLATE","count":0},{"value":"CONSOLE","removeText":"Category: CONSOLE","name":"Category","text":"CONSOLE","count":0},{"value":"CUPON","removeText":"Category: CUPON","name":"Category","text":"CUPON","count":0},{"value":"Chair","removeText":"Category: Chair","name":"Category","text":"Chair","count":0},{"value":"Chiffonier","removeText":"Category: Chiffonier","name":"Category","text":"Chiffonier","count":0},{"value":"Clothing","removeText":"Category: Clothing","name":"Category","text":"Clothing","count":0},{"value":"Coffee","removeText":"Category: Coffee","name":"Category","text":"Coffee","count":0},{"value":"Coffee Table","removeText":"Category: Coffee Table","name":"Category","text":"Coffee Table","count":0},{"value":"Commode","removeText":"Category: Commode","name":"Category","text":"Commode","count":0},{"value":"Condiments and Sauces","removeText":"Category: Condiments and Sauces","name":"Category","text":"Condiments and Sauces","count":0},{"value":"Cooking and Baking Ingredients","removeText":"Category: Cooking and Baking Ingredients","name":"Category","text":"Cooking and Baking Ingredients","count":0},{"value":"Corner Seat","removeText":"Category: Corner Seat","name":"Category","text":"Corner Seat","count":0},{"value":"DAVOS","removeText":"Category: DAVOS","name":"Category","text":"DAVOS","count":0},{"value":"DESIGN","removeText":"Category: DESIGN","name":"Category","text":"DESIGN","count":0},{"value":"DOLMABACE","removeText":"Category: DOLMABACE","name":"Category","text":"DOLMABACE","count":0},{"value":"DRESSER","removeText":"Category: DRESSER","name":"Category","text":"DRESSER","count":0},{"value":"Dairy Products","removeText":"Category: Dairy Products","name":"Category","text":"Dairy Products","count":0},{"value":"Day Bed","removeText":"Category: Day Bed","name":"Category","text":"Day Bed","count":0},{"value":"Dining","removeText":"Category: Dining","name":"Category","text":"Dining","count":0},{"value":"Dinner Table","removeText":"Category: Dinner Table","name":"Category","text":"Dinner Table","count":0},{"value":"Drinks","removeText":"Category: Drinks","name":"Category","text":"Drinks","count":0},{"value":"ECE","removeText":"Category: ECE","name":"Category","text":"ECE","count":0},{"value":"ELIPS","removeText":"Category: ELIPS","name":"Category","text":"ELIPS","count":0},{"value":"ELLETTO","removeText":"Category: ELLETTO","name":"Category","text":"ELLETTO","count":0},{"value":"ESTUARY","removeText":"Category: ESTUARY","name":"Category","text":"ESTUARY","count":0},{"value":"FASHION","removeText":"Category: FASHION","name":"Category","text":"FASHION","count":0},{"value":"Fish","removeText":"Category: Fish","name":"Category","text":"Fish","count":0},{"value":"GIZA","removeText":"Category: GIZA","name":"Category","text":"GIZA","count":0},{"value":"Gifts","removeText":"Category: Gifts","name":"Category","text":"Gifts","count":0},{"value":"Grocery Stores","removeText":"Category: Grocery Stores","name":"Category","text":"Grocery Stores","count":0},{"value":"HECTOR","removeText":"Category: HECTOR","name":"Category","text":"HECTOR","count":0},{"value":"HILAL","removeText":"Category: HILAL","name":"Category","text":"HILAL","count":0},{"value":"Home Textiles","removeText":"Category: Home Textiles","name":"Category","text":"Home Textiles","count":0},{"value":"Hot Sauce","removeText":"Category: Hot Sauce","name":"Category","text":"Hot Sauce","count":0},{"value":"Indian Food","removeText":"Category: Indian Food","name":"Category","text":"Indian Food","count":0},{"value":"JADE","removeText":"Category: JADE","name":"Category","text":"JADE","count":0},{"value":"Jam","removeText":"Category: Jam","name":"Category","text":"Jam","count":0},{"value":"Jewellery","removeText":"Category: Jewellery","name":"Category","text":"Jewellery","count":0},{"value":"Kids Clothing","removeText":"Category: Kids Clothing","name":"Category","text":"Kids Clothing","count":15},{"value":"LOFT","removeText":"Category: LOFT","name":"Category","text":"LOFT","count":0},{"value":"LONDON","removeText":"Category: LONDON","name":"Category","text":"LONDON","count":0},{"value":"LOUNGE","removeText":"Category: LOUNGE","name":"Category","text":"LOUNGE","count":0},{"value":"Lamps","removeText":"Category: Lamps","name":"Category","text":"Lamps","count":0},{"value":"MACAROON","removeText":"Category: MACAROON","name":"Category","text":"MACAROON","count":0},{"value":"MAGENTA","removeText":"Category: MAGENTA","name":"Category","text":"MAGENTA","count":0},{"value":"MATILDA","removeText":"Category: MATILDA","name":"Category","text":"MATILDA","count":0},{"value":"MIDNIGHT","removeText":"Category: MIDNIGHT","name":"Category","text":"MIDNIGHT","count":0},{"value":"MOSS","removeText":"Category: MOSS","name":"Category","text":"MOSS","count":0},{"value":"Meat","removeText":"Category: Meat","name":"Category","text":"Meat","count":0},{"value":"Mens Clothing","removeText":"Category: Mens Clothing","name":"Category","text":"Mens Clothing","count":15},{"value":"Mirror","removeText":"Category: Mirror","name":"Category","text":"Mirror","count":0},{"value":"NEW MARINA","removeText":"Category: NEW MARINA","name":"Category","text":"NEW MARINA","count":0},{"value":"NPLUS","removeText":"Category: NPLUS","name":"Category","text":"NPLUS","count":0},{"value":"New","removeText":"Category: New","name":"Category","text":"New","count":0},{"value":"Nuts","removeText":"Category: Nuts","name":"Category","text":"Nuts","count":0},{"value":"OLYMPOS","removeText":"Category: OLYMPOS","name":"Category","text":"OLYMPOS","count":0},{"value":"Other Products","removeText":"Category: Other Products","name":"Category","text":"Other Products","count":0},{"value":"Outdoor Lights","removeText":"Category: Outdoor Lights","name":"Category","text":"Outdoor Lights","count":0},{"value":"PANAMA","removeText":"Category: PANAMA","name":"Category","text":"PANAMA","count":0},{"value":"PECAN","removeText":"Category: PECAN","name":"Category","text":"PECAN","count":0},{"value":"PERFECT","removeText":"Category: PERFECT","name":"Category","text":"PERFECT","count":0},{"value":"Pastry","removeText":"Category: Pastry","name":"Category","text":"Pastry","count":0},{"value":"Personal Care","removeText":"Category: Personal Care","name":"Category","text":"Personal Care","count":0},{"value":"Pickle","removeText":"Category: Pickle","name":"Category","text":"Pickle","count":0},{"value":"Pillow","removeText":"Category: Pillow","name":"Category","text":"Pillow","count":0},{"value":"Pizza","removeText":"Category: Pizza","name":"Category","text":"Pizza","count":0},{"value":"Premium","removeText":"Category: Premium","name":"Category","text":"Premium","count":0},{"value":"Prepared food","removeText":"Category: Prepared food","name":"Category","text":"Prepared food","count":0},{"value":"Preserves","removeText":"Category: Preserves","name":"Category","text":"Preserves","count":0},{"value":"Printers","removeText":"Category: Printers","name":"Category","text":"Printers","count":0},{"value":"QUEEN","removeText":"Category: QUEEN","name":"Category","text":"QUEEN","count":0},{"value":"Ropa","removeText":"Category: Ropa","name":"Category","text":"Ropa","count":0},{"value":"SAGE","removeText":"Category: SAGE","name":"Category","text":"SAGE","count":0},{"value":"SECRET","removeText":"Category: SECRET","name":"Category","text":"SECRET","count":0},{"value":"SHELL","removeText":"Category: SHELL","name":"Category","text":"SHELL","count":0},{"value":"SLATE","removeText":"Category: SLATE","name":"Category","text":"SLATE","count":0},{"value":"SNOW","removeText":"Category: SNOW","name":"Category","text":"SNOW","count":0},{"value":"Salad Dressing","removeText":"Category: Salad Dressing","name":"Category","text":"Salad Dressing","count":0},{"value":"Seating","removeText":"Category: Seating","name":"Category","text":"Seating","count":0},{"value":"Shelf","removeText":"Category: Shelf","name":"Category","text":"Shelf","count":0},{"value":"Showcase","removeText":"Category: Showcase","name":"Category","text":"Showcase","count":0},{"value":"Showpieces","removeText":"Category: Showpieces","name":"Category","text":"Showpieces","count":0},{"value":"Side Food","removeText":"Category: Side Food","name":"Category","text":"Side Food","count":0},{"value":"Smartphones","removeText":"Category: Smartphones","name":"Category","text":"Smartphones","count":0},{"value":"Sofa","removeText":"Category: Sofa","name":"Category","text":"Sofa","count":0},{"value":"Spread","removeText":"Category: Spread","name":"Category","text":"Spread","count":0},{"value":"Storage","removeText":"Category: Storage","name":"Category","text":"Storage","count":0},{"value":"Study Table","removeText":"Category: Study Table","name":"Category","text":"Study Table","count":0},{"value":"Supplements","removeText":"Category: Supplements","name":"Category","text":"Supplements","count":0},{"value":"TROYA","removeText":"Category: TROYA","name":"Category","text":"TROYA","count":0},{"value":"TV UNIT","removeText":"Category: TV UNIT","name":"Category","text":"TV UNIT","count":0},{"value":"Tables","removeText":"Category: Tables","name":"Category","text":"Tables","count":0},{"value":"Televisions","removeText":"Category: Televisions","name":"Category","text":"Televisions","count":0},{"value":"Toppings","removeText":"Category: Toppings","name":"Category","text":"Toppings","count":0},{"value":"VALENTE","removeText":"Category: VALENTE","name":"Category","text":"VALENTE","count":0},{"value":"VISION","removeText":"Category: VISION","name":"Category","text":"VISION","count":0},{"value":"Veterinary Services","removeText":"Category: Veterinary Services","name":"Category","text":"Veterinary Services","count":0},{"value":"WOODEN","removeText":"Category: WOODEN","name":"Category","text":"WOODEN","count":0},{"value":"Wall Art","removeText":"Category: Wall Art","name":"Category","text":"Wall Art","count":0},{"value":"Wall Lights","removeText":"Category: Wall Lights","name":"Category","text":"Wall Lights","count":0},{"value":"Wardrobe","removeText":"Category: Wardrobe","name":"Category","text":"Wardrobe","count":0},{"value":"Womens Clothing","removeText":"Category: Womens Clothing","name":"Category","text":"Womens Clothing","count":21}]},{"title":"Collection","name":"Collection","facetValues":[{"value":" Light Blend","removeText":"Collection:  Light Blend","name":"Collection","text":" Light Blend","count":0},{"value":"APPAREL","removeText":"Collection: APPAREL","name":"Collection","text":"APPAREL","count":0},{"value":"Ada","removeText":"Collection: Ada","name":"Collection","text":"Ada","count":0},{"value":"Almond","removeText":"Collection: Almond","name":"Collection","text":"Almond","count":0},{"value":"Amber Maple Syrup","removeText":"Collection: Amber Maple Syrup","name":"Collection","text":"Amber Maple Syrup","count":0},{"value":"ArmStuff","removeText":"Collection: ArmStuff","name":"Collection","text":"ArmStuff","count":0},{"value":"BBQ Accessories","removeText":"Collection: BBQ Accessories","name":"Collection","text":"BBQ Accessories","count":0},{"value":"BBQ Sauce","removeText":"Collection: BBQ Sauce","name":"Collection","text":"BBQ Sauce","count":0},{"value":"Barcelona","removeText":"Collection: Barcelona","name":"Collection","text":"Barcelona","count":0},{"value":"Basic","removeText":"Collection: Basic","name":"Collection","text":"Basic","count":0},{"value":"Bathrobes","removeText":"Collection: Bathrobes","name":"Collection","text":"Bathrobes","count":0},{"value":"Bathroom","removeText":"Collection: Bathroom","name":"Collection","text":"Bathroom","count":0},{"value":"Bedroom","removeText":"Collection: Bedroom","name":"Collection","text":"Bedroom","count":0},{"value":"Beef","removeText":"Collection: Beef","name":"Collection","text":"Beef","count":0},{"value":"Bergamo","removeText":"Collection: Bergamo","name":"Collection","text":"Bergamo","count":0},{"value":"Birch Syrup","removeText":"Collection: Birch Syrup","name":"Collection","text":"Birch Syrup","count":0},{"value":"Bison","removeText":"Collection: Bison","name":"Collection","text":"Bison","count":0},{"value":"Blanket","removeText":"Collection: Blanket","name":"Collection","text":"Blanket","count":0},{"value":"Blush","removeText":"Collection: Blush","name":"Collection","text":"Blush","count":0},{"value":"Bracelets","removeText":"Collection: Bracelets","name":"Collection","text":"Bracelets","count":0},{"value":"Bread","removeText":"Collection: Bread","name":"Collection","text":"Bread","count":0},{"value":"Brunette","removeText":"Collection: Brunette","name":"Collection","text":"Brunette","count":0},{"value":"COVID Blue","removeText":"Collection: COVID Blue","name":"Collection","text":"COVID Blue","count":0},{"value":"Cheese","removeText":"Collection: Cheese","name":"Collection","text":"Cheese","count":0},{"value":"Chenille","removeText":"Collection: Chenille","name":"Collection","text":"Chenille","count":0},{"value":"Chicken","removeText":"Collection: Chicken","name":"Collection","text":"Chicken","count":0},{"value":"Chutney","removeText":"Collection: Chutney","name":"Collection","text":"Chutney","count":0},{"value":"Cinnamon","removeText":"Collection: Cinnamon","name":"Collection","text":"Cinnamon","count":0},{"value":"Clothing","removeText":"Collection: Clothing","name":"Collection","text":"Clothing","count":0},{"value":"Coconut","removeText":"Collection: Coconut","name":"Collection","text":"Coconut","count":0},{"value":"Coconut Oil","removeText":"Collection: Coconut Oil","name":"Collection","text":"Coconut Oil","count":0},{"value":"Comfort","removeText":"Collection: Comfort","name":"Collection","text":"Comfort","count":0},{"value":"Cotton / Cotton Blend","removeText":"Collection: Cotton / Cotton Blend","name":"Collection","text":"Cotton / Cotton Blend","count":0},{"value":"Curry","removeText":"Collection: Curry","name":"Collection","text":"Curry","count":0},{"value":"Cushions","removeText":"Collection: Cushions","name":"Collection","text":"Cushions","count":0},{"value":"Decafe Blend","removeText":"Collection: Decafe Blend","name":"Collection","text":"Decafe Blend","count":0},{"value":"Decorative","removeText":"Collection: Decorative","name":"Collection","text":"Decorative","count":0},{"value":"Design","removeText":"Collection: Design","name":"Collection","text":"Design","count":0},{"value":"Dinner","removeText":"Collection: Dinner","name":"Collection","text":"Dinner","count":0},{"value":"Dryer Balls","removeText":"Collection: Dryer Balls","name":"Collection","text":"Dryer Balls","count":0},{"value":"Ege","removeText":"Collection: Ege","name":"Collection","text":"Ege","count":0},{"value":"Eggs","removeText":"Collection: Eggs","name":"Collection","text":"Eggs","count":0},{"value":"Espresso Blend","removeText":"Collection: Espresso Blend","name":"Collection","text":"Espresso Blend","count":0},{"value":"Eucalan","removeText":"Collection: Eucalan","name":"Collection","text":"Eucalan","count":0},{"value":"Fabric","removeText":"Collection: Fabric","name":"Collection","text":"Fabric","count":0},{"value":"Face Mask","removeText":"Collection: Face Mask","name":"Collection","text":"Face Mask","count":0},{"value":"Face Mask Spray","removeText":"Collection: Face Mask Spray","name":"Collection","text":"Face Mask Spray","count":0},{"value":"Giza","removeText":"Collection: Giza","name":"Collection","text":"Giza","count":0},{"value":"Goat","removeText":"Collection: Goat","name":"Collection","text":"Goat","count":0},{"value":"Goat Cheese","removeText":"Collection: Goat Cheese","name":"Collection","text":"Goat Cheese","count":0},{"value":"Grill Pro","removeText":"Collection: Grill Pro","name":"Collection","text":"Grill Pro","count":0},{"value":"Hand Made Soap","removeText":"Collection: Hand Made Soap","name":"Collection","text":"Hand Made Soap","count":0},{"value":"Hand Sanitizer","removeText":"Collection: Hand Sanitizer","name":"Collection","text":"Hand Sanitizer","count":0},{"value":"Honduran Marcala","removeText":"Collection: Honduran Marcala","name":"Collection","text":"Honduran Marcala","count":0},{"value":"Honduran Marcala, Light Blend","removeText":"Collection: Honduran Marcala, Light Blend","name":"Collection","text":"Honduran Marcala, Light Blend","count":0},{"value":"Honey","removeText":"Collection: Honey","name":"Collection","text":"Honey","count":0},{"value":"Hot Honey","removeText":"Collection: Hot Honey","name":"Collection","text":"Hot Honey","count":0},{"value":"Interior","removeText":"Collection: Interior","name":"Collection","text":"Interior","count":0},{"value":"Irmak","removeText":"Collection: Irmak","name":"Collection","text":"Irmak","count":0},{"value":"Istanbul","removeText":"Collection: Istanbul","name":"Collection","text":"Istanbul","count":0},{"value":"Jelly","removeText":"Collection: Jelly","name":"Collection","text":"Jelly","count":0},{"value":"Katerina","removeText":"Collection: Katerina","name":"Collection","text":"Katerina","count":0},{"value":"Lamb","removeText":"Collection: Lamb","name":"Collection","text":"Lamb","count":0},{"value":"Liquid Hand Soap","removeText":"Collection: Liquid Hand Soap","name":"Collection","text":"Liquid Hand Soap","count":0},{"value":"Macaroon","removeText":"Collection: Macaroon","name":"Collection","text":"Macaroon","count":0},{"value":"Magenta","removeText":"Collection: Magenta","name":"Collection","text":"Magenta","count":0},{"value":"Maple Syrup","removeText":"Collection: Maple Syrup","name":"Collection","text":"Maple Syrup","count":0},{"value":"Marmalade","removeText":"Collection: Marmalade","name":"Collection","text":"Marmalade","count":0},{"value":"Meat","removeText":"Collection: Meat","name":"Collection","text":"Meat","count":0},{"value":"Medical Services","removeText":"Collection: Medical Services","name":"Collection","text":"Medical Services","count":0},{"value":"Men","removeText":"Collection: Men","name":"Collection","text":"Men","count":0},{"value":"Merino Felted Soup","removeText":"Collection: Merino Felted Soup","name":"Collection","text":"Merino Felted Soup","count":0},{"value":"Metal","removeText":"Collection: Metal","name":"Collection","text":"Metal","count":0},{"value":"Mexican Chiapas","removeText":"Collection: Mexican Chiapas","name":"Collection","text":"Mexican Chiapas","count":0},{"value":"Microfiber / Microsuede","removeText":"Collection: Microfiber / Microsuede","name":"Collection","text":"Microfiber / Microsuede","count":0},{"value":"New Kavin","removeText":"Collection: New Kavin","name":"Collection","text":"New Kavin","count":0},{"value":"New Tulip","removeText":"Collection: New Tulip","name":"Collection","text":"New Tulip","count":0},{"value":"Olympus","removeText":"Collection: Olympus","name":"Collection","text":"Olympus","count":0},{"value":"Parent","removeText":"Collection: Parent","name":"Collection","text":"Parent","count":0},{"value":"Parodi","removeText":"Collection: Parodi","name":"Collection","text":"Parodi","count":0},{"value":"Peak","removeText":"Collection: Peak","name":"Collection","text":"Peak","count":0},{"value":"Pecan","removeText":"Collection: Pecan","name":"Collection","text":"Pecan","count":0},{"value":"Pillow","removeText":"Collection: Pillow","name":"Collection","text":"Pillow","count":0},{"value":"Polyester / Polyester Blend","removeText":"Collection: Polyester / Polyester Blend","name":"Collection","text":"Polyester / Polyester Blend","count":0},{"value":"Pork","removeText":"Collection: Pork","name":"Collection","text":"Pork","count":0},{"value":"Pork-Beef","removeText":"Collection: Pork-Beef","name":"Collection","text":"Pork-Beef","count":0},{"value":"Premium","removeText":"Collection: Premium","name":"Collection","text":"Premium","count":0},{"value":"Round","removeText":"Collection: Round","name":"Collection","text":"Round","count":0},{"value":"SHOES","removeText":"Collection: SHOES","name":"Collection","text":"SHOES","count":0},{"value":"Salted Honey","removeText":"Collection: Salted Honey","name":"Collection","text":"Salted Honey","count":0},{"value":"Sauce","removeText":"Collection: Sauce","name":"Collection","text":"Sauce","count":0},{"value":"Sauces","removeText":"Collection: Sauces","name":"Collection","text":"Sauces","count":0},{"value":"Seafood","removeText":"Collection: Seafood","name":"Collection","text":"Seafood","count":0},{"value":"Seasoning","removeText":"Collection: Seasoning","name":"Collection","text":"Seasoning","count":0},{"value":"Secret","removeText":"Collection: Secret","name":"Collection","text":"Secret","count":0},{"value":"Sheep Cheese","removeText":"Collection: Sheep Cheese","name":"Collection","text":"Sheep Cheese","count":0},{"value":"Smoked Honey","removeText":"Collection: Smoked Honey","name":"Collection","text":"Smoked Honey","count":0},{"value":"Spread","removeText":"Collection: Spread","name":"Collection","text":"Spread","count":0},{"value":"Stone","removeText":"Collection: Stone","name":"Collection","text":"Stone","count":0},{"value":"Texas BBQ Sauce","removeText":"Collection: Texas BBQ Sauce","name":"Collection","text":"Texas BBQ Sauce","count":0},{"value":"Toppings","removeText":"Collection: Toppings","name":"Collection","text":"Toppings","count":0},{"value":"Towels","removeText":"Collection: Towels","name":"Collection","text":"Towels","count":0},{"value":"Turkey","removeText":"Collection: Turkey","name":"Collection","text":"Turkey","count":0},{"value":"Unisex","removeText":"Collection: Unisex","name":"Collection","text":"Unisex","count":0},{"value":"Veal","removeText":"Collection: Veal","name":"Collection","text":"Veal","count":0},{"value":"Vegetable","removeText":"Collection: Vegetable","name":"Collection","text":"Vegetable","count":0},{"value":"Vegetarian","removeText":"Collection: Vegetarian","name":"Collection","text":"Vegetarian","count":0},{"value":"WOMEN","removeText":"Collection: WOMEN","name":"Collection","text":"WOMEN","count":0},{"value":"Whole Eggs","removeText":"Collection: Whole Eggs","name":"Collection","text":"Whole Eggs","count":0},{"value":"Wood","removeText":"Collection: Wood","name":"Collection","text":"Wood","count":0}]},{"title":"Tag","name":"Tag","facetValues":[{"value":" Apricot Hot Pepper Jelly","removeText":"Tag:  Apricot Hot Pepper Jelly","name":"Tag","text":" Apricot Hot Pepper Jelly","count":0},{"value":" Balsamic Maple Figs","removeText":"Tag:  Balsamic Maple Figs","name":"Tag","text":" Balsamic Maple Figs","count":0},{"value":" Cheese","removeText":"Tag:  Cheese","name":"Tag","text":" Cheese","count":0},{"value":" Chops","removeText":"Tag:  Chops","name":"Tag","text":" Chops","count":0},{"value":" Grill","removeText":"Tag:  Grill","name":"Tag","text":" Grill","count":0},{"value":" Ground Beef","removeText":"Tag:  Ground Beef","name":"Tag","text":" Ground Beef","count":0},{"value":" Ground Bison","removeText":"Tag:  Ground Bison","name":"Tag","text":" Ground Bison","count":0},{"value":" Harissa","removeText":"Tag:  Harissa","name":"Tag","text":" Harissa","count":0},{"value":" Hive on Fire","removeText":"Tag:  Hive on Fire","name":"Tag","text":" Hive on Fire","count":0},{"value":" Honey","removeText":"Tag:  Honey","name":"Tag","text":" Honey","count":0},{"value":" Hot","removeText":"Tag:  Hot","name":"Tag","text":" Hot","count":0},{"value":" Hot Chili","removeText":"Tag:  Hot Chili","name":"Tag","text":" Hot Chili","count":0},{"value":" Jalapenos","removeText":"Tag:  Jalapenos","name":"Tag","text":" Jalapenos","count":0},{"value":" Leg","removeText":"Tag:  Leg","name":"Tag","text":" Leg","count":0},{"value":" Lime","removeText":"Tag:  Lime","name":"Tag","text":" Lime","count":0},{"value":" Loins","removeText":"Tag:  Loins","name":"Tag","text":" Loins","count":0},{"value":" Maple Fig","removeText":"Tag:  Maple Fig","name":"Tag","text":" Maple Fig","count":0},{"value":" Natural Smoke","removeText":"Tag:  Natural Smoke","name":"Tag","text":" Natural Smoke","count":0},{"value":" Organs","removeText":"Tag:  Organs","name":"Tag","text":" Organs","count":0},{"value":" Patties","removeText":"Tag:  Patties","name":"Tag","text":" Patties","count":0},{"value":" Red Pepper","removeText":"Tag:  Red Pepper","name":"Tag","text":" Red Pepper","count":0},{"value":" Red Pepper Jelly","removeText":"Tag:  Red Pepper Jelly","name":"Tag","text":" Red Pepper Jelly","count":0},{"value":" Red Peppers","removeText":"Tag:  Red Peppers","name":"Tag","text":" Red Peppers","count":0},{"value":" Relish","removeText":"Tag:  Relish","name":"Tag","text":" Relish","count":0},{"value":" Roast","removeText":"Tag:  Roast","name":"Tag","text":" Roast","count":0},{"value":" Roasted Garlic & Honey BBQ Sauce","removeText":"Tag:  Roasted Garlic & Honey BBQ Sauce","name":"Tag","text":" Roasted Garlic & Honey BBQ Sauce","count":0},{"value":" Roasted Peppers","removeText":"Tag:  Roasted Peppers","name":"Tag","text":" Roasted Peppers","count":0},{"value":" Salami","removeText":"Tag:  Salami","name":"Tag","text":" Salami","count":0},{"value":" Soap","removeText":"Tag:  Soap","name":"Tag","text":" Soap","count":0},{"value":" Spicy","removeText":"Tag:  Spicy","name":"Tag","text":" Spicy","count":0},{"value":" Spicy Red Pepper Jelly","removeText":"Tag:  Spicy Red Pepper Jelly","name":"Tag","text":" Spicy Red Pepper Jelly","count":0},{"value":" Tomato","removeText":"Tag:  Tomato","name":"Tag","text":" Tomato","count":0},{"value":" Tool Set","removeText":"Tag:  Tool Set","name":"Tag","text":" Tool Set","count":0},{"value":" Wood Smoke","removeText":"Tag:  Wood Smoke","name":"Tag","text":" Wood Smoke","count":0},{"value":"10","removeText":"Tag: 10","name":"Tag","text":"10","count":0},{"value":"All Purpose Seasoning","removeText":"Tag: All Purpose Seasoning","name":"Tag","text":"All Purpose Seasoning","count":0},{"value":"Apple","removeText":"Tag: Apple","name":"Tag","text":"Apple","count":0},{"value":"Apple and Pecan Topping","removeText":"Tag: Apple and Pecan Topping","name":"Tag","text":"Apple and Pecan Topping","count":0},{"value":"Apple, Cheese","removeText":"Tag: Apple, Cheese","name":"Tag","text":"Apple, Cheese","count":0},{"value":"Apricot","removeText":"Tag: Apricot","name":"Tag","text":"Apricot","count":0},{"value":"Apricot, Apricot Hot Pepper Jelly, Hot, Jalapenos","removeText":"Tag: Apricot, Apricot Hot Pepper Jelly, Hot, Jalapenos","name":"Tag","text":"Apricot, Apricot Hot Pepper Jelly, Hot, Jalapenos","count":0},{"value":"Asian","removeText":"Tag: Asian","name":"Tag","text":"Asian","count":0},{"value":"Ball Cap","removeText":"Tag: Ball Cap","name":"Tag","text":"Ball Cap","count":0},{"value":"Balsamic","removeText":"Tag: Balsamic","name":"Tag","text":"Balsamic","count":0},{"value":"Balsamic, Balsamic Maple Figs, Maple Fig","removeText":"Tag: Balsamic, Balsamic Maple Figs, Maple Fig","name":"Tag","text":"Balsamic, Balsamic Maple Figs, Maple Fig","count":0},{"value":"Barbecue Wood Chips","removeText":"Tag: Barbecue Wood Chips","name":"Tag","text":"Barbecue Wood Chips","count":0},{"value":"Bedsheet","removeText":"Tag: Bedsheet","name":"Tag","text":"Bedsheet","count":0},{"value":"Bison","removeText":"Tag: Bison","name":"Tag","text":"Bison","count":0},{"value":"Bison, Ground Beef, Ground Bison","removeText":"Tag: Bison, Ground Beef, Ground Bison","name":"Tag","text":"Bison, Ground Beef, Ground Bison","count":0},{"value":"Black Currant","removeText":"Tag: Black Currant","name":"Tag","text":"Black Currant","count":0},{"value":"Blackberry","removeText":"Tag: Blackberry","name":"Tag","text":"Blackberry","count":0},{"value":"Blackberry, Lime","removeText":"Tag: Blackberry, Lime","name":"Tag","text":"Blackberry, Lime","count":0},{"value":"Blankets","removeText":"Tag: Blankets","name":"Tag","text":"Blankets","count":0},{"value":"Boiled","removeText":"Tag: Boiled","name":"Tag","text":"Boiled","count":0},{"value":"Bold Browning","removeText":"Tag: Bold Browning","name":"Tag","text":"Bold Browning","count":0},{"value":"Burgers","removeText":"Tag: Burgers","name":"Tag","text":"Burgers","count":0},{"value":"Burgers, Grill","removeText":"Tag: Burgers, Grill","name":"Tag","text":"Burgers, Grill","count":0},{"value":"Cast Iron Smoker Box","removeText":"Tag: Cast Iron Smoker Box","name":"Tag","text":"Cast Iron Smoker Box","count":0},{"value":"Cat","removeText":"Tag: Cat","name":"Tag","text":"Cat","count":0},{"value":"Cheese","removeText":"Tag: Cheese","name":"Tag","text":"Cheese","count":0},{"value":"Cheese, Tomato","removeText":"Tag: Cheese, Tomato","name":"Tag","text":"Cheese, Tomato","count":0},{"value":"Chili Peppers","removeText":"Tag: Chili Peppers","name":"Tag","text":"Chili Peppers","count":0},{"value":"Chili Peppers, Hive on Fire, Honey","removeText":"Tag: Chili Peppers, Hive on Fire, Honey","name":"Tag","text":"Chili Peppers, Hive on Fire, Honey","count":0},{"value":"Chops","removeText":"Tag: Chops","name":"Tag","text":"Chops","count":0},{"value":"Chops, Loins","removeText":"Tag: Chops, Loins","name":"Tag","text":"Chops, Loins","count":0},{"value":"Classic","removeText":"Tag: Classic","name":"Tag","text":"Classic","count":0},{"value":"Comfort","removeText":"Tag: Comfort","name":"Tag","text":"Comfort","count":0},{"value":"Contemporary","removeText":"Tag: Contemporary","name":"Tag","text":"Contemporary","count":0},{"value":"Cranberries and Almond","removeText":"Tag: Cranberries and Almond","name":"Tag","text":"Cranberries and Almond","count":0},{"value":"Curtain","removeText":"Tag: Curtain","name":"Tag","text":"Curtain","count":0},{"value":"Cushions Covers","removeText":"Tag: Cushions Covers","name":"Tag","text":"Cushions Covers","count":0},{"value":"Date","removeText":"Tag: Date","name":"Tag","text":"Date","count":0},{"value":"Dog","removeText":"Tag: Dog","name":"Tag","text":"Dog","count":0},{"value":"Dress","removeText":"Tag: Dress","name":"Tag","text":"Dress","count":21},{"value":"Duck Eggs","removeText":"Tag: Duck Eggs","name":"Tag","text":"Duck Eggs","count":0},{"value":"Elegant","removeText":"Tag: Elegant","name":"Tag","text":"Elegant","count":0},{"value":"Eucalyptus","removeText":"Tag: Eucalyptus","name":"Tag","text":"Eucalyptus","count":0},{"value":"French Rib Chops","removeText":"Tag: French Rib Chops","name":"Tag","text":"French Rib Chops","count":0},{"value":"Fries","removeText":"Tag: Fries","name":"Tag","text":"Fries","count":0},{"value":"Fruit","removeText":"Tag: Fruit","name":"Tag","text":"Fruit","count":0},{"value":"Future","removeText":"Tag: Future","name":"Tag","text":"Future","count":0},{"value":"Garlic & Honey","removeText":"Tag: Garlic & Honey","name":"Tag","text":"Garlic & Honey","count":0},{"value":"Garlic & Honey, Roasted Garlic & Honey BBQ Sauce","removeText":"Tag: Garlic & Honey, Roasted Garlic & Honey BBQ Sauce","name":"Tag","text":"Garlic & Honey, Roasted Garlic & Honey BBQ Sauce","count":0},{"value":"Goat C-Line Pro Cheese","removeText":"Tag: Goat C-Line Pro Cheese","name":"Tag","text":"Goat C-Line Pro Cheese","count":0},{"value":"Goat Cheddar Marble Mild","removeText":"Tag: Goat Cheddar Marble Mild","name":"Tag","text":"Goat Cheddar Marble Mild","count":0},{"value":"Goat Cheddar Mild","removeText":"Tag: Goat Cheddar Mild","name":"Tag","text":"Goat Cheddar Mild","count":0},{"value":"Goat Cheese Cheddar Aged","removeText":"Tag: Goat Cheese Cheddar Aged","name":"Tag","text":"Goat Cheese Cheddar Aged","count":0},{"value":"Goat Cream Cheese","removeText":"Tag: Goat Cream Cheese","name":"Tag","text":"Goat Cream Cheese","count":0},{"value":"Goat Cream Cheese Chive","removeText":"Tag: Goat Cream Cheese Chive","name":"Tag","text":"Goat Cream Cheese Chive","count":0},{"value":"Goat Feta","removeText":"Tag: Goat Feta","name":"Tag","text":"Goat Feta","count":0},{"value":"Goat Gouda","removeText":"Tag: Goat Gouda","name":"Tag","text":"Goat Gouda","count":0},{"value":"Goat Havarti","removeText":"Tag: Goat Havarti","name":"Tag","text":"Goat Havarti","count":0},{"value":"Goatserella","removeText":"Tag: Goatserella","name":"Tag","text":"Goatserella","count":0},{"value":"Grapefruit","removeText":"Tag: Grapefruit","name":"Tag","text":"Grapefruit","count":0},{"value":"Gray","removeText":"Tag: Gray","name":"Tag","text":"Gray","count":0},{"value":"Green","removeText":"Tag: Green","name":"Tag","text":"Green","count":0},{"value":"GreenPlus","removeText":"Tag: GreenPlus","name":"Tag","text":"GreenPlus","count":0},{"value":"Grill Pro","removeText":"Tag: Grill Pro","name":"Tag","text":"Grill Pro","count":0},{"value":"Grill Pro, Tool Set","removeText":"Tag: Grill Pro, Tool Set","name":"Tag","text":"Grill Pro, Tool Set","count":0},{"value":"Ground Beef","removeText":"Tag: Ground Beef","name":"Tag","text":"Ground Beef","count":0},{"value":"Ground Lamb","removeText":"Tag: Ground Lamb","name":"Tag","text":"Ground Lamb","count":0},{"value":"Ground Meat","removeText":"Tag: Ground Meat","name":"Tag","text":"Ground Meat","count":0},{"value":"Guinness BBQ Sauce","removeText":"Tag: Guinness BBQ Sauce","name":"Tag","text":"Guinness BBQ Sauce","count":0},{"value":"Ham","removeText":"Tag: Ham","name":"Tag","text":"Ham","count":0},{"value":"Heart","removeText":"Tag: Heart","name":"Tag","text":"Heart","count":0},{"value":"Heart, Organs","removeText":"Tag: Heart, Organs","name":"Tag","text":"Heart, Organs","count":0},{"value":"Hearts","removeText":"Tag: Hearts","name":"Tag","text":"Hearts","count":0},{"value":"Hearts, Organs","removeText":"Tag: Hearts, Organs","name":"Tag","text":"Hearts, Organs","count":0},{"value":"Hive Been Cured","removeText":"Tag: Hive Been Cured","name":"Tag","text":"Hive Been Cured","count":0},{"value":"Hive Been Cured, Honey","removeText":"Tag: Hive Been Cured, Honey","name":"Tag","text":"Hive Been Cured, Honey","count":0},{"value":"Hive Been Smoking","removeText":"Tag: Hive Been Smoking","name":"Tag","text":"Hive Been Smoking","count":0},{"value":"Hive Been Smoking, Natural Smoke","removeText":"Tag: Hive Been Smoking, Natural Smoke","name":"Tag","text":"Hive Been Smoking, Natural Smoke","count":0},{"value":"Industrial","removeText":"Tag: Industrial","name":"Tag","text":"Industrial","count":0},{"value":"Invierno","removeText":"Tag: Invierno","name":"Tag","text":"Invierno","count":0},{"value":"Jackets","removeText":"Tag: Jackets","name":"Tag","text":"Jackets","count":22},{"value":"Joy","removeText":"Tag: Joy","name":"Tag","text":"Joy","count":0},{"value":"Kidney","removeText":"Tag: Kidney","name":"Tag","text":"Kidney","count":0},{"value":"Kidneys","removeText":"Tag: Kidneys","name":"Tag","text":"Kidneys","count":0},{"value":"Kids","removeText":"Tag: Kids","name":"Tag","text":"Kids","count":0},{"value":"Lamb Burgers","removeText":"Tag: Lamb Burgers","name":"Tag","text":"Lamb Burgers","count":0},{"value":"Lamb Burgers, Patties","removeText":"Tag: Lamb Burgers, Patties","name":"Tag","text":"Lamb Burgers, Patties","count":0},{"value":"Lavender","removeText":"Tag: Lavender","name":"Tag","text":"Lavender","count":0},{"value":"Leg","removeText":"Tag: Leg","name":"Tag","text":"Leg","count":0},{"value":"Liver","removeText":"Tag: Liver","name":"Tag","text":"Liver","count":0},{"value":"Locally Made","removeText":"Tag: Locally Made","name":"Tag","text":"Locally Made","count":0},{"value":"Loin Chops","removeText":"Tag: Loin Chops","name":"Tag","text":"Loin Chops","count":0},{"value":"Manufacturer","removeText":"Tag: Manufacturer","name":"Tag","text":"Manufacturer","count":0},{"value":"Maple","removeText":"Tag: Maple","name":"Tag","text":"Maple","count":0},{"value":"Maple and Walnut","removeText":"Tag: Maple and Walnut","name":"Tag","text":"Maple and Walnut","count":0},{"value":"Maple, Salami, Wood Smoke","removeText":"Tag: Maple, Salami, Wood Smoke","name":"Tag","text":"Maple, Salami, Wood Smoke","count":0},{"value":"Mat","removeText":"Tag: Mat","name":"Tag","text":"Mat","count":0},{"value":"Max","removeText":"Tag: Max","name":"Tag","text":"Max","count":0},{"value":"MaxPlus","removeText":"Tag: MaxPlus","name":"Tag","text":"MaxPlus","count":0},{"value":"Medium Roasted","removeText":"Tag: Medium Roasted","name":"Tag","text":"Medium Roasted","count":0},{"value":"Mild","removeText":"Tag: Mild","name":"Tag","text":"Mild","count":0},{"value":"Minimalist ","removeText":"Tag: Minimalist ","name":"Tag","text":"Minimalist ","count":0},{"value":"Modern","removeText":"Tag: Modern","name":"Tag","text":"Modern","count":0},{"value":"Neck Roast","removeText":"Tag: Neck Roast","name":"Tag","text":"Neck Roast","count":0},{"value":"Neck Roast, Wood Smoke","removeText":"Tag: Neck Roast, Wood Smoke","name":"Tag","text":"Neck Roast, Wood Smoke","count":0},{"value":"Not Spicy","removeText":"Tag: Not Spicy","name":"Tag","text":"Not Spicy","count":0},{"value":"Organisation","removeText":"Tag: Organisation","name":"Tag","text":"Organisation","count":0},{"value":"Organs","removeText":"Tag: Organs","name":"Tag","text":"Organs","count":0},{"value":"Oriental","removeText":"Tag: Oriental","name":"Tag","text":"Oriental","count":0},{"value":"Pepper Jelly","removeText":"Tag: Pepper Jelly","name":"Tag","text":"Pepper Jelly","count":0},{"value":"Pepper Jelly, Red Pepper, Red Pepper Jelly","removeText":"Tag: Pepper Jelly, Red Pepper, Red Pepper Jelly","name":"Tag","text":"Pepper Jelly, Red Pepper, Red Pepper Jelly","count":0},{"value":"Pepperette","removeText":"Tag: Pepperette","name":"Tag","text":"Pepperette","count":0},{"value":"Pepperettes","removeText":"Tag: Pepperettes","name":"Tag","text":"Pepperettes","count":0},{"value":"Pepperettes, Honey","removeText":"Tag: Pepperettes, Honey","name":"Tag","text":"Pepperettes, Honey","count":0},{"value":"Pineapple","removeText":"Tag: Pineapple","name":"Tag","text":"Pineapple","count":0},{"value":"Pineapple, Relish","removeText":"Tag: Pineapple, Relish","name":"Tag","text":"Pineapple, Relish","count":0},{"value":"Pop","removeText":"Tag: Pop","name":"Tag","text":"Pop","count":0},{"value":"Protect","removeText":"Tag: Protect","name":"Tag","text":"Protect","count":0},{"value":"Rack","removeText":"Tag: Rack","name":"Tag","text":"Rack","count":0},{"value":"Red Pepper","removeText":"Tag: Red Pepper","name":"Tag","text":"Red Pepper","count":0},{"value":"Red Pepper, Spicy, Spicy Red Pepper Jelly","removeText":"Tag: Red Pepper, Spicy, Spicy Red Pepper Jelly","name":"Tag","text":"Red Pepper, Spicy, Spicy Red Pepper Jelly","count":0},{"value":"Ribs","removeText":"Tag: Ribs","name":"Tag","text":"Ribs","count":0},{"value":"Roast","removeText":"Tag: Roast","name":"Tag","text":"Roast","count":0},{"value":"Roast, Leg","removeText":"Tag: Roast, Leg","name":"Tag","text":"Roast, Leg","count":0},{"value":"Saddle","removeText":"Tag: Saddle","name":"Tag","text":"Saddle","count":0},{"value":"Sausage","removeText":"Tag: Sausage","name":"Tag","text":"Sausage","count":0},{"value":"Scents","removeText":"Tag: Scents","name":"Tag","text":"Scents","count":0},{"value":"Scents, Soap","removeText":"Tag: Scents, Soap","name":"Tag","text":"Scents, Soap","count":0},{"value":"Serving Boards","removeText":"Tag: Serving Boards","name":"Tag","text":"Serving Boards","count":0},{"value":"Shanks","removeText":"Tag: Shanks","name":"Tag","text":"Shanks","count":0},{"value":"Sheep Cheese Dill & Garlic","removeText":"Tag: Sheep Cheese Dill & Garlic","name":"Tag","text":"Sheep Cheese Dill & Garlic","count":0},{"value":"Sheep Cheese Roasted Garlic","removeText":"Tag: Sheep Cheese Roasted Garlic","name":"Tag","text":"Sheep Cheese Roasted Garlic","count":0},{"value":"SheepSkin Insoles","removeText":"Tag: SheepSkin Insoles","name":"Tag","text":"SheepSkin Insoles","count":0},{"value":"Shiloh Virgin Coconut Oil","removeText":"Tag: Shiloh Virgin Coconut Oil","name":"Tag","text":"Shiloh Virgin Coconut Oil","count":0},{"value":"Shirt","removeText":"Tag: Shirt","name":"Tag","text":"Shirt","count":4},{"value":"Shoulder","removeText":"Tag: Shoulder","name":"Tag","text":"Shoulder","count":0},{"value":"Shoulder, Chops","removeText":"Tag: Shoulder, Chops","name":"Tag","text":"Shoulder, Chops","count":0},{"value":"Shoulder, Roast","removeText":"Tag: Shoulder, Roast","name":"Tag","text":"Shoulder, Roast","count":0},{"value":"Simple","removeText":"Tag: Simple","name":"Tag","text":"Simple","count":0},{"value":"Sirloin Steak","removeText":"Tag: Sirloin Steak","name":"Tag","text":"Sirloin Steak","count":0},{"value":"Skewers","removeText":"Tag: Skewers","name":"Tag","text":"Skewers","count":0},{"value":"Slow Roasted","removeText":"Tag: Slow Roasted","name":"Tag","text":"Slow Roasted","count":0},{"value":"Soup Bones","removeText":"Tag: Soup Bones","name":"Tag","text":"Soup Bones","count":0},{"value":"Spicy","removeText":"Tag: Spicy","name":"Tag","text":"Spicy","count":0},{"value":"Spiedinis","removeText":"Tag: Spiedinis","name":"Tag","text":"Spiedinis","count":0},{"value":"Steak","removeText":"Tag: Steak","name":"Tag","text":"Steak","count":0},{"value":"Stew","removeText":"Tag: Stew","name":"Tag","text":"Stew","count":0},{"value":"Sweatshirt","removeText":"Tag: Sweatshirt","name":"Tag","text":"Sweatshirt","count":4},{"value":"T-shirt","removeText":"Tag: T-shirt","name":"Tag","text":"T-shirt","count":0},{"value":"Tomato","removeText":"Tag: Tomato","name":"Tag","text":"Tomato","count":0},{"value":"Tomato and Pesto","removeText":"Tag: Tomato and Pesto","name":"Tag","text":"Tomato and Pesto","count":0},{"value":"Tongue","removeText":"Tag: Tongue","name":"Tag","text":"Tongue","count":0},{"value":"Towel","removeText":"Tag: Towel","name":"Tag","text":"Towel","count":0},{"value":"Tshirt","removeText":"Tag: Tshirt","name":"Tag","text":"Tshirt","count":0},{"value":"Tunisian","removeText":"Tag: Tunisian","name":"Tag","text":"Tunisian","count":0},{"value":"Tunisian, Harissa, Hot Chili, Red Peppers, Roasted Peppers","removeText":"Tag: Tunisian, Harissa, Hot Chili, Red Peppers, Roasted Peppers","name":"Tag","text":"Tunisian, Harissa, Hot Chili, Red Peppers, Roasted Peppers","count":0},{"value":"Turkey","removeText":"Tag: Turkey","name":"Tag","text":"Turkey","count":0},{"value":"Unscented","removeText":"Tag: Unscented","name":"Tag","text":"Unscented","count":0},{"value":"Vegan","removeText":"Tag: Vegan","name":"Tag","text":"Vegan","count":0},{"value":"Veggie","removeText":"Tag: Veggie","name":"Tag","text":"Veggie","count":0},{"value":"Vintage","removeText":"Tag: Vintage","name":"Tag","text":"Vintage","count":0},{"value":"Wood Fire Roasted","removeText":"Tag: Wood Fire Roasted","name":"Tag","text":"Wood Fire Roasted","count":0},{"value":"Wool Blanket","removeText":"Tag: Wool Blanket","name":"Tag","text":"Wool Blanket","count":0},{"value":"legs","removeText":"Tag: legs","name":"Tag","text":"legs","count":0}]},{"title":"Sellers","name":"Sellers","facetValues":[{"value":"4M Farms","removeText":"Sellers: 4M Farms","name":"Sellers","text":"4M Farms","count":135},{"value":"4M Farms121","removeText":"Sellers: 4M Farms121","name":"Sellers","text":"4M Farms121","count":7},{"value":"4MFARMS12111","removeText":"Sellers: 4MFARMS12111","name":"Sellers","text":"4MFARMS12111","count":0},{"value":"4m","removeText":"Sellers: 4m","name":"Sellers","text":"4m","count":1},{"value":"ABC Tekstil","removeText":"Sellers: ABC Tekstil","name":"Sellers","text":"ABC Tekstil","count":3},{"value":"ABC Tekstil1","removeText":"Sellers: ABC Tekstil1","name":"Sellers","text":"ABC Tekstil1","count":0},{"value":"Abakli","removeText":"Sellers: Abakli","name":"Sellers","text":"Abakli","count":5},{"value":"Abc","removeText":"Sellers: Abc","name":"Sellers","text":"Abc","count":3},{"value":"Abc Store","removeText":"Sellers: Abc Store","name":"Sellers","text":"Abc Store","count":1},{"value":"Acarer","removeText":"Sellers: Acarer","name":"Sellers","text":"Acarer","count":6},{"value":"Ahmet","removeText":"Sellers: Ahmet","name":"Sellers","text":"Ahmet","count":5},{"value":"Brandos","removeText":"Sellers: Brandos","name":"Sellers","text":"Brandos","count":13},{"value":"Cagin Office Furniture","removeText":"Sellers: Cagin Office Furniture","name":"Sellers","text":"Cagin Office Furniture","count":44},{"value":"Canaberta","removeText":"Sellers: Canaberta","name":"Sellers","text":"Canaberta","count":14},{"value":"CasaCraft","removeText":"Sellers: CasaCraft","name":"Sellers","text":"CasaCraft","count":80},{"value":"Chimney Cake","removeText":"Sellers: Chimney Cake","name":"Sellers","text":"Chimney Cake","count":4},{"value":"Cimra Sauce","removeText":"Sellers: Cimra Sauce","name":"Sellers","text":"Cimra Sauce","count":4},{"value":"DATEKS","removeText":"Sellers: DATEKS","name":"Sellers","text":"DATEKS","count":0},{"value":"Dateks","removeText":"Sellers: Dateks","name":"Sellers","text":"Dateks","count":4},{"value":"Delta Ofis","removeText":"Sellers: Delta Ofis","name":"Sellers","text":"Delta Ofis","count":44},{"value":"Elak","removeText":"Sellers: Elak","name":"Sellers","text":"Elak","count":9},{"value":"Enne","removeText":"Sellers: Enne","name":"Sellers","text":"Enne","count":45},{"value":"Essa Veterinary Services","removeText":"Sellers: Essa Veterinary Services","name":"Sellers","text":"Essa Veterinary Services","count":15},{"value":"Flavon Max Canada","removeText":"Sellers: Flavon Max Canada","name":"Sellers","text":"Flavon Max Canada","count":11},{"value":"Giordano","removeText":"Sellers: Giordano","name":"Sellers","text":"Giordano","count":10},{"value":"Heenas Curry House","removeText":"Sellers: Heenas Curry House","name":"Sellers","text":"Heenas Curry House","count":22},{"value":"Istanbul Masko","removeText":"Sellers: Istanbul Masko","name":"Sellers","text":"Istanbul Masko","count":42},{"value":"Izmir","removeText":"Sellers: Izmir","name":"Sellers","text":"Izmir","count":42},{"value":"Jakamen","removeText":"Sellers: Jakamen","name":"Sellers","text":"Jakamen","count":24},{"value":"Jrcc Furniture Depot","removeText":"Sellers: Jrcc Furniture Depot","name":"Sellers","text":"Jrcc Furniture Depot","count":16},{"value":"Kirill","removeText":"Sellers: Kirill","name":"Sellers","text":"Kirill","count":1},{"value":"KirillBarsukov","removeText":"Sellers: KirillBarsukov","name":"Sellers","text":"KirillBarsukov","count":1},{"value":"Lamblicious","removeText":"Sellers: Lamblicious","name":"Sellers","text":"Lamblicious","count":108},{"value":"Maltepe","removeText":"Sellers: Maltepe","name":"Sellers","text":"Maltepe","count":1},{"value":"Mariana's clothing","removeText":"Sellers: Mariana's clothing","name":"Sellers","text":"Mariana's clothing","count":1},{"value":"Marios Pizza","removeText":"Sellers: Marios Pizza","name":"Sellers","text":"Marios Pizza","count":31},{"value":"Matalan","removeText":"Sellers: Matalan","name":"Sellers","text":"Matalan","count":57},{"value":"NDesign","removeText":"Sellers: NDesign","name":"Sellers","text":"NDesign","count":0},{"value":"Ndesign","removeText":"Sellers: Ndesign","name":"Sellers","text":"Ndesign","count":127},{"value":"OTIAD","removeText":"Sellers: OTIAD","name":"Sellers","text":"OTIAD","count":6},{"value":"Prairie City Soap","removeText":"Sellers: Prairie City Soap","name":"Sellers","text":"Prairie City Soap","count":1},{"value":"Raisin the Root","removeText":"Sellers: Raisin the Root","name":"Sellers","text":"Raisin the Root","count":1},{"value":"React Clothes","removeText":"Sellers: React Clothes","name":"Sellers","text":"React Clothes","count":4},{"value":"Say Cheese","removeText":"Sellers: Say Cheese","name":"Sellers","text":"Say Cheese","count":148},{"value":"TETSIAD","removeText":"Sellers: TETSIAD","name":"Sellers","text":"TETSIAD","count":20},{"value":"Testing Brandddd","removeText":"Sellers: Testing Brandddd","name":"Sellers","text":"Testing Brandddd","count":0},{"value":"The Scented Lair","removeText":"Sellers: The Scented Lair","name":"Sellers","text":"The Scented Lair","count":7},{"value":"Timberwind Farm","removeText":"Sellers: Timberwind Farm","name":"Sellers","text":"Timberwind Farm","count":4},{"value":"Woodsworth","removeText":"Sellers: Woodsworth","name":"Sellers","text":"Woodsworth","count":174}]}]}],"page":2,"url":"stores/matalan/2","items":[{"itemLargeImage":"store/20180522154/assets/items/largeimages/AINPQU5282.jpg","id":307032,"code":"AINPQU5282","title":"Olive Solid Bomber Jacket","itemSellerLocation":"","itemSellerName":"","trimmed":false,"url":"product/womens/olive-solid-bomber-jacket-ainpqu5282","image":"https://s3.ca-central-1.amazonaws.com/demob2b2cs3.avetti.ca/store/20180522154/assets/items/images/AINPQU5282.jpg","count":"1","assured":0,"itemization":0,"desc":"","store_featured":"","cat_featured":"","new_item":"","on_sale":"","select_button":true,"currency_sign":"$","itemStarRating":"","labels":{"list_price":"List Price","no_price":"Free","you_save":"You Save","save_plus":"Plus","points":"Points Awarded","callprice":"Call for pricing","quickinfo":"Quick Info"},"price":{"type":"normal","list_price":"750 ","save":{"percent":"7","value":"50 "},"value":{"integer":"700","decimal":"00"}},"properties":{"Sys_Merchandising_Priority":"990","Sys_Num_Images":"6","UPC":"370306987122305","Created_By_Supplier":"20210607177","Supplier_Item_Code":"W4","Material":"Nylon","Color":"Olive","createtime":"2020-12-23 05:50:40","Collor":"High Neck","Upper_Mold":"Regular Fit","OFFERTYPE":"rfqcart","Sys_Order":"990"}},{"itemLargeImage":"store/20180522154/assets/items/largeimages/AIN8N94F73.jpg","id":307024,"code":"AIN8N94F73","title":"Coat Jacket Navy","itemSellerLocation":"","itemSellerName":"","trimmed":false,"url":"product/mens/coat-jacket-navy-ain8n94f73","image":"https://s3.ca-central-1.amazonaws.com/demob2b2cs3.avetti.ca/store/20180522154/assets/items/images/AIN8N94F73.jpg","count":"2","assured":0,"itemization":0,"desc":"","store_featured":"","cat_featured":"","new_item":"","on_sale":"","select_button":true,"currency_sign":"$","itemStarRating":"","labels":{"list_price":"List Price","no_price":"Free","you_save":"You Save","save_plus":"Plus","points":"Points Awarded","callprice":"Call for pricing","quickinfo":"Quick Info"},"price":{"type":"normal","list_price":"1,520 ","save":{"percent":"8","value":"120 "},"value":{"integer":"1,400","decimal":"00"}},"properties":{"Sys_Merchandising_Priority":"990","Sys_Num_Images":"6","UPC":"370306979122304","Created_By_Supplier":"20210607177","Supplier_Item_Code":"M11","Material":"Polyester","Color":"Navy Blue","createtime":"2020-12-23 04:59:29","Collor":"Fur Collar","Body_Size":"42","Pattern":"Plain","Upper_Mold":"Regular Fit","OFFERTYPE":"rfqcart","Sys_Order":"990","Trending_Now":"Trending"}},{"itemLargeImage":"store/20180522154/assets/items/largeimages/AINZAWOJU2.jpg","id":307054,"code":"AINZAWOJU2","title":"Navy Blue Moshi Sweatshirt","itemSellerLocation":"","itemSellerName":"","trimmed":false,"url":"product/kids/navy-blue-moshi-sweatshirt-ainzawoju2","image":"https://s3.ca-central-1.amazonaws.com/demob2b2cs3.avetti.ca/store/20180522154/assets/items/images/AINZAWOJU2.jpg","count":"3","assured":0,"itemization":0,"desc":"","store_featured":"","cat_featured":"","new_item":"","on_sale":"","select_button":true,"currency_sign":"$","itemStarRating":"","labels":{"list_price":"List Price","no_price":"Free","you_save":"You Save","save_plus":"Plus","points":"Points Awarded","callprice":"Call for pricing","quickinfo":"Quick Info"},"price":{"type":"normal","list_price":"1,520 ","save":{"percent":"8","value":"120 "},"value":{"integer":"1,400","decimal":"00"}},"properties":{"Sys_Merchandising_Priority":"990","Sys_Num_Images":"6","UPC":"370307009122306","Created_By_Supplier":"20210607177","Supplier_Item_Code":"K11","Material":"Polyester","Color":"Navy Blue","createtime":"2020-12-23 06:30:09","Gender":"Boy","Upper_Mold":"Comfortable","OFFERTYPE":"rfqcart","Sys_Order":"990","Trending_Now":"Trending"}},{"itemLargeImage":"store/20180522154/assets/items/largeimages/AINFMYNE73.jpg","id":307025,"code":"AINFMYNE73","title":"Designers Coat Jacket Navy","itemSellerLocation":"","itemSellerName":"","trimmed":false,"url":"product/mens/designers-coat-jacket-navy-ainfmyne73","image":"https://s3.ca-central-1.amazonaws.com/demob2b2cs3.avetti.ca/store/20180522154/assets/items/images/AINFMYNE73.jpg","count":"4","assured":0,"itemization":0,"desc":"","store_featured":"","cat_featured":"","new_item":"","on_sale":"","select_button":true,"currency_sign":"$","itemStarRating":"","labels":{"list_price":"List Price","no_price":"Free","you_save":"You Save","save_plus":"Plus","points":"Points Awarded","callprice":"Call for pricing","quickinfo":"Quick Info"},"price":{"type":"normal","list_price":"1,000 ","save":{"percent":"4","value":"40 "},"value":{"integer":"960","decimal":"00"}},"properties":{"Sys_Merchandising_Priority":"989","Sys_Num_Images":"6","UPC":"370306980122304","Created_By_Supplier":"20210607177","Supplier_Item_Code":"M12","Material":"Wool","Color":"Navy Blue","createtime":"2020-12-23 04:59:29","Collor":"Fur Collar","Body_Size":"44","Pattern":"Plain","Upper_Mold":"Slim Fit","OFFERTYPE":"rfqcart","Sys_Order":"989"}},{"itemLargeImage":"store/20180522154/assets/items/largeimages/AIN7AM9JU2.jpg","id":307055,"code":"AIN7AM9JU2","title":"White Half Sleeves Printed Shirt","itemSellerLocation":"","itemSellerName":"","trimmed":false,"url":"product/kids/white-half-sleeves-printed-shirt-ain7am9ju2","image":"https://s3.ca-central-1.amazonaws.com/demob2b2cs3.avetti.ca/store/20180522154/assets/items/images/AIN7AM9JU2.jpg","count":"5","assured":0,"itemization":0,"desc":"","store_featured":"","cat_featured":"","new_item":"","on_sale":"","select_button":true,"currency_sign":"$","itemStarRating":"","labels":{"list_price":"List Price","no_price":"Free","you_save":"You Save","save_plus":"Plus","points":"Points Awarded","callprice":"Call for pricing","quickinfo":"Quick Info"},"price":{"type":"normal","list_price":"1,000 ","save":{"percent":"4","value":"40 "},"value":{"integer":"960","decimal":"00"}},"properties":{"Sys_Merchandising_Priority":"989","Sys_Num_Images":"6","UPC":"370307010122306","Created_By_Supplier":"20210607177","Supplier_Item_Code":"K12","Material":"Sequin","Color":"White","createtime":"2020-12-23 06:30:09","Gender":"Boy","Upper_Mold":"Fitted","OFFERTYPE":"rfqcart","Sys_Order":"989"}},{"itemLargeImage":"store/20180522154/assets/items/largeimages/AIN8YT5282.jpg","id":307033,"code":"AIN8YT5282","title":"Black Solid Bomber Jacket","itemSellerLocation":"","itemSellerName":"","trimmed":false,"url":"product/womens/black-solid-bomber-jacket-ain8yt5282","image":"https://s3.ca-central-1.amazonaws.com/demob2b2cs3.avetti.ca/store/20180522154/assets/items/images/AIN8YT5282.jpg","count":"6","assured":0,"itemization":0,"desc":"","store_featured":"","cat_featured":"","new_item":"","on_sale":"","select_button":true,"currency_sign":"$","itemStarRating":"","labels":{"list_price":"List Price","no_price":"Free","you_save":"You Save","save_plus":"Plus","points":"Points Awarded","callprice":"Call for pricing","quickinfo":"Quick Info"},"price":{"type":"normal","list_price":"600 ","save":{"percent":"8","value":"50 "},"value":{"integer":"550","decimal":"00"}},"properties":{"Sys_Merchandising_Priority":"988","Sys_Num_Images":"6","UPC":"370306988122305","Created_By_Supplier":"20210607177","Supplier_Item_Code":"W5","Sys_Package_Price_Enabled":"False","Material":"Polyester","Color":"Black","createtime":"2020-12-23 05:50:41","Collor":"Mandarin Neck","Upper_Mold":"Regular Fit","OFFERTYPE":"rfqcart","Sys_Order":"988"}},{"itemLargeImage":"store/20180522154/assets/items/largeimages/AIN8BANE73.jpg","id":307026,"code":"AIN8BANE73","title":"Designers Coat Jacket Navy","itemSellerLocation":"","itemSellerName":"","trimmed":false,"url":"product/mens/designers-coat-jacket-navy-ain8bane73","image":"https://s3.ca-central-1.amazonaws.com/demob2b2cs3.avetti.ca/store/20180522154/assets/items/images/AIN8BANE73.jpg","count":"7","assured":0,"itemization":0,"desc":"","store_featured":"","cat_featured":"","new_item":"","on_sale":"","select_button":true,"currency_sign":"$","itemStarRating":"","labels":{"list_price":"List Price","no_price":"Free","you_save":"You Save","save_plus":"Plus","points":"Points Awarded","callprice":"Call for pricing","quickinfo":"Quick Info"},"price":{"type":"normal","list_price":"1,520 ","save":{"percent":"8","value":"120 "},"value":{"integer":"1,400","decimal":"00"}},"properties":{"Sys_Merchandising_Priority":"988","Sys_Num_Images":"6","UPC":"370306981122304","Created_By_Supplier":"20210607177","Supplier_Item_Code":"M13","Material":"Polyester","Color":"Navy Blue","createtime":"2020-12-23 04:59:29","Collor":"Fur Collar","Body_Size":"46","Pattern":"Plain","Upper_Mold":"Slim Fit","OFFERTYPE":"rfqcart","Sys_Order":"988"}},{"itemLargeImage":"store/20180522154/assets/items/largeimages/AINZXW8JU2.jpg","id":307056,"code":"AINZXW8JU2","title":"Yellow Solid Shirt","itemSellerLocation":"","itemSellerName":"","trimmed":false,"url":"product/kids/yellow-solid-shirt-ainzxw8ju2","image":"https://s3.ca-central-1.amazonaws.com/demob2b2cs3.avetti.ca/store/20180522154/assets/items/images/AINZXW8JU2.jpg","count":"8","assured":0,"itemization":0,"desc":"","store_featured":"","cat_featured":"","new_item":"","on_sale":"","select_button":true,"currency_sign":"$","itemStarRating":"","labels":{"list_price":"List Price","no_price":"Free","you_save":"You Save","save_plus":"Plus","points":"Points Awarded","callprice":"Call for pricing","quickinfo":"Quick Info"},"price":{"type":"normal","list_price":"1,520 ","save":{"percent":"8","value":"120 "},"value":{"integer":"1,400","decimal":"00"}},"properties":{"Sys_Merchandising_Priority":"988","Sys_Num_Images":"6","UPC":"370307011122306","Created_By_Supplier":"20210607177","Supplier_Item_Code":"K13","Material":"Crepe","Color":"Yellow","createtime":"2020-12-23 06:30:09","Gender":"Boy","Upper_Mold":"Regular Fit","OFFERTYPE":"rfqcart","Sys_Order":"988"}},{"itemLargeImage":"store/20180522154/assets/items/largeimages/AIN1ZKME73.jpg","id":307027,"code":"AIN1ZKME73","title":"Coat Jacket Brown","itemSellerLocation":"","itemSellerName":"","trimmed":false,"url":"product/mens/coat-jacket-brown-ain1zkme73","image":"https://s3.ca-central-1.amazonaws.com/demob2b2cs3.avetti.ca/store/20180522154/assets/items/images/AIN1ZKME73.jpg","count":"9","assured":0,"itemization":0,"desc":"","store_featured":"","cat_featured":"","new_item":"","on_sale":"","select_button":true,"currency_sign":"$","itemStarRating":"","labels":{"list_price":"List Price","no_price":"Free","you_save":"You Save","save_plus":"Plus","points":"Points Awarded","callprice":"Call for pricing","quickinfo":"Quick Info"},"price":{"type":"normal","list_price":"800 ","save":{"percent":"6","value":"50 "},"value":{"integer":"750","decimal":"00"}},"properties":{"Sys_Merchandising_Priority":"987","Sys_Num_Images":"6","UPC":"370306982122304","Created_By_Supplier":"20210607177","Supplier_Item_Code":"M14","Material":"Polyester","Color":"Brown","createtime":"2020-12-23 04:59:29","Collor":"Fur Collar","Body_Size":"48","Pattern":"Plain","Upper_Mold":"Regular Fit","OFFERTYPE":"rfqcart","Sys_Order":"987","Trending_Now":"Trending"}},{"itemLargeImage":"store/20180522154/assets/items/largeimages/AINSM88JU2.jpg","id":307057,"code":"AINSM88JU2","title":"Blue Short Sleeve Dino Print Poplin Butt...","itemSellerLocation":"","itemSellerName":"","trimmed":false,"url":"product/kids/blue-short-sleeve-dino-print-poplin-button-down-shirt-ainsm88ju2","image":"https://s3.ca-central-1.amazonaws.com/demob2b2cs3.avetti.ca/store/20180522154/assets/items/images/AINSM88JU2.jpg","count":"10","assured":0,"itemization":0,"desc":"","store_featured":"","cat_featured":"","new_item":"","on_sale":"","select_button":true,"currency_sign":"$","itemStarRating":"","labels":{"list_price":"List Price","no_price":"Free","you_save":"You Save","save_plus":"Plus","points":"Points Awarded","callprice":"Call for pricing","quickinfo":"Quick Info"},"price":{"type":"normal","list_price":"800 ","save":{"percent":"6","value":"50 "},"value":{"integer":"750","decimal":"00"}},"properties":{"Sys_Merchandising_Priority":"987","Sys_Num_Images":"6","UPC":"370307012122306","Created_By_Supplier":"20210607177","Supplier_Item_Code":"K14","Material":"Polyester","Color":"Blue","createtime":"2020-12-23 06:30:09","Gender":"Boy","Upper_Mold":"Comfortable","OFFERTYPE":"rfqcart","Sys_Order":"987"}},{"itemLargeImage":"store/20180522154/assets/items/largeimages/AINTNVLE73.jpg","id":307028,"code":"AINTNVLE73","title":"Coat Jacket Grey","itemSellerLocation":"","itemSellerName":"","trimmed":false,"url":"product/mens/coat-jacket-grey-aintnvle73","image":"https://s3.ca-central-1.amazonaws.com/demob2b2cs3.avetti.ca/store/20180522154/assets/items/images/AINTNVLE73.jpg","count":"11","assured":0,"itemization":0,"desc":"","store_featured":"","cat_featured":"","new_item":"","on_sale":"","select_button":true,"currency_sign":"$","itemStarRating":"","labels":{"list_price":"List Price","no_price":"Free","you_save":"You Save","save_plus":"Plus","points":"Points Awarded","callprice":"Call for pricing","quickinfo":"Quick Info"},"price":{"type":"normal","list_price":"800 ","save":{"percent":"6","value":"50 "},"value":{"integer":"750","decimal":"00"}},"properties":{"Sys_Merchandising_Priority":"986","Sys_Num_Images":"6","UPC":"370306983122304","Created_By_Supplier":"20210607177","Supplier_Item_Code":"M15","Material":"Polyester","Color":"Grey","createtime":"2020-12-23 04:59:29","Collor":"Classic Collar","Body_Size":"50","Pattern":"Plain","Upper_Mold":"Regular Fit","OFFERTYPE":"rfqcart","Sys_Order":"986"}},{"itemLargeImage":"store/20180522154/assets/items/largeimages/AINQ6T5282.jpg","id":307034,"code":"AINQ6T5282","title":"The Chic Look Yellow Jacket","itemSellerLocation":"","itemSellerName":"","trimmed":false,"url":"product/womens/the-chic-look-yellow-jacket-ainq6t5282","image":"https://s3.ca-central-1.amazonaws.com/demob2b2cs3.avetti.ca/store/20180522154/assets/items/images/AINQ6T5282.jpg","count":"12","assured":0,"itemization":0,"desc":"","store_featured":"","cat_featured":"","new_item":"","on_sale":"","select_button":true,"currency_sign":"$","itemStarRating":"","labels":{"list_price":"List Price","no_price":"Free","you_save":"You Save","save_plus":"Plus","points":"Points Awarded","callprice":"Call for pricing","quickinfo":"Quick Info"},"price":{"type":"normal","list_price":"800 ","save":{"percent":"6","value":"50 "},"value":{"integer":"750","decimal":"00"}},"properties":{"Sys_Merchandising_Priority":"986","Sys_Num_Images":"6","UPC":"370306989122305","Created_By_Supplier":"20210607177","Supplier_Item_Code":"W6","Material":"Polyester","Color":"Yellow","createtime":"2020-12-23 05:50:41","Collor":"High Neck","Upper_Mold":"Regular Fit","OFFERTYPE":"rfqcart","Sys_Order":"986","Trending_Now":"Trending"}},{"itemLargeImage":"store/20180522154/assets/items/largeimages/AINLBJ7JU2.jpg","id":307058,"code":"AINLBJ7JU2","title":"Black Solid Shirt","itemSellerLocation":"","itemSellerName":"","trimmed":false,"url":"product/kids/black-solid-shirt-ainlbj7ju2","image":"https://s3.ca-central-1.amazonaws.com/demob2b2cs3.avetti.ca/store/20180522154/assets/items/images/AINLBJ7JU2.jpg","count":"13","assured":0,"itemization":0,"desc":"","store_featured":"","cat_featured":"","new_item":"","on_sale":"","select_button":true,"currency_sign":"$","itemStarRating":"","labels":{"list_price":"List Price","no_price":"Free","you_save":"You Save","save_plus":"Plus","points":"Points Awarded","callprice":"Call for pricing","quickinfo":"Quick Info"},"price":{"type":"normal","list_price":"800 ","save":{"percent":"6","value":"50 "},"value":{"integer":"750","decimal":"00"}},"properties":{"Sys_Merchandising_Priority":"986","Sys_Num_Images":"6","UPC":"370307013122306","Created_By_Supplier":"20210607177","Supplier_Item_Code":"K15","Material":"Cotton","Color":"Black","createtime":"2020-12-23 06:30:09","Gender":"Boy","Upper_Mold":"Relaxed","OFFERTYPE":"rfqcart","Sys_Order":"986"}},{"itemLargeImage":"store/20180522154/assets/items/largeimages/AINNWB5282.jpg","id":307035,"code":"AINNWB5282","title":"Spirit Navy Blue Bomber Jacket","itemSellerLocation":"","itemSellerName":"","trimmed":false,"url":"product/womens/spirit-navy-blue-bomber-jacket-ainnwb5282","image":"https://s3.ca-central-1.amazonaws.com/demob2b2cs3.avetti.ca/store/20180522154/assets/items/images/AINNWB5282.jpg","count":"14","assured":0,"itemization":0,"desc":"","store_featured":"","cat_featured":"","new_item":"","on_sale":"","select_button":true,"currency_sign":"$","itemStarRating":"","labels":{"list_price":"List Price","no_price":"Free","you_save":"You Save","save_plus":"Plus","points":"Points Awarded","callprice":"Call for pricing","quickinfo":"Quick Info"},"price":{"type":"normal","list_price":"800 ","save":{"percent":"6","value":"50 "},"value":{"integer":"750","decimal":"00"}},"properties":{"Sys_Merchandising_Priority":"985","Sys_Num_Images":"6","UPC":"370306990122305","Created_By_Supplier":"20210607177","Supplier_Item_Code":"W7","Material":"Polyester","Color":"Navy Blue","createtime":"2020-12-23 05:50:41","Collor":"Mandarin Neck","Upper_Mold":"Regular Fit","OFFERTYPE":"rfqcart","Sys_Order":"985","Trending_Now":"Trending"}},{"itemLargeImage":"store/20180522154/assets/items/largeimages/AIN65B5282.jpg","id":307036,"code":"AIN65B5282","title":"Silver Be Spotlight Ready Dress","itemSellerLocation":"","itemSellerName":"","trimmed":false,"url":"product/womens/silver-be-spotlight-ready-dress-ain65b5282","image":"https://s3.ca-central-1.amazonaws.com/demob2b2cs3.avetti.ca/store/20180522154/assets/items/images/AIN65B5282.jpg","count":"15","assured":0,"itemization":0,"desc":"","store_featured":"","cat_featured":"","new_item":"","on_sale":"","select_button":true,"currency_sign":"$","itemStarRating":"","labels":{"list_price":"List Price","no_price":"Free","you_save":"You Save","save_plus":"Plus","points":"Points Awarded","callprice":"Call for pricing","quickinfo":"Quick Info"},"price":{"type":"normal","list_price":"1,200 ","save":{"percent":"17","value":"200 "},"value":{"integer":"1,000","decimal":"00"}},"properties":{"Sys_Merchandising_Priority":"984","Sys_Num_Images":"6","UPC":"370306991122305","Created_By_Supplier":"20210607177","Supplier_Item_Code":"W8","Material":"Sequin","Color":"Silver","createtime":"2020-12-23 05:50:41","Sleeves":"Sleeveless","Upper_Mold":"Comfortable","Back_Neckline":"Open","Cut":"A-line","Neckline":"Stapless","OFFERTYPE":"rfqcart","Sys_Order":"984"}},{"itemLargeImage":"store/20180522154/assets/items/largeimages/AINOCA5282.jpg","id":307037,"code":"AINOCA5282","title":"Powder Pink Sunrise Sequin Dress","itemSellerLocation":"","itemSellerName":"","trimmed":false,"url":"product/womens/powder-pink-sunrise-sequin-dress-ainoca5282","image":"https://s3.ca-central-1.amazonaws.com/demob2b2cs3.avetti.ca/store/20180522154/assets/items/images/AINOCA5282.jpg","count":"16","assured":0,"itemization":0,"desc":"","store_featured":"","cat_featured":"","new_item":"","on_sale":"","select_button":true,"currency_sign":"$","itemStarRating":"","labels":{"list_price":"List Price","no_price":"Free","you_save":"You Save","save_plus":"Plus","points":"Points Awarded","callprice":"Call for pricing","quickinfo":"Quick Info"},"price":{"type":"normal","list_price":"1,520 ","save":{"percent":"8","value":"120 "},"value":{"integer":"1,400","decimal":"00"}},"properties":{"Sys_Merchandising_Priority":"983","Sys_Num_Images":"6","UPC":"370306992122305","Created_By_Supplier":"20210607177","Supplier_Item_Code":"W9","Material":"Polyester","Color":"Pink","createtime":"2020-12-23 05:50:41","Sleeves":"Three-quarter","Upper_Mold":"Comfortable","Back_Neckline":"Straps","Cut":"Midi","Neckline":"Round","OFFERTYPE":"rfqcart","Sys_Order":"983"}},{"itemLargeImage":"store/20180522154/assets/items/largeimages/AIN3X4ZD73.jpg","id":307038,"code":"AIN3X4ZD73","title":"Blue Boat Neck Maxi Dress","itemSellerLocation":"","itemSellerName":"","trimmed":false,"url":"product/womens/blue-boat-neck-maxi-dress-ain3x4zd73","image":"https://s3.ca-central-1.amazonaws.com/demob2b2cs3.avetti.ca/store/20180522154/assets/items/images/AIN3X4ZD73.jpg","count":"17","assured":0,"itemization":0,"desc":"","store_featured":"","cat_featured":"","new_item":"","on_sale":"","select_button":true,"currency_sign":"$","itemStarRating":"","labels":{"list_price":"List Price","no_price":"Free","you_save":"You Save","save_plus":"Plus","points":"Points Awarded","callprice":"Call for pricing","quickinfo":"Quick Info"},"price":{"type":"normal","list_price":"1,200 ","save":{"percent":"17","value":"200 "},"value":{"integer":"1,000","decimal":"00"}},"properties":{"Sys_Merchandising_Priority":"982","Sys_Num_Images":"6","UPC":"370306993122305","Created_By_Supplier":"20210607177","Supplier_Item_Code":"W10","Material":"Georgette","Color":"Black","createtime":"2020-12-23 05:50:41","Sleeves":"Sleeveless","Upper_Mold":"Relaxed","Back_Neckline":"Keyhole","Cut":"Column","Neckline":"Round","OFFERTYPE":"rfqcart","Sys_Order":"982"}},{"itemLargeImage":"store/20180522154/assets/items/largeimages/AINVLFYD73.jpg","id":307039,"code":"AINVLFYD73","title":"Own Your Elegance Maroon Dress","itemSellerLocation":"","itemSellerName":"","trimmed":false,"url":"product/womens/own-your-elegance-maroon-dress-ainvlfyd73","image":"https://s3.ca-central-1.amazonaws.com/demob2b2cs3.avetti.ca/store/20180522154/assets/items/images/AINVLFYD73.jpg","count":"18","assured":0,"itemization":0,"desc":"","store_featured":"","cat_featured":"","new_item":"","on_sale":"","select_button":true,"currency_sign":"$","itemStarRating":"","labels":{"list_price":"List Price","no_price":"Free","you_save":"You Save","save_plus":"Plus","points":"Points Awarded","callprice":"Call for pricing","quickinfo":"Quick Info"},"price":{"type":"normal","list_price":"1,520 ","save":{"percent":"8","value":"120 "},"value":{"integer":"1,400","decimal":"00"}},"properties":{"Sys_Merchandising_Priority":"981","Sys_Num_Images":"6","UPC":"370306994122305","Created_By_Supplier":"20210607177","Supplier_Item_Code":"W11","Material":"Polyester","Color":"Maroon","createtime":"2020-12-23 05:50:41","Sleeves":"Sleeveless","Upper_Mold":"Comfortable","Back_Neckline":"Bateau","Cut":"A-line","Neckline":"V-neck","OFFERTYPE":"rfqcart","Sys_Order":"981"}},{"itemLargeImage":"store/20180522154/assets/items/largeimages/AINOAQXD73.jpg","id":307040,"code":"AINOAQXD73","title":"Dusty Rose Sequins Dress","itemSellerLocation":"","itemSellerName":"","trimmed":false,"url":"product/womens/dusty-rose-sequins-dress-ainoaqxd73","image":"https://s3.ca-central-1.amazonaws.com/demob2b2cs3.avetti.ca/store/20180522154/assets/items/images/AINOAQXD73.jpg","count":"19","assured":0,"itemization":0,"desc":"","store_featured":"","cat_featured":"","new_item":"","on_sale":"","select_button":true,"currency_sign":"$","itemStarRating":"","labels":{"list_price":"List Price","no_price":"Free","you_save":"You Save","save_plus":"Plus","points":"Points Awarded","callprice":"Call for pricing","quickinfo":"Quick Info"},"price":{"type":"normal","list_price":"1,000 ","save":{"percent":"4","value":"40 "},"value":{"integer":"960","decimal":"00"}},"properties":{"Sys_Merchandising_Priority":"980","Sys_Num_Images":"6","UPC":"370306995122305","Created_By_Supplier":"20210607177","Supplier_Item_Code":"W12","Material":"Sequin","Color":"Rose","createtime":"2020-12-23 05:50:41","Sleeves":"Full","Upper_Mold":"Fitted","Back_Neckline":"Open","Cut":"Column","Neckline":"Round","OFFERTYPE":"rfqcart","Sys_Order":"980"}},{"itemLargeImage":"store/20180522154/assets/items/largeimages/AINHY1XD73.jpg","id":307041,"code":"AINHY1XD73","title":"White A-symmetrical Bow Dress","itemSellerLocation":"","itemSellerName":"","trimmed":false,"url":"product/womens/white-a-symmetrical-bow-dress-ainhy1xd73","image":"https://s3.ca-central-1.amazonaws.com/demob2b2cs3.avetti.ca/store/20180522154/assets/items/images/AINHY1XD73.jpg","count":"20","assured":0,"itemization":0,"desc":"","store_featured":"","cat_featured":"","new_item":"","on_sale":"","select_button":true,"currency_sign":"$","itemStarRating":"","labels":{"list_price":"List Price","no_price":"Free","you_save":"You Save","save_plus":"Plus","points":"Points Awarded","callprice":"Call for pricing","quickinfo":"Quick Info"},"price":{"type":"normal","list_price":"1,520 ","save":{"percent":"8","value":"120 "},"value":{"integer":"1,400","decimal":"00"}},"properties":{"Sys_Merchandising_Priority":"979","Sys_Num_Images":"6","UPC":"370306996122305","Created_By_Supplier":"20210607177","Supplier_Item_Code":"W13","Material":"Crepe","Color":"White","createtime":"2020-12-23 05:50:41","Sleeves":"Sleeveless","Upper_Mold":"Regular Fit","Back_Neckline":"Keyhole","Cut":"Column","Neckline":"Round","OFFERTYPE":"rfqcart","Sys_Order":"979"}},{"itemLargeImage":"store/20180522154/assets/items/largeimages/AINANCWD73.jpg","id":307042,"code":"AINANCWD73","title":"Red Edging Towards Style Dress","itemSellerLocation":"","itemSellerName":"","trimmed":false,"url":"product/womens/red-edging-towards-style-dress-ainancwd73","image":"https://s3.ca-central-1.amazonaws.com/demob2b2cs3.avetti.ca/store/20180522154/assets/items/images/AINANCWD73.jpg","count":"21","assured":0,"itemization":0,"desc":"","store_featured":"","cat_featured":"","new_item":"","on_sale":"","select_button":true,"currency_sign":"$","itemStarRating":"","labels":{"list_price":"List Price","no_price":"Free","you_save":"You Save","save_plus":"Plus","points":"Points Awarded","callprice":"Call for pricing","quickinfo":"Quick Info"},"price":{"type":"normal","list_price":"800 ","save":{"percent":"6","value":"50 "},"value":{"integer":"750","decimal":"00"}},"properties":{"Sys_Merchandising_Priority":"978","Sys_Num_Images":"6","UPC":"370306997122305","Created_By_Supplier":"20210607177","Supplier_Item_Code":"W14","Material":"Polyester","Color":"Red","createtime":"2020-12-23 05:50:41","Sleeves":"Sleeveless","Upper_Mold":"Comfortable","Back_Neckline":"Keyhole","Cut":"A-line","Neckline":"Asymmetrical","OFFERTYPE":"rfqcart","Sys_Order":"978"}},{"itemLargeImage":"store/20180522154/assets/items/largeimages/AIN3CNVD73.jpg","id":307043,"code":"AIN3CNVD73","title":"Red Solid Mini Dress","itemSellerLocation":"","itemSellerName":"","trimmed":false,"url":"product/womens/red-solid-mini-dress-ain3cnvd73","image":"https://s3.ca-central-1.amazonaws.com/demob2b2cs3.avetti.ca/store/20180522154/assets/items/images/AIN3CNVD73.jpg","count":"22","assured":0,"itemization":0,"desc":"","store_featured":"","cat_featured":"","new_item":"","on_sale":"","select_button":true,"currency_sign":"$","itemStarRating":"","labels":{"list_price":"List Price","no_price":"Free","you_save":"You Save","save_plus":"Plus","points":"Points Awarded","callprice":"Call for pricing","quickinfo":"Quick Info"},"price":{"type":"normal","list_price":"800 ","save":{"percent":"6","value":"50 "},"value":{"integer":"750","decimal":"00"}},"properties":{"Sys_Merchandising_Priority":"977","Sys_Num_Images":"6","UPC":"370306998122305","Created_By_Supplier":"20210607177","Supplier_Item_Code":"W15","Material":"Cotton","Color":"Red","createtime":"2020-12-23 05:50:41","Sleeves":"Sleeveless","Upper_Mold":"Relaxed","Back_Neckline":"Keyhole","Cut":"Column","Neckline":"Square","OFFERTYPE":"rfqcart","Sys_Order":"977"}},{"itemLargeImage":"store/20180522154/assets/items/largeimages/AINV9XBTP0.jpg","id":321347,"code":"AINV9XBTP0","title":"50% Off on Men's Jackets","itemSellerLocation":"","itemSellerName":"","trimmed":false,"url":"product/deals/50-off-on-new-collection-ainv9xbtp0","image":"https://s3.ca-central-1.amazonaws.com/demob2b2cs3.avetti.ca/storenoimage.jpg","count":"23","assured":0,"itemization":0,"desc":"","store_featured":"","cat_featured":"","new_item":"","on_sale":"","select_button":true,"currency_sign":"$","itemStarRating":"","labels":{"list_price":"List Price","no_price":"Free","you_save":"You Save","save_plus":"Plus","points":"Points Awarded","callprice":"Call for pricing","quickinfo":"Quick Info"},"price":{"type":"default","value":{"integer":"1","decimal":"00"}},"properties":{"Sys_Num_Images":"1","UPC":"472321343072011","Created_By_Supplier":"20210607177","Supplier_Item_Code":"DM1","createtime":"2021-07-20 23:32:16","Deals_Property":"Deals","ADDTOCART":"NO"}},{"itemLargeImage":"store/20180522154/assets/items/largeimages/AIN3LMCTP0.jpg","id":321348,"code":"AIN3LMCTP0","title":"Special Offer 50% Off On Cocktail Dresse...","itemSellerLocation":"","itemSellerName":"","trimmed":false,"url":"product/deals/special-offer-50off-ain3lmctp0","image":"https://s3.ca-central-1.amazonaws.com/demob2b2cs3.avetti.ca/store/20180522154/assets/items/images/AIN3LMCTP0.jpg","count":"24","assured":0,"itemization":0,"desc":"","store_featured":"","cat_featured":"","new_item":"","on_sale":"","select_button":true,"currency_sign":"$","itemStarRating":"","labels":{"list_price":"List Price","no_price":"Free","you_save":"You Save","save_plus":"Plus","points":"Points Awarded","callprice":"Call for pricing","quickinfo":"Quick Info"},"price":{"type":"default","value":{"integer":"1","decimal":"00"}},"properties":{"Sys_Num_Images":"1","UPC":"472321344072011","Created_By_Supplier":"20210607177","Supplier_Item_Code":"DM2","createtime":"2021-07-20 23:32:16","Deals_Property":"Deals","ADDTOCART":"NO"}}]}