{"0":{"id":"307033","code":"AIN8YT5282","title":"Black Solid Bomber Jacket","longdesc":"&lt;div&gt;&lt;p&gt;Inspired by beach parkas.&lt;/p&gt;\n&lt;p&gt;Lightweight and easy to wear.&lt;/p&gt;\n&lt;p&gt;- Now pre-washed.&lt;/p&gt;\n&lt;p&gt;- Inspired by beach parkas.&lt;/p&gt;\n&lt;p&gt;- The large flap pocket has a lot of storage space, and the button will keep things safely inside.&lt;/p&gt;\n&lt;p&gt;- Cool and soft in refreshing 100% cotton.&lt;/p&gt;\n&lt;p&gt;- Washed for a casual look.&lt;/p&gt;\n&lt;p&gt;- Slightly dropped shoulders for a relaxed fit.&lt;/p&gt;\n&lt;p&gt;- Unlined, so it can be worn over a T-shirt.&lt;/p&gt;\n&lt;p&gt;- Perfect for a day at the beach.&lt;/p&gt;&lt;/div&gt;","properties":[{"Sys_Merchandising_Priority":"988"},{"UPC":"370306988122305"},{"Material":"Polyester"},{"Color":"Black"},{"Collor":"Mandarin Neck"},{"Upper Mold":"Regular Fit"},{"Sys_Order":"988"}],"hiddenProperties":[{"Sys_Num_Images":"6"},{"Created_By_Supplier":"20210607177"},{"Sys_Package_Price_Enabled":"False"},{"createtime":"2020-12-23 05:50:41"},{"OFFERTYPE":"rfqcart"}],"breadcrumbs":[{"name":"Home","url":"/"},{"name":"Home Textiles","url":"store.html?vid=20210607181&cid=520309"},{"name":"Clothing","url":"store.html?vid=20210607181&cid=520315"},{"name":"Women's","url":"shop/shopping/womens"}],"frequentlyBoughtTogether":[],"accessories":[],"checkboxItems":[],"alsoLike":[],"reviews":[{"reviewid":"283","rating":"4","date":"January 22 2021","title":"Awesome!","author":"avetti_karunad","details":"An Awesome Product. Worth buying it!!!","image":""}]},"url":"product/womens/black-solid-bomber-jacket-ain8yt5282","productData":{"__Result":[{"additionalImages":"AIN8YT5282-2.jpg,AIN8YT5282-3.jpg,AIN8YT5282-4.jpg,AIN8YT5282-5.jpg,AIN8YT5282-6.jpg","allowBackOrders":false,"alsoLikeItems":[],"attributes":[],"available":true,"cimage":"https://ik.imagekit.io/ofb/store/20180522154/assets/items/thumbnails/AIN8YT5282.jpg","code":"AIN8YT5282","discount":0,"discountItemGroup":"","discountItemType":"","enableDelOpts":"true","hiddenProperties":[{"itemid":0,"propdesc":"Created_By_Supplier","propgroup":"","propid":0,"propname":"Created_By_Supplier","propnumber":165,"propvalue":"20210607177"},{"itemid":0,"propdesc":"createtime","propgroup":"","propid":0,"propname":"createtime","propnumber":2120,"propvalue":"2020-12-23 05:50:41"},{"itemid":0,"propdesc":"OFFERTYPE","propgroup":"","propid":0,"propname":"OFFERTYPE","propnumber":2144,"propvalue":"rfqcart"},{"itemid":0,"propdesc":"","propgroup":"","propid":0,"propname":"Supplier_Item_Code","propnumber":166,"propvalue":"W5"},{"itemid":0,"propdesc":"Sys_Num_Images","propgroup":"","propid":0,"propname":"Sys_Num_Images","propnumber":159,"propvalue":"6"},{"itemid":0,"propdesc":"Sys_Package_Price_Enabled","propgroup":"","propid":0,"propname":"Sys_Package_Price_Enabled","propnumber":167,"propvalue":"False"}],"image":"https://ik.imagekit.io/ofb/store/20180522154/assets/items/images/AIN8YT5282.jpg","image3":"https://ik.imagekit.io/ofb/store/20180522154/assets/items/largeimages/AIN8YT5282.jpg","itemId":307033,"itemid":307033,"longdesc":"<div><p>Inspired by beach parkas.</p>\r\n<p>Lightweight and easy to wear.</p>\r\n<p>- Now pre-washed.</p>\r\n<p>- Inspired by beach parkas.</p>\r\n<p>- The large flap pocket has a lot of storage space, and the button will keep things safely inside.</p>\r\n<p>- Cool and soft in refreshing 100% cotton.</p>\r\n<p>- Washed for a casual look.</p>\r\n<p>- Slightly dropped shoulders for a relaxed fit.</p>\r\n<p>- Unlined, so it can be worn over a T-shirt.</p>\r\n<p>- Perfect for a day at the beach.</p></div>","longdesc2":"","longdesc3":"","longdesc4":"","mainitemid":0,"multiValueProperties":[{"featuredFlag":false,"imageFlag":false,"items":[],"priority":0,"propertyCode":"BRA","propertyName":null,"propertyNameId":3645,"propertyValue":"OTIAD","propertyValueId":44675,"valueCode":"OTI1"},{"featuredFlag":false,"imageFlag":false,"items":[],"priority":0,"propertyCode":"TAG3","propertyName":null,"propertyNameId":3646,"propertyValue":"Jackets","propertyValueId":44677,"valueCode":"JAC"},{"featuredFlag":false,"imageFlag":false,"items":[],"priority":0,"propertyCode":"CAT1","propertyName":null,"propertyNameId":3647,"propertyValue":"Womens Clothing","propertyValueId":44678,"valueCode":"WOM"},{"featuredFlag":false,"imageFlag":false,"items":[],"priority":0,"propertyCode":"SEL1","propertyName":null,"propertyNameId":3718,"propertyValue":"Matalan","propertyValueId":49708,"valueCode":"MAT"},{"featuredFlag":false,"imageFlag":false,"items":[],"priority":0,"propertyCode":"SUB1","propertyName":null,"propertyNameId":6382,"propertyValue":"Women Jacket","propertyValueId":49781,"valueCode":"SUB1"},{"featuredFlag":false,"imageFlag":false,"items":[],"priority":0,"propertyCode":"FEA1","propertyName":null,"propertyNameId":6392,"propertyValue":"Women Jacket","propertyValueId":49798,"valueCode":"FEA1"}],"packagePriceEnabled":false,"permitnostock":false,"promotions":[{"displayText":"","name":"$25 Discount","type":0},{"displayText":"","name":"Flat15","type":0}],"properties":[{"itemid":0,"propdesc":"Collor","propgroup":"","propid":0,"propname":"Collor","propnumber":2136,"propvalue":"Mandarin Neck"},{"itemid":0,"propdesc":"Color","propgroup":"","propid":0,"propname":"Color","propnumber":1093,"propvalue":"Black"},{"itemid":0,"propdesc":"Material","propgroup":"","propid":0,"propname":"Material","propnumber":1090,"propvalue":"Polyester"},{"itemid":0,"propdesc":"Sys_Merchandising_Priority","propgroup":"","propid":0,"propname":"Sys_Merchandising_Priority","propnumber":86,"propvalue":"988"},{"itemid":0,"propdesc":"Sys_Order","propgroup":"","propid":0,"propname":"Sys_Order","propnumber":2473,"propvalue":"988"},{"itemid":0,"propdesc":"UPC","propgroup":"","propid":0,"propname":"UPC","propnumber":164,"propvalue":"370306988122305"},{"itemid":0,"propdesc":"Upper Mold","propgroup":"item","propid":0,"propname":"Upper_Mold","propnumber":2140,"propvalue":"Regular Fit"}],"rating":0,"reviews":[],"seoUrl":"","shortdesc":"","showAll":false,"showDistributor":false,"showOutOfStock":false,"skuids":[],"skus":[],"storevid":"20210607181","subscribedcodes":[],"title":"Black Solid Bomber Jacket","vendorId":"20180522154","vendorid":"20180522154"}],"__Success":"true"},"supplierData":{"__Result":[{"code":"AIN8YT5282","distributorOrder":[{"address":"","city":"Barrie","code":"Matalan","country":"CANADA","desc":"Matalan","distid":472,"inUrlId":"mystore729","lat":"","longitude":"","mcwvid":"20180522154","name":"Matalan","postal_code":"L4N 9J2","primaryDomain":"previewdev.open4business.io","rating":0,"rating_count":0,"region":"ONTARIO        ","store_hours":"","storefront":"store/20210607177/assets/images/storefront/20180521148.png","supplierType":3,"supplier_store_vid":"20201202460","supplier_vid":"20210607177"}],"itemid":307033}],"__Success":"true"},"priceInvData":{"__Result":[{"code":"AIN8YT5282","invs":[{"code":"AIN8YT5282","defdelivery":0,"discontinued":false,"distributorId":472,"dropshipminqty":0,"hide":false,"instock":215,"inventoryid":196590,"itemid":307033,"minorderqty":0,"nextshipdate":"","nextshipqty":0,"ondisplay":false,"onorder":0,"thirdpartycode":"","thirdpartyinventory":false,"thirdpartymessage":""}],"itemid":307033,"prices":[{"awardPoint":0,"currencyid":1847,"discountRate":0,"discount_1":8,"discount_2":100,"discount_3":100,"discount_4":100,"discount_5":100,"distributorId":472,"id":6613681,"itemcode":"AIN8YT5282","itemid":307033,"langcode":"","listprice":600,"offercode":"","onsale":false,"packagePrices":[],"price_1":550,"price_2":0,"price_3":0,"price_4":0,"price_5":0,"priority":1000,"qty_1":0,"qty_2":0,"qty_3":0,"qty_4":0,"setup":0,"shoppergroupid":0,"vendorid":"20210607181"}]}],"__Success":"true"}}