{"0":{"id":"307043","code":"AIN3CNVD73","title":"Red Solid Mini Dress","longdesc":"Red Solid Mini Dress","properties":[{"Sys_Merchandising_Priority":"977"},{"UPC":"370306998122305"},{"Material":"Cotton"},{"Color":"Red"},{"Sleeves":"Sleeveless"},{"Upper Mold":"Relaxed"},{"Back Neckline":"Keyhole"},{"Cut":"Column"},{"Neckline":"Square"},{"Sys_Order":"977"}],"hiddenProperties":[{"Sys_Num_Images":"6"},{"Created_By_Supplier":"20210607177"},{"createtime":"2020-12-23 05:50:41"},{"OFFERTYPE":"rfqcart"}],"breadcrumbs":[{"name":"Home","url":"/"},{"name":"Home Textiles","url":"store.html?vid=20210607181&cid=520309"},{"name":"Clothing","url":"store.html?vid=20210607181&cid=520315"},{"name":"Women's","url":"shop/shopping/womens"}],"frequentlyBoughtTogether":[],"accessories":[],"checkboxItems":[],"alsoLike":[],"reviews":[]},"url":"product/womens/red-solid-mini-dress-ain3cnvd73","supplierData":{"__Result":[{"code":"AIN3CNVD73","distributorOrder":[{"address":"","city":"Barrie","code":"Matalan","country":"CANADA","desc":"Matalan","distid":472,"inUrlId":"mystore729","lat":"","longitude":"","mcwvid":"20180522154","name":"Matalan","postal_code":"L4N 9J2","primaryDomain":"previewdev.open4business.io","rating":0,"rating_count":0,"region":"ONTARIO        ","store_hours":"","storefront":"store/20210607177/assets/images/storefront/20180521148.png","supplierType":3,"supplier_store_vid":"20201202460","supplier_vid":"20210607177"}],"itemid":307043}],"__Success":"true"},"priceInvData":{"__Result":[{"code":"AIN3CNVD73","invs":[{"code":"AIN3CNVD73","defdelivery":0,"discontinued":false,"distributorId":472,"dropshipminqty":0,"hide":false,"instock":215,"inventoryid":196620,"itemid":307043,"minorderqty":0,"nextshipdate":"","nextshipqty":0,"ondisplay":false,"onorder":0,"thirdpartycode":"","thirdpartyinventory":false,"thirdpartymessage":""}],"itemid":307043,"prices":[{"awardPoint":0,"currencyid":1847,"discountRate":0,"discount_1":6,"discount_2":100,"discount_3":100,"discount_4":100,"discount_5":100,"distributorId":472,"id":6613702,"itemcode":"AIN3CNVD73","itemid":307043,"langcode":"","listprice":800,"offercode":"","onsale":false,"packagePrices":[],"price_1":750,"price_2":0,"price_3":0,"price_4":0,"price_5":0,"priority":1000,"qty_1":0,"qty_2":0,"qty_3":0,"qty_4":0,"setup":0,"shoppergroupid":0,"vendorid":"20210607181"}]}],"__Success":"true"}}