{"0":{"id":"307040","code":"AINOAQXD73","title":"Dusty Rose Sequins Dress","longdesc":"Dusty Rose Sequins Dress","properties":[{"Sys_Merchandising_Priority":"980"},{"UPC":"370306995122305"},{"Material":"Sequin"},{"Color":"Rose"},{"Sleeves":"Full"},{"Upper Mold":"Fitted"},{"Back Neckline":"Open"},{"Cut":"Column"},{"Neckline":"Round"},{"Sys_Order":"980"}],"hiddenProperties":[{"Sys_Num_Images":"6"},{"Created_By_Supplier":"20210607177"},{"createtime":"2020-12-23 05:50:41"},{"OFFERTYPE":"rfqcart"}],"breadcrumbs":[{"name":"Home","url":"/"},{"name":"Home Textiles","url":"store.html?vid=20210607181&cid=520309"},{"name":"Clothing","url":"store.html?vid=20210607181&cid=520315"},{"name":"Women's","url":"shop/shopping/womens"}],"frequentlyBoughtTogether":[],"accessories":[],"checkboxItems":[],"alsoLike":[],"reviews":[]},"url":"product/womens/dusty-rose-sequins-dress-ainoaqxd73","productData":{"__Result":[{"additionalImages":"AINOAQXD73-2.jpg,AINOAQXD73-3.jpg,AINOAQXD73-4.jpg,AINOAQXD73-5.jpg,AINOAQXD73-6.jpg","allowBackOrders":false,"alsoLikeItems":[],"attributes":[],"available":true,"cimage":"https://ik.imagekit.io/ofb/store/20180522154/assets/items/thumbnails/AINOAQXD73.jpg","code":"AINOAQXD73","discount":0,"discountItemGroup":"","discountItemType":"","enableDelOpts":"true","hiddenProperties":[{"itemid":0,"propdesc":"Created_By_Supplier","propgroup":"","propid":0,"propname":"Created_By_Supplier","propnumber":165,"propvalue":"20210607177"},{"itemid":0,"propdesc":"createtime","propgroup":"","propid":0,"propname":"createtime","propnumber":2120,"propvalue":"2020-12-23 05:50:41"},{"itemid":0,"propdesc":"OFFERTYPE","propgroup":"","propid":0,"propname":"OFFERTYPE","propnumber":2144,"propvalue":"rfqcart"},{"itemid":0,"propdesc":"","propgroup":"","propid":0,"propname":"Supplier_Item_Code","propnumber":166,"propvalue":"W12"},{"itemid":0,"propdesc":"Sys_Num_Images","propgroup":"","propid":0,"propname":"Sys_Num_Images","propnumber":159,"propvalue":"6"}],"image":"https://ik.imagekit.io/ofb/store/20180522154/assets/items/images/AINOAQXD73.jpg","image3":"https://ik.imagekit.io/ofb/store/20180522154/assets/items/largeimages/AINOAQXD73.jpg","itemId":307040,"itemid":307040,"longdesc":"Dusty Rose Sequins Dress","longdesc2":"","longdesc3":"","longdesc4":"","mainitemid":0,"multiValueProperties":[{"featuredFlag":false,"imageFlag":false,"items":[],"priority":0,"propertyCode":"BRA","propertyName":null,"propertyNameId":3645,"propertyValue":"OTIAD","propertyValueId":44675,"valueCode":"OTI1"},{"featuredFlag":false,"imageFlag":false,"items":[],"priority":0,"propertyCode":"CAT1","propertyName":null,"propertyNameId":3647,"propertyValue":"Womens Clothing","propertyValueId":44678,"valueCode":"WOM"},{"featuredFlag":false,"imageFlag":false,"items":[],"priority":0,"propertyCode":"TAG3","propertyName":null,"propertyNameId":3646,"propertyValue":"Dress","propertyValueId":44679,"valueCode":"DRE"},{"featuredFlag":false,"imageFlag":false,"items":[],"priority":0,"propertyCode":"SEL1","propertyName":null,"propertyNameId":3718,"propertyValue":"Matalan","propertyValueId":49708,"valueCode":"MAT"},{"featuredFlag":false,"imageFlag":false,"items":[],"priority":0,"propertyCode":"","propertyName":null,"propertyNameId":6382,"propertyValue":"Cocktail Dresses","propertyValueId":49780,"valueCode":"COC"},{"featuredFlag":false,"imageFlag":false,"items":[],"priority":0,"propertyCode":"FEA1","propertyName":null,"propertyNameId":6392,"propertyValue":"Cocktail Dresses","propertyValueId":49797,"valueCode":"FEA1"}],"packagePriceEnabled":false,"permitnostock":false,"promotions":[{"displayText":"","name":"$25 Discount","type":0},{"displayText":"","name":"Flat15","type":0}],"properties":[{"itemid":0,"propdesc":"Back Neckline","propgroup":"","propid":0,"propname":"Back_Neckline","propnumber":2141,"propvalue":"Open"},{"itemid":0,"propdesc":"Color","propgroup":"","propid":0,"propname":"Color","propnumber":1093,"propvalue":"Rose"},{"itemid":0,"propdesc":"Cut","propgroup":"","propid":0,"propname":"Cut","propnumber":2142,"propvalue":"Column"},{"itemid":0,"propdesc":"Material","propgroup":"","propid":0,"propname":"Material","propnumber":1090,"propvalue":"Sequin"},{"itemid":0,"propdesc":"Neckline","propgroup":"","propid":0,"propname":"Neckline","propnumber":2143,"propvalue":"Round"},{"itemid":0,"propdesc":"Sleeves","propgroup":"","propid":0,"propname":"Sleeves","propnumber":2135,"propvalue":"Full"},{"itemid":0,"propdesc":"Sys_Merchandising_Priority","propgroup":"","propid":0,"propname":"Sys_Merchandising_Priority","propnumber":86,"propvalue":"980"},{"itemid":0,"propdesc":"Sys_Order","propgroup":"","propid":0,"propname":"Sys_Order","propnumber":2473,"propvalue":"980"},{"itemid":0,"propdesc":"UPC","propgroup":"","propid":0,"propname":"UPC","propnumber":164,"propvalue":"370306995122305"},{"itemid":0,"propdesc":"Upper Mold","propgroup":"item","propid":0,"propname":"Upper_Mold","propnumber":2140,"propvalue":"Fitted"}],"rating":0,"reviews":[],"seoUrl":"","shortdesc":"","showAll":false,"showDistributor":false,"showOutOfStock":false,"skuids":[],"skus":[],"storevid":"20210607181","subscribedcodes":[],"title":"Dusty Rose Sequins Dress","vendorId":"20180522154","vendorid":"20180522154"}],"__Success":"true"},"supplierData":{"__Result":[{"code":"AINOAQXD73","distributorOrder":[{"address":"","city":"Barrie","code":"Matalan","country":"CANADA","desc":"Matalan","distid":472,"inUrlId":"mystore729","lat":"","longitude":"","mcwvid":"20180522154","name":"Matalan","postal_code":"L4N 9J2","primaryDomain":"previewdev.open4business.io","rating":0,"rating_count":0,"region":"ONTARIO        ","store_hours":"","storefront":"store/20210607177/assets/images/storefront/20180521148.png","supplierType":3,"supplier_store_vid":"20201202460","supplier_vid":"20210607177"}],"itemid":307040}],"__Success":"true"},"priceInvData":{"__Result":[{"code":"AINOAQXD73","invs":[{"code":"AINOAQXD73","defdelivery":0,"discontinued":false,"distributorId":472,"dropshipminqty":0,"hide":false,"instock":215,"inventoryid":196608,"itemid":307040,"minorderqty":0,"nextshipdate":"","nextshipqty":0,"ondisplay":false,"onorder":0,"thirdpartycode":"","thirdpartyinventory":false,"thirdpartymessage":""}],"itemid":307040,"prices":[{"awardPoint":0,"currencyid":1847,"discountRate":0,"discount_1":4,"discount_2":100,"discount_3":100,"discount_4":100,"discount_5":100,"distributorId":472,"id":6613696,"itemcode":"AINOAQXD73","itemid":307040,"langcode":"","listprice":1000,"offercode":"","onsale":false,"packagePrices":[],"price_1":960,"price_2":0,"price_3":0,"price_4":0,"price_5":0,"priority":1000,"qty_1":0,"qty_2":0,"qty_3":0,"qty_4":0,"setup":0,"shoppergroupid":0,"vendorid":"20210607181"}]}],"__Success":"true"}}