{"0":{"id":"307018","code":"AINJGN6282","title":"Classic Collar Plaid Stamp Coat","longdesc":"&lt;div&gt;\n&lt;p&gt;Classic Collar Plaid Stamp Coat&lt;/p&gt;\n&lt;ul&gt;\n&lt;li&gt;50% Polyester 20% Wool 15% Cotton 15% Acrylic&lt;/li&gt;\n&lt;li&gt;Model Length: 190cm Chest: 100cm Waist: 81cm Hip: 96cm&lt;/li&gt;\n&lt;li&gt;Sample Size: M&lt;/li&gt;\n&lt;li&gt;Classic Collar&lt;/li&gt;\n&lt;li&gt;Stamp&lt;/li&gt;\n&lt;li&gt;Long arm&lt;/li&gt;\n&lt;li&gt;Plaid&lt;/li&gt;\n&lt;li&gt;Do Not Wash By Hand, Dry Cleaning&lt;/li&gt;\n&lt;li&gt;No Ironing&lt;/li&gt;\n&lt;li&gt;Not bored&lt;/li&gt;\n&lt;li&gt;Does not dry out&lt;/li&gt;\n&lt;li&gt;Dry Cleaning&lt;/li&gt;\n&lt;li&gt;Cannot Add Bleach&lt;/li&gt;\n&lt;li&gt;Colors may vary due to light difference in studio shootings.&lt;/li&gt;\n&lt;/ul&gt;\n&lt;/div&gt;","properties":[{"Sys_Merchandising_Priority":"996"},{"UPC":"370306973122304"},{"Material":"Polyester"},{"Color":"Black"},{"Collor":"Classic Collar"},{"Body Size":"50"},{"Pattern":"Plain"},{"Upper Mold":"Slim Fit"},{"Sys_Order":"996"}],"hiddenProperties":[{"Sys_Num_Images":"6"},{"Created_By_Supplier":"20210607177"},{"Sys_Package_Price_Enabled":"False"},{"createtime":"2020-12-23 04:59:29"},{"OFFERTYPE":"rfqcart"}],"breadcrumbs":[{"name":"Home","url":"/"},{"name":"Home Textiles","url":"store.html?vid=20210607181&cid=520309"},{"name":"Clothing","url":"store.html?vid=20210607181&cid=520315"},{"name":"Men's","url":"shop/shopping/mens"}],"frequentlyBoughtTogether":[],"accessories":[],"checkboxItems":[],"alsoLike":[{"id":"307019","code":"AIN2OM6282","image":"/20180522154/assets/items/images/AIN2OM6282.jpg","thumb":"/20180522154/assets/items/thumbnails/AIN2OM6282.jpg","small":"/20180522154/assets/items/small/AIN2OM6282.jpg","title":"Dovetail Collar Striped Slim Fit Cover Pocket Jacket","price":"750.0","listPrice":"800.0"},{"id":"307017","code":"AIN19O6282","image":"/20180522154/assets/items/images/AIN19O6282.jpg","thumb":"/20180522154/assets/items/thumbnails/AIN19O6282.jpg","small":"/20180522154/assets/items/small/AIN19O6282.jpg","title":"Hooded Collar Quilted Leather Jacket","price":"700.0","listPrice":"750.0"},{"id":"307032","code":"AINPQU5282","image":"/20180522154/assets/items/images/AINPQU5282.jpg","thumb":"/20180522154/assets/items/thumbnails/AINPQU5282.jpg","small":"/20180522154/assets/items/small/AINPQU5282.jpg","title":"Olive Solid Bomber Jacket","price":"700.0","listPrice":"750.0"},{"id":"307029","code":"AIN64X5282","image":"/20180522154/assets/items/images/AIN64X5282.jpg","thumb":"/20180522154/assets/items/thumbnails/AIN64X5282.jpg","small":"/20180522154/assets/items/small/AIN64X5282.jpg","title":"Black Solid Bomber Jacket","price":"700.0","listPrice":"750.0"}],"reviews":[]},"url":"product/mens/classic-collar-plaid-stamp-coat-ainjgn6282","productData":{"__Result":[{"additionalImages":"AINJGN6282-2.jpg,AINJGN6282-3.jpg,AINJGN6282-4.jpg,AINJGN6282-5.jpg,AINJGN6282-6.jpg","allowBackOrders":false,"alsoLikeItems":[],"attributes":[{"attributeid":34543,"itemid":307018,"position":1}],"available":true,"cimage":"https://ik.imagekit.io/ofb/store/20180522154/assets/items/thumbnails/AINJGN6282.jpg","code":"AINJGN6282","discount":0,"discountItemGroup":"","discountItemType":"","enableDelOpts":"true","hiddenProperties":[{"itemid":0,"propdesc":"Created_By_Supplier","propgroup":"","propid":0,"propname":"Created_By_Supplier","propnumber":165,"propvalue":"20210607177"},{"itemid":0,"propdesc":"createtime","propgroup":"","propid":0,"propname":"createtime","propnumber":2120,"propvalue":"2020-12-23 04:59:29"},{"itemid":0,"propdesc":"OFFERTYPE","propgroup":"","propid":0,"propname":"OFFERTYPE","propnumber":2144,"propvalue":"rfqcart"},{"itemid":0,"propdesc":"","propgroup":"","propid":0,"propname":"Supplier_Item_Code","propnumber":166,"propvalue":"M5"},{"itemid":0,"propdesc":"Sys_Num_Images","propgroup":"","propid":0,"propname":"Sys_Num_Images","propnumber":159,"propvalue":"6"},{"itemid":0,"propdesc":"Sys_Package_Price_Enabled","propgroup":"","propid":0,"propname":"Sys_Package_Price_Enabled","propnumber":167,"propvalue":"False"}],"image":"https://ik.imagekit.io/ofb/store/20180522154/assets/items/images/AINJGN6282.jpg","image3":"https://ik.imagekit.io/ofb/store/20180522154/assets/items/largeimages/AINJGN6282.jpg","itemId":307018,"itemid":307018,"longdesc":"<div>\r\n<p>Classic Collar Plaid Stamp Coat</p>\r\n<ul>\r\n<li>50% Polyester 20% Wool 15% Cotton 15% Acrylic</li>\r\n<li>Model Length: 190cm Chest: 100cm Waist: 81cm Hip: 96cm</li>\r\n<li>Sample Size: M</li>\r\n<li>Classic Collar</li>\r\n<li>Stamp</li>\r\n<li>Long arm</li>\r\n<li>Plaid</li>\r\n<li>Do Not Wash By Hand, Dry Cleaning</li>\r\n<li>No Ironing</li>\r\n<li>Not bored</li>\r\n<li>Does not dry out</li>\r\n<li>Dry Cleaning</li>\r\n<li>Cannot Add Bleach</li>\r\n<li>Colors may vary due to light difference in studio shootings.</li>\r\n</ul>\r\n</div>","longdesc2":"","longdesc3":"","longdesc4":"","mainitemid":0,"multiValueProperties":[{"featuredFlag":false,"imageFlag":false,"items":[],"priority":0,"propertyCode":"BRA","propertyName":null,"propertyNameId":3645,"propertyValue":"OTIAD","propertyValueId":44675,"valueCode":"OTI1"},{"featuredFlag":false,"imageFlag":false,"items":[],"priority":0,"propertyCode":"CAT1","propertyName":null,"propertyNameId":3647,"propertyValue":"Mens Clothing","propertyValueId":44676,"valueCode":"MEN"},{"featuredFlag":false,"imageFlag":false,"items":[],"priority":0,"propertyCode":"TAG3","propertyName":null,"propertyNameId":3646,"propertyValue":"Jackets","propertyValueId":44677,"valueCode":"JAC"},{"featuredFlag":false,"imageFlag":false,"items":[],"priority":0,"propertyCode":"SEL1","propertyName":null,"propertyNameId":3718,"propertyValue":"Matalan","propertyValueId":49708,"valueCode":"MAT"},{"featuredFlag":false,"imageFlag":false,"items":[],"priority":0,"propertyCode":"SUB1","propertyName":null,"propertyNameId":6382,"propertyValue":"Men Jackets","propertyValueId":49775,"valueCode":"SUB1"},{"featuredFlag":false,"imageFlag":false,"items":[],"priority":0,"propertyCode":"FEA1","propertyName":null,"propertyNameId":6392,"propertyValue":"Men Jackets","propertyValueId":49793,"valueCode":"FEA1"}],"packagePriceEnabled":false,"permitnostock":false,"promotions":[{"displayText":"","name":"$25 Discount","type":0},{"displayText":"","name":"Flat15","type":0}],"properties":[{"itemid":0,"propdesc":"Body Size","propgroup":"","propid":0,"propname":"Body_Size","propnumber":2138,"propvalue":"50"},{"itemid":0,"propdesc":"Collor","propgroup":"","propid":0,"propname":"Collor","propnumber":2136,"propvalue":"Classic Collar"},{"itemid":0,"propdesc":"Color","propgroup":"","propid":0,"propname":"Color","propnumber":1093,"propvalue":"Black"},{"itemid":0,"propdesc":"Material","propgroup":"","propid":0,"propname":"Material","propnumber":1090,"propvalue":"Polyester"},{"itemid":0,"propdesc":"Pattern","propgroup":"","propid":0,"propname":"Pattern","propnumber":2139,"propvalue":"Plain"},{"itemid":0,"propdesc":"Sys_Merchandising_Priority","propgroup":"","propid":0,"propname":"Sys_Merchandising_Priority","propnumber":86,"propvalue":"996"},{"itemid":0,"propdesc":"Sys_Order","propgroup":"","propid":0,"propname":"Sys_Order","propnumber":2473,"propvalue":"996"},{"itemid":0,"propdesc":"UPC","propgroup":"","propid":0,"propname":"UPC","propnumber":164,"propvalue":"370306973122304"},{"itemid":0,"propdesc":"Upper Mold","propgroup":"item","propid":0,"propname":"Upper_Mold","propnumber":2140,"propvalue":"Slim Fit"}],"rating":0,"reviews":[],"seoUrl":"","shortdesc":"","showAll":false,"showDistributor":false,"showOutOfStock":false,"skuids":[307069,307070,307071,307072],"skus":[{"attributeid":34543,"available":true,"itemskuid":158849,"mainitemid":307018,"optionid":128849,"skuid":307069,"vid":""},{"attributeid":34543,"available":true,"itemskuid":158850,"mainitemid":307018,"optionid":128850,"skuid":307070,"vid":""},{"attributeid":34543,"available":true,"itemskuid":158851,"mainitemid":307018,"optionid":128851,"skuid":307071,"vid":""},{"attributeid":34543,"available":true,"itemskuid":158852,"mainitemid":307018,"optionid":128852,"skuid":307072,"vid":""}],"storevid":"20210607181","subscribedcodes":[],"title":"Classic Collar Plaid Stamp Coat","vendorId":"20180522154","vendorid":"20180522154"}],"__Success":"true"},"supplierData":{"__Result":[{"code":"AINJGN6282","distributorOrder":[{"address":"","city":"Barrie","code":"Matalan","country":"CANADA","desc":"Matalan","distid":472,"inUrlId":"mystore729","lat":"","longitude":"","mcwvid":"20180522154","name":"Matalan","postal_code":"L4N 9J2","primaryDomain":"previewdev.open4business.io","rating":0,"rating_count":0,"region":"ONTARIO        ","store_hours":"","storefront":"store/20210607177/assets/images/storefront/20180521148.png","supplierType":3,"supplier_store_vid":"20201202460","supplier_vid":"20210607177"}],"itemid":307018}],"__Success":"true"},"priceInvData":{"__Result":[{"code":"AINJGN6282","invs":[{"code":"AINJGN6282","defdelivery":0,"discontinued":false,"distributorId":472,"dropshipminqty":0,"hide":false,"instock":2000,"inventoryid":196658,"itemid":307018,"minorderqty":0,"nextshipdate":"","nextshipqty":0,"ondisplay":false,"onorder":0,"thirdpartycode":"","thirdpartyinventory":false,"thirdpartymessage":""}],"itemid":307018,"prices":[{"awardPoint":0,"currencyid":1847,"discountRate":0,"discount_1":8,"discount_2":100,"discount_3":100,"discount_4":100,"discount_5":100,"distributorId":472,"id":6613651,"itemcode":"AINJGN6282","itemid":307018,"langcode":"","listprice":600,"offercode":"","onsale":false,"packagePrices":[],"price_1":550,"price_2":0,"price_3":0,"price_4":0,"price_5":0,"priority":1000,"qty_1":0,"qty_2":0,"qty_3":0,"qty_4":0,"setup":0,"shoppergroupid":0,"vendorid":"20210607181"}]}],"__Success":"true"}}