{"0":{"id":"307015","code":"AINZSP6282","title":"Velvet Classic Collar Oversized Fit Double Pocket Shirt","longdesc":"Velvet Classic Collar Oversized Fit Double Pocket Shirt","properties":[{"Sys_Merchandising_Priority":"999"},{"UPC":"370306970122304"},{"Material":"Polyester"},{"Color":"White"},{"Collor":"Classic Collar"},{"Body Size":"44"},{"Pattern":"Plain"},{"Upper Mold":"Slim Fit"},{"Sys_Order":"999"}],"hiddenProperties":[{"Sys_Num_Images":"6"},{"Created_By_Supplier":"20210607177"},{"createtime":"2020-12-23 04:59:29"},{"OFFERTYPE":"rfqcart"}],"breadcrumbs":[{"name":"Home","url":"/"},{"name":"Home Textiles","url":"store.html?vid=20210607181&cid=520309"},{"name":"Clothing","url":"store.html?vid=20210607181&cid=520315"},{"name":"Men's","url":"shop/shopping/mens"}],"frequentlyBoughtTogether":[],"accessories":[],"checkboxItems":[],"alsoLike":[],"reviews":[{"reviewid":"285","rating":"3","date":"February 03 2021","title":"Test-Review","author":"Karuna","details":"wrwefea","image":""}]},"url":"product/mens/velvet-classic-collar-oversized-fit-double-pocket-shirt-ainzsp6282","productData":{"__Result":[{"additionalImages":"AINZSP6282-2.jpg,AINZSP6282-3.jpg,AINZSP6282-4.jpg,AINZSP6282-5.jpg,AINZSP6282-6.jpg","allowBackOrders":false,"alsoLikeItems":[],"attributes":[],"available":true,"cimage":"https://ik.imagekit.io/ofb/store/20180522154/assets/items/thumbnails/AINZSP6282.jpg","code":"AINZSP6282","discount":0,"discountItemGroup":"","discountItemType":"","enableDelOpts":"true","hiddenProperties":[{"itemid":0,"propdesc":"Created_By_Supplier","propgroup":"","propid":0,"propname":"Created_By_Supplier","propnumber":165,"propvalue":"20210607177"},{"itemid":0,"propdesc":"createtime","propgroup":"","propid":0,"propname":"createtime","propnumber":2120,"propvalue":"2020-12-23 04:59:29"},{"itemid":0,"propdesc":"OFFERTYPE","propgroup":"","propid":0,"propname":"OFFERTYPE","propnumber":2144,"propvalue":"rfqcart"},{"itemid":0,"propdesc":"","propgroup":"","propid":0,"propname":"Supplier_Item_Code","propnumber":166,"propvalue":"M2"},{"itemid":0,"propdesc":"Sys_Num_Images","propgroup":"","propid":0,"propname":"Sys_Num_Images","propnumber":159,"propvalue":"6"}],"image":"https://ik.imagekit.io/ofb/store/20180522154/assets/items/images/AINZSP6282.jpg","image3":"https://ik.imagekit.io/ofb/store/20180522154/assets/items/largeimages/AINZSP6282.jpg","itemId":307015,"itemid":307015,"longdesc":"Velvet Classic Collar Oversized Fit Double Pocket Shirt","longdesc2":"","longdesc3":"","longdesc4":"","mainitemid":0,"multiValueProperties":[{"featuredFlag":false,"imageFlag":false,"items":[],"priority":0,"propertyCode":"BRA","propertyName":null,"propertyNameId":3645,"propertyValue":"OTIAD","propertyValueId":44675,"valueCode":"OTI1"},{"featuredFlag":false,"imageFlag":false,"items":[],"priority":0,"propertyCode":"CAT1","propertyName":null,"propertyNameId":3647,"propertyValue":"Mens Clothing","propertyValueId":44676,"valueCode":"MEN"},{"featuredFlag":false,"imageFlag":false,"items":[],"priority":0,"propertyCode":"TAG3","propertyName":null,"propertyNameId":3646,"propertyValue":"Jackets","propertyValueId":44677,"valueCode":"JAC"},{"featuredFlag":false,"imageFlag":false,"items":[],"priority":0,"propertyCode":"SEL1","propertyName":null,"propertyNameId":3718,"propertyValue":"Matalan","propertyValueId":49708,"valueCode":"MAT"},{"featuredFlag":false,"imageFlag":false,"items":[],"priority":0,"propertyCode":"SUB1","propertyName":null,"propertyNameId":6382,"propertyValue":"Men Jackets","propertyValueId":49775,"valueCode":"SUB1"},{"featuredFlag":false,"imageFlag":false,"items":[],"priority":0,"propertyCode":"FEA1","propertyName":null,"propertyNameId":6392,"propertyValue":"Men Jackets","propertyValueId":49793,"valueCode":"FEA1"}],"packagePriceEnabled":false,"permitnostock":false,"promotions":[{"displayText":"","name":"$25 Discount","type":0},{"displayText":"","name":"Flat15","type":0}],"properties":[{"itemid":0,"propdesc":"Body Size","propgroup":"","propid":0,"propname":"Body_Size","propnumber":2138,"propvalue":"44"},{"itemid":0,"propdesc":"Collor","propgroup":"","propid":0,"propname":"Collor","propnumber":2136,"propvalue":"Classic Collar"},{"itemid":0,"propdesc":"Color","propgroup":"","propid":0,"propname":"Color","propnumber":1093,"propvalue":"White"},{"itemid":0,"propdesc":"Material","propgroup":"","propid":0,"propname":"Material","propnumber":1090,"propvalue":"Polyester"},{"itemid":0,"propdesc":"Pattern","propgroup":"","propid":0,"propname":"Pattern","propnumber":2139,"propvalue":"Plain"},{"itemid":0,"propdesc":"Sys_Merchandising_Priority","propgroup":"","propid":0,"propname":"Sys_Merchandising_Priority","propnumber":86,"propvalue":"999"},{"itemid":0,"propdesc":"Sys_Order","propgroup":"","propid":0,"propname":"Sys_Order","propnumber":2473,"propvalue":"999"},{"itemid":0,"propdesc":"UPC","propgroup":"","propid":0,"propname":"UPC","propnumber":164,"propvalue":"370306970122304"},{"itemid":0,"propdesc":"Upper Mold","propgroup":"item","propid":0,"propname":"Upper_Mold","propnumber":2140,"propvalue":"Slim Fit"}],"rating":0,"reviews":[],"seoUrl":"","shortdesc":"","showAll":false,"showDistributor":false,"showOutOfStock":false,"skuids":[],"skus":[],"storevid":"20210607181","subscribedcodes":[],"title":"Velvet Classic Collar Oversized Fit Double Pocket Shirt","vendorId":"20180522154","vendorid":"20180522154"}],"__Success":"true"},"priceInvData":{"__Result":[{"code":"AINZSP6282","invs":[{"code":"AINZSP6282","defdelivery":0,"discontinued":false,"distributorId":472,"dropshipminqty":0,"hide":false,"instock":215,"inventoryid":196666,"itemid":307015,"minorderqty":0,"nextshipdate":"","nextshipqty":0,"ondisplay":false,"onorder":0,"thirdpartycode":"","thirdpartyinventory":false,"thirdpartymessage":""}],"itemid":307015,"prices":[{"awardPoint":0,"currencyid":1847,"discountRate":0,"discount_1":8,"discount_2":100,"discount_3":100,"discount_4":100,"discount_5":100,"distributorId":472,"id":6613644,"itemcode":"AINZSP6282","itemid":307015,"langcode":"","listprice":600,"offercode":"","onsale":false,"packagePrices":[],"price_1":550,"price_2":0,"price_3":0,"price_4":0,"price_5":0,"priority":1000,"qty_1":0,"qty_2":0,"qty_3":0,"qty_4":0,"setup":0,"shoppergroupid":0,"vendorid":"20210607181"}]}],"__Success":"true"}}