{"0":{"id":"315631","code":"AINWC57WI0","title":"Crepe Column Gown","longdesc":"","properties":[{"Sys_Merchandising_Priority":"989"},{"UPC":"378315625020407"},{"Material":"Crepe"},{"Color":"Blue"},{"Sleeves":"Sleeveless"},{"Back_Neckline":"Open"},{"Cut":"Column"},{"Neckline":"Asymmetrical"},{"Sys_Order":"989"}],"hiddenProperties":[{"Sys_Num_Images":"6"},{"createtime":"2021-02-04 07:58:28"},{"ITEM_TYPE":"2"}],"breadcrumbs":[{"name":"Home","url":"/"},{"name":"Home Textiles","url":"store.html?vid=20210607181&cid=520309"},{"name":"Clothing","url":"store.html?vid=20210607181&cid=520315"},{"name":"Women's","url":"shop/shopping/womens"}],"frequentlyBoughtTogether":[],"accessories":[],"checkboxItems":[],"alsoLike":[],"reviews":[]},"url":"product/womens/crepe-column-gown-ainwc57wi0","productData":{"__Result":[{"additionalImages":"AINWC57WI0-2.jpg,AINWC57WI0-3.jpg,AINWC57WI0-4.jpg,AINWC57WI0-5.jpg,AINWC57WI0-6.jpg","allowBackOrders":false,"alsoLikeItems":[],"attributes":[],"available":true,"cimage":"https://ik.imagekit.io/ofb/store/20180522154/assets/items/thumbnails/AINWC57WI0.jpg","code":"AINWC57WI0","discount":0,"discountItemGroup":"","discountItemType":"","enableDelOpts":"true","hiddenProperties":[{"itemid":0,"propdesc":"","propgroup":"","propid":0,"propname":"Created_By_Supplier","propnumber":165,"propvalue":"20210607180"},{"itemid":0,"propdesc":"createtime","propgroup":"","propid":0,"propname":"createtime","propnumber":2120,"propvalue":"2021-02-04 07:58:28"},{"itemid":0,"propdesc":"ITEM_TYPE","propgroup":"","propid":0,"propname":"ITEM_TYPE","propnumber":2144,"propvalue":"2"},{"itemid":0,"propdesc":"","propgroup":"","propid":0,"propname":"Supplier_Item_Code","propnumber":166,"propvalue":"A-WOMEN-5"},{"itemid":0,"propdesc":"Sys_Num_Images","propgroup":"","propid":0,"propname":"Sys_Num_Images","propnumber":159,"propvalue":"6"}],"image":"https://ik.imagekit.io/ofb/store/20180522154/assets/items/images/AINWC57WI0.jpg","image3":"https://ik.imagekit.io/ofb/store/20180522154/assets/items/largeimages/AINWC57WI0.jpg","itemId":315631,"itemid":315631,"longdesc":"","longdesc2":"","longdesc3":"","longdesc4":"","mainitemid":0,"multiValueProperties":[{"featuredFlag":false,"imageFlag":false,"items":[],"priority":0,"propertyCode":"BRA","propertyName":null,"propertyNameId":3645,"propertyValue":"Ahmet","propertyValueId":45346,"valueCode":"AHM"},{"featuredFlag":false,"imageFlag":false,"items":[],"priority":0,"propertyCode":"","propertyName":null,"propertyNameId":6382,"propertyValue":"Cocktail Dresses","propertyValueId":49780,"valueCode":"COC"},{"featuredFlag":false,"imageFlag":false,"items":[],"priority":0,"propertyCode":"FEA1","propertyName":null,"propertyNameId":6392,"propertyValue":"Cocktail Dresses","propertyValueId":49797,"valueCode":"FEA1"}],"packagePriceEnabled":false,"permitnostock":false,"promotions":[{"displayText":"","name":"$25 Discount","type":0},{"displayText":"","name":"Flat15","type":0}],"properties":[{"itemid":0,"propdesc":"Back_Neckline","propgroup":"","propid":0,"propname":"Back_Neckline","propnumber":2141,"propvalue":"Open"},{"itemid":0,"propdesc":"Color","propgroup":"","propid":0,"propname":"Color","propnumber":1093,"propvalue":"Blue"},{"itemid":0,"propdesc":"Cut","propgroup":"","propid":0,"propname":"Cut","propnumber":2142,"propvalue":"Column"},{"itemid":0,"propdesc":"Material","propgroup":"","propid":0,"propname":"Material","propnumber":1090,"propvalue":"Crepe"},{"itemid":0,"propdesc":"Neckline","propgroup":"","propid":0,"propname":"Neckline","propnumber":2143,"propvalue":"Asymmetrical"},{"itemid":0,"propdesc":"Sleeves","propgroup":"","propid":0,"propname":"Sleeves","propnumber":2135,"propvalue":"Sleeveless"},{"itemid":0,"propdesc":"Sys_Merchandising_Priority","propgroup":"","propid":0,"propname":"Sys_Merchandising_Priority","propnumber":86,"propvalue":"989"},{"itemid":0,"propdesc":"Sys_Order","propgroup":"","propid":0,"propname":"Sys_Order","propnumber":2473,"propvalue":"989"},{"itemid":0,"propdesc":"UPC","propgroup":"","propid":0,"propname":"UPC","propnumber":164,"propvalue":"378315625020407"}],"rating":0,"reviews":[],"seoUrl":"","shortdesc":"","showAll":false,"showDistributor":false,"showOutOfStock":false,"skuids":[],"skus":[],"storevid":"20210607181","subscribedcodes":[],"title":"Crepe Column Gown","vendorId":"20180522154","vendorid":"20180522154"}],"__Success":"true"},"supplierData":{"__Result":[{"code":"AINWC57WI0","distributorOrder":[{"address":"Sanayi 38010 Kocasinan","city":"Barrie","code":"Giordano","country":"CANADA","desc":"Giordano","distid":475,"inUrlId":"mystore731","lat":"38.728526014750145","longitude":"35.45103182803788","mcwvid":"20180522154","name":"Giordano","postal_code":"L4N 9J2","primaryDomain":"previewdev.open4business.io","rating":0,"rating_count":0,"region":"ONTARIO        ","store_hours":"","storefront":"store/20210607180/assets/images/storefront/20180521148.png","supplierType":3,"supplier_store_vid":"","supplier_vid":"20210607180"}],"itemid":315631}],"__Success":"true"},"priceInvData":{"__Result":[{"code":"AINWC57WI0","invs":[{"code":"AINWC57WI0","defdelivery":0,"discontinued":false,"distributorId":475,"dropshipminqty":0,"hide":false,"instock":200,"inventoryid":196796,"itemid":315631,"minorderqty":0,"nextshipdate":"","nextshipqty":0,"ondisplay":false,"onorder":0,"thirdpartycode":"","thirdpartyinventory":false,"thirdpartymessage":""}],"itemid":315631,"prices":[{"awardPoint":0,"currencyid":1847,"discountRate":0,"discount_1":4,"discount_2":100,"discount_3":100,"discount_4":100,"discount_5":100,"distributorId":475,"id":6613750,"itemcode":"AINWC57WI0","itemid":315631,"langcode":"","listprice":1000,"offercode":"","onsale":false,"packagePrices":[],"price_1":960,"price_2":0,"price_3":0,"price_4":0,"price_5":0,"priority":1000,"qty_1":0,"qty_2":0,"qty_3":0,"qty_4":0,"setup":0,"shoppergroupid":0,"vendorid":"20210607181"}]}],"__Success":"true"}}