{"0":{"id":"315628","code":"AINJWC25U0","title":"Classic Elegance Mock Neck Sleeveless Satin Gown","longdesc":"","properties":[{"Sys_Merchandising_Priority":"997"},{"UPC":"378315622020407"},{"Material":"Beading"},{"Color":"Pink"},{"Sleeves":"Sleeveless"},{"Back_Neckline":"Straps"},{"Cut":"Midi"},{"Neckline":"Straps"},{"Sys_Order":"997"}],"hiddenProperties":[{"Sys_Num_Images":"6"},{"createtime":"2021-02-04 07:58:28"},{"ITEM_TYPE":"2"}],"breadcrumbs":[{"name":"Home","url":"/"},{"name":"Home Textiles","url":"store.html?vid=20210607181&cid=520309"},{"name":"Clothing","url":"store.html?vid=20210607181&cid=520315"},{"name":"Women's","url":"shop/shopping/womens"}],"frequentlyBoughtTogether":[],"accessories":[],"checkboxItems":[],"alsoLike":[],"reviews":[]},"url":"product/womens/classic-elegance-mock-neck-sleeveless-satin-gown-ainjwc25u0","productData":{"__Result":[{"additionalImages":"AINJWC25U0-2.jpg,AINJWC25U0-3.jpg,AINJWC25U0-4.jpg,AINJWC25U0-5.jpg,AINJWC25U0-6.jpg","allowBackOrders":false,"alsoLikeItems":[],"attributes":[],"available":true,"cimage":"https://ik.imagekit.io/ofb/store/20180522154/assets/items/thumbnails/AINJWC25U0.jpg","code":"AINJWC25U0","discount":0,"discountItemGroup":"","discountItemType":"","enableDelOpts":"true","hiddenProperties":[{"itemid":0,"propdesc":"","propgroup":"","propid":0,"propname":"Created_By_Supplier","propnumber":165,"propvalue":"20210607180"},{"itemid":0,"propdesc":"createtime","propgroup":"","propid":0,"propname":"createtime","propnumber":2120,"propvalue":"2021-02-04 07:58:28"},{"itemid":0,"propdesc":"ITEM_TYPE","propgroup":"","propid":0,"propname":"ITEM_TYPE","propnumber":2144,"propvalue":"2"},{"itemid":0,"propdesc":"","propgroup":"","propid":0,"propname":"Supplier_Item_Code","propnumber":166,"propvalue":"A-WOMEN-2"},{"itemid":0,"propdesc":"Sys_Num_Images","propgroup":"","propid":0,"propname":"Sys_Num_Images","propnumber":159,"propvalue":"6"}],"image":"https://ik.imagekit.io/ofb/store/20180522154/assets/items/images/AINJWC25U0.jpg","image3":"https://ik.imagekit.io/ofb/store/20180522154/assets/items/largeimages/AINJWC25U0.jpg","itemId":315628,"itemid":315628,"longdesc":"","longdesc2":"","longdesc3":"","longdesc4":"","mainitemid":0,"multiValueProperties":[{"featuredFlag":false,"imageFlag":false,"items":[],"priority":0,"propertyCode":"BRA","propertyName":null,"propertyNameId":3645,"propertyValue":"Ahmet","propertyValueId":45346,"valueCode":"AHM"},{"featuredFlag":false,"imageFlag":false,"items":[],"priority":0,"propertyCode":"","propertyName":null,"propertyNameId":6382,"propertyValue":"Cocktail Dresses","propertyValueId":49780,"valueCode":"COC"},{"featuredFlag":false,"imageFlag":false,"items":[],"priority":0,"propertyCode":"FEA1","propertyName":null,"propertyNameId":6392,"propertyValue":"Cocktail Dresses","propertyValueId":49797,"valueCode":"FEA1"}],"packagePriceEnabled":false,"permitnostock":false,"promotions":[{"displayText":"","name":"$25 Discount","type":0},{"displayText":"","name":"Flat15","type":0}],"properties":[{"itemid":0,"propdesc":"Back_Neckline","propgroup":"","propid":0,"propname":"Back_Neckline","propnumber":2141,"propvalue":"Straps"},{"itemid":0,"propdesc":"Color","propgroup":"","propid":0,"propname":"Color","propnumber":1093,"propvalue":"Pink"},{"itemid":0,"propdesc":"Cut","propgroup":"","propid":0,"propname":"Cut","propnumber":2142,"propvalue":"Midi"},{"itemid":0,"propdesc":"Material","propgroup":"","propid":0,"propname":"Material","propnumber":1090,"propvalue":"Beading"},{"itemid":0,"propdesc":"Neckline","propgroup":"","propid":0,"propname":"Neckline","propnumber":2143,"propvalue":"Straps"},{"itemid":0,"propdesc":"Sleeves","propgroup":"","propid":0,"propname":"Sleeves","propnumber":2135,"propvalue":"Sleeveless"},{"itemid":0,"propdesc":"Sys_Merchandising_Priority","propgroup":"","propid":0,"propname":"Sys_Merchandising_Priority","propnumber":86,"propvalue":"997"},{"itemid":0,"propdesc":"Sys_Order","propgroup":"","propid":0,"propname":"Sys_Order","propnumber":2473,"propvalue":"997"},{"itemid":0,"propdesc":"UPC","propgroup":"","propid":0,"propname":"UPC","propnumber":164,"propvalue":"378315622020407"}],"rating":0,"reviews":[],"seoUrl":"","shortdesc":"","showAll":false,"showDistributor":false,"showOutOfStock":false,"skuids":[],"skus":[],"storevid":"20210607181","subscribedcodes":[],"title":"Classic Elegance Mock Neck Sleeveless Satin Gown","vendorId":"20180522154","vendorid":"20180522154"}],"__Success":"true"},"supplierData":{"__Result":[{"code":"AINJWC25U0","distributorOrder":[{"address":"Sanayi 38010 Kocasinan","city":"Barrie","code":"Giordano","country":"CANADA","desc":"Giordano","distid":475,"inUrlId":"mystore731","lat":"38.728526014750145","longitude":"35.45103182803788","mcwvid":"20180522154","name":"Giordano","postal_code":"L4N 9J2","primaryDomain":"previewdev.open4business.io","rating":0,"rating_count":0,"region":"ONTARIO        ","store_hours":"","storefront":"store/20210607180/assets/images/storefront/20180521148.png","supplierType":3,"supplier_store_vid":"","supplier_vid":"20210607180"}],"itemid":315628}],"__Success":"true"}}