{"0":{"id":"321005","code":"AINGMX54L0","title":"Matalan","longdesc":"&lt;div&gt;&lt;p&gt;Matalan - UK&amp;rsquo;s No.1 Value Department Store committed to providing value for money. Matalan's product range in Sahara Centre offers up to date fashion with a comprehensive selection of quality homewares, ladies', men's and children's clothing and footwear -all under one roof. Matalan stocks all the latest looks, from modern basics to classic styles, with a great selection of top brands and clothes like Rogers &amp;amp; Rogers and Falmer. Also, if you&amp;rsquo;re looking for fashionable fitness clothing, seek no further as MATALAN offers an ideal fitness kit for the whole family too! MATALAN&amp;rsquo;s Sports range merges affordability with fashion forward styles and fitness gear that comfortably supports your body during any activity. Whether you&amp;rsquo;re training indoors or running outdoors, Matalan&amp;rsquo;s Sports range fits neatly into anyone&amp;rsquo;s fitness plans. Matalan is famous in the UK for providing great Quality at prices everyone can afford, try them out and see!&lt;/p&gt;&lt;/div&gt;","properties":[{"itemtype":"Level 004"}],"hiddenProperties":[{"Sys_Num_Images":"1"},{"Sys_Package_Price_Enabled":"False"},{"lat":"25.2978251"},{"lng":"55.3740256"},{"Country":"United Arab Emirates"},{"LineAddress1":"Al Nahda St - Al NahdaAl Nahda 1 - Sharjah - United Arab Emirates"},{"Province":"Sharjah"},{"ProvinceAbv":"Sharjah"},{"City":"Sharjah"},{"Email":"info@matalan.com"},{"Phone":"+90 04 3131000"},{"Website":"http://www.matalanme.com"},{"createtime":"2021-06-07 21:58:02"}],"breadcrumbs":[{"name":"Home","url":"/"},{"name":"Home","url":"/"},{"name":"Shop","url":"shop"},{"name":"Sellers","url":"shop/stores"}],"frequentlyBoughtTogether":[],"accessories":[],"checkboxItems":[],"alsoLike":[],"reviews":[]},"url":"product/sellers/matalan-aingmx54l0","productData":{"__Result":[{"additionalImages":"","allowBackOrders":false,"alsoLikeItems":[],"attributes":[],"available":true,"cimage":"https://ik.imagekit.io/ofb/store/20180522154/assets/items/thumbnails/AINGMX54L0.jpg","code":"AINGMX54L0","discount":0,"discountItemGroup":"","discountItemType":"","enableDelOpts":"true","hiddenProperties":[{"itemid":0,"propdesc":"City","propgroup":"","propid":0,"propname":"City","propnumber":1084,"propvalue":"Sharjah"},{"itemid":0,"propdesc":"Country","propgroup":"","propid":0,"propname":"Country","propnumber":1080,"propvalue":"United Arab Emirates"},{"itemid":0,"propdesc":"","propgroup":"","propid":0,"propname":"Created_By_Supplier","propnumber":165,"propvalue":"20210607177"},{"itemid":0,"propdesc":"createtime","propgroup":"","propid":0,"propname":"createtime","propnumber":2120,"propvalue":"2021-06-07 21:58:02"},{"itemid":0,"propdesc":"Email","propgroup":"","propid":0,"propname":"Email","propnumber":1085,"propvalue":"info@matalan.com"},{"itemid":0,"propdesc":"lat","propgroup":"","propid":0,"propname":"lat","propnumber":1060,"propvalue":"25.2978251"},{"itemid":0,"propdesc":"LineAddress1","propgroup":"","propid":0,"propname":"LineAddress1","propnumber":1081,"propvalue":"Al Nahda St - Al NahdaAl Nahda 1 - Sharjah - United Arab Emirates"},{"itemid":0,"propdesc":"lng","propgroup":"","propid":0,"propname":"lng","propnumber":1061,"propvalue":"55.3740256"},{"itemid":0,"propdesc":"Phone","propgroup":"","propid":0,"propname":"Phone","propnumber":1086,"propvalue":"+90 04 3131000"},{"itemid":0,"propdesc":"Province","propgroup":"","propid":0,"propname":"Province","propnumber":1082,"propvalue":"Sharjah"},{"itemid":0,"propdesc":"ProvinceAbv","propgroup":"","propid":0,"propname":"ProvinceAbv","propnumber":1083,"propvalue":"Sharjah"},{"itemid":0,"propdesc":"","propgroup":"","propid":0,"propname":"Supplier_Item_Code","propnumber":166,"propvalue":"MATALAN"},{"itemid":0,"propdesc":"Sys_Num_Images","propgroup":"","propid":0,"propname":"Sys_Num_Images","propnumber":159,"propvalue":"1"},{"itemid":0,"propdesc":"Sys_Package_Price_Enabled","propgroup":"","propid":0,"propname":"Sys_Package_Price_Enabled","propnumber":167,"propvalue":"False"},{"itemid":0,"propdesc":"Website","propgroup":"","propid":0,"propname":"Website","propnumber":1087,"propvalue":"http://www.matalanme.com"}],"image":"https://ik.imagekit.io/ofb/store/20180522154/assets/items/largeimages/AINGMX54L0.jpg","image3":"https://ik.imagekit.io/ofb/store/20180522154/assets/items/largeimages/AINGMX54L0.jpg","itemId":321005,"itemid":321005,"longdesc":"<div><p>Matalan - UK&rsquo;s No.1 Value Department Store committed to providing value for money. Matalan's product range in Sahara Centre offers up to date fashion with a comprehensive selection of quality homewares, ladies', men's and children's clothing and footwear -all under one roof. Matalan stocks all the latest looks, from modern basics to classic styles, with a great selection of top brands and clothes like Rogers &amp; Rogers and Falmer. Also, if you&rsquo;re looking for fashionable fitness clothing, seek no further as MATALAN offers an ideal fitness kit for the whole family too! MATALAN&rsquo;s Sports range merges affordability with fashion forward styles and fitness gear that comfortably supports your body during any activity. Whether you&rsquo;re training indoors or running outdoors, Matalan&rsquo;s Sports range fits neatly into anyone&rsquo;s fitness plans. Matalan is famous in the UK for providing great Quality at prices everyone can afford, try them out and see!</p></div>","longdesc2":"","longdesc3":"","longdesc4":"","mainitemid":0,"multiValueProperties":[{"featuredFlag":false,"imageFlag":false,"items":[],"priority":0,"propertyCode":"SEL1","propertyName":null,"propertyNameId":3718,"propertyValue":"Matalan","propertyValueId":49708,"valueCode":"MAT"},{"featuredFlag":false,"imageFlag":false,"items":[],"priority":0,"propertyCode":"BRA","propertyName":null,"propertyNameId":3645,"propertyValue":"Matalan","propertyValueId":49714,"valueCode":"MAT"}],"packagePriceEnabled":false,"permitnostock":false,"promotions":[{"displayText":"","name":"$25 Discount","type":0},{"displayText":"","name":"Flat15","type":0}],"properties":[{"itemid":0,"propdesc":"itemtype","propgroup":"","propid":0,"propname":"itemtype","propnumber":2474,"propvalue":"Level 004"},{"itemid":0,"propdesc":"","propgroup":"","propid":0,"propname":"UPC","propnumber":164,"propvalue":""}],"rating":0,"reviews":[],"seoUrl":"","shortdesc":"Matalan","showAll":false,"showDistributor":false,"showOutOfStock":false,"skuids":[],"skus":[],"storevid":"20210607181","subscribedcodes":[],"title":"Matalan","vendorId":"20180522154","vendorid":"20180522154"}],"__Success":"true"},"supplierData":{"__Result":[{"code":"AINGMX54L0","distributorOrder":[{"address":"","city":"Barrie","code":"Matalan","country":"CANADA","desc":"Matalan","distid":472,"inUrlId":"mystore729","lat":"","longitude":"","mcwvid":"20180522154","name":"Matalan","postal_code":"L4N 9J2","primaryDomain":"previewdev.open4business.io","rating":0,"rating_count":0,"region":"ONTARIO        ","store_hours":"","storefront":"store/20210607177/assets/images/storefront/20180521148.png","supplierType":3,"supplier_store_vid":"20201202460","supplier_vid":"20210607177"}],"itemid":321005}],"__Success":"true"},"priceInvData":{"__Result":[{"code":"AINGMX54L0","invs":[{"code":"AINGMX54L0","defdelivery":0,"discontinued":false,"distributorId":472,"dropshipminqty":0,"hide":false,"instock":0,"inventoryid":196674,"itemid":321005,"minorderqty":0,"nextshipdate":"","nextshipqty":0,"ondisplay":false,"onorder":0,"thirdpartycode":"","thirdpartyinventory":false,"thirdpartymessage":""}],"itemid":321005,"prices":[{"awardPoint":0,"currencyid":1847,"discountRate":0,"discount_1":0,"discount_2":0,"discount_3":0,"discount_4":0,"discount_5":0,"distributorId":472,"id":6613799,"itemcode":"AINGMX54L0","itemid":321005,"langcode":"","listprice":1,"offercode":"","onsale":false,"packagePrices":[],"price_1":1,"price_2":0,"price_3":0,"price_4":0,"price_5":0,"priority":1000,"qty_1":0,"qty_2":0,"qty_3":0,"qty_4":0,"setup":0,"shoppergroupid":0,"vendorid":"20210607181"}]}],"__Success":"true"}}