{"0":{"id":"321007","code":"AIN14BX9B0","title":"Giordano","longdesc":"","properties":[{"itemtype":"Level 003"}],"hiddenProperties":[{"Sys_Num_Images":"1"},{"Sys_Package_Price_Enabled":"False"},{"lat":"25.2978251"},{"lng":"55.3740256"},{"Country":"United Arab Emirates"},{"LineAddress1":"Al Nahda St - Al NahdaAl Nahda 1 - Sharjah - United Arab Emirates"},{"Province":"Sharjah"},{"ProvinceAbv":"Sharjah"},{"City":"Sharjah"},{"Email":"info@giordano.com"},{"Phone":"+90 06 5316914"},{"Website":"http://www.giordano-me.com"},{"createtime":"2021-06-07 22:28:15"}],"breadcrumbs":[{"name":"Home","url":"/"},{"name":"Home","url":"/"},{"name":"Shop","url":"shop"},{"name":"Sellers","url":"shop/stores"}],"frequentlyBoughtTogether":[],"accessories":[],"checkboxItems":[],"alsoLike":[],"reviews":[]},"url":"product/sellers/giordano-ain14bx9b0","productData":{"__Result":[{"additionalImages":"","allowBackOrders":false,"alsoLikeItems":[],"attributes":[],"available":true,"cimage":"https://ik.imagekit.io/ofb/store/20180522154/assets/items/thumbnails/AIN14BX9B0.jpg","code":"AIN14BX9B0","discount":0,"discountItemGroup":"","discountItemType":"","enableDelOpts":"true","hiddenProperties":[{"itemid":0,"propdesc":"City","propgroup":"","propid":0,"propname":"City","propnumber":1084,"propvalue":"Sharjah"},{"itemid":0,"propdesc":"Country","propgroup":"","propid":0,"propname":"Country","propnumber":1080,"propvalue":"United Arab Emirates"},{"itemid":0,"propdesc":"createtime","propgroup":"","propid":0,"propname":"createtime","propnumber":2120,"propvalue":"2021-06-07 22:28:15"},{"itemid":0,"propdesc":"Email","propgroup":"","propid":0,"propname":"Email","propnumber":1085,"propvalue":"info@giordano.com"},{"itemid":0,"propdesc":"lat","propgroup":"","propid":0,"propname":"lat","propnumber":1060,"propvalue":"25.2978251"},{"itemid":0,"propdesc":"LineAddress1","propgroup":"","propid":0,"propname":"LineAddress1","propnumber":1081,"propvalue":"Al Nahda St - Al NahdaAl Nahda 1 - Sharjah - United Arab Emirates"},{"itemid":0,"propdesc":"lng","propgroup":"","propid":0,"propname":"lng","propnumber":1061,"propvalue":"55.3740256"},{"itemid":0,"propdesc":"Phone","propgroup":"","propid":0,"propname":"Phone","propnumber":1086,"propvalue":"+90 06 5316914"},{"itemid":0,"propdesc":"Province","propgroup":"","propid":0,"propname":"Province","propnumber":1082,"propvalue":"Sharjah"},{"itemid":0,"propdesc":"ProvinceAbv","propgroup":"","propid":0,"propname":"ProvinceAbv","propnumber":1083,"propvalue":"Sharjah"},{"itemid":0,"propdesc":"Sys_Num_Images","propgroup":"","propid":0,"propname":"Sys_Num_Images","propnumber":159,"propvalue":"1"},{"itemid":0,"propdesc":"Sys_Package_Price_Enabled","propgroup":"","propid":0,"propname":"Sys_Package_Price_Enabled","propnumber":167,"propvalue":"False"},{"itemid":0,"propdesc":"Website","propgroup":"","propid":0,"propname":"Website","propnumber":1087,"propvalue":"http://www.giordano-me.com"},{"itemid":0,"propdesc":"","propgroup":"","propid":0,"propname":"Created_By_Supplier","propnumber":165,"propvalue":"20210607180"},{"itemid":0,"propdesc":"","propgroup":"","propid":0,"propname":"Supplier_Item_Code","propnumber":166,"propvalue":"GIORDANO"}],"image":"https://ik.imagekit.io/ofb/store/20180522154/assets/items/largeimages/AIN14BX9B0.jpg","image3":"https://ik.imagekit.io/ofb/store/20180522154/assets/items/largeimages/AIN14BX9B0.jpg","itemId":321007,"itemid":321007,"longdesc":"","longdesc2":"","longdesc3":"","longdesc4":"","mainitemid":0,"multiValueProperties":[{"featuredFlag":false,"imageFlag":false,"items":[],"priority":0,"propertyCode":"SEL1","propertyName":null,"propertyNameId":3718,"propertyValue":"Giordano","propertyValueId":49710,"valueCode":"GIO"},{"featuredFlag":false,"imageFlag":false,"items":[],"priority":0,"propertyCode":"BRA","propertyName":null,"propertyNameId":3645,"propertyValue":"Giordano","propertyValueId":49712,"valueCode":"GIO"}],"packagePriceEnabled":false,"permitnostock":false,"promotions":[{"displayText":"","name":"$25 Discount","type":0},{"displayText":"","name":"Flat15","type":0}],"properties":[{"itemid":0,"propdesc":"","propgroup":"","propid":0,"propname":"UPC","propnumber":164,"propvalue":""},{"itemid":0,"propdesc":"itemtype","propgroup":"","propid":0,"propname":"itemtype","propnumber":2474,"propvalue":"Level 003"}],"rating":0,"reviews":[],"seoUrl":"","shortdesc":"Giordano","showAll":false,"showDistributor":false,"showOutOfStock":false,"skuids":[],"skus":[],"storevid":"20210607181","subscribedcodes":[],"title":"Giordano","vendorId":"20180522154","vendorid":"20180522154"}],"__Success":"true"},"supplierData":{"__Result":[{"code":"AIN14BX9B0","distributorOrder":[{"address":"Sanayi 38010 Kocasinan","city":"Barrie","code":"Giordano","country":"CANADA","desc":"Giordano","distid":475,"inUrlId":"mystore731","lat":"38.728526014750145","longitude":"35.45103182803788","mcwvid":"20180522154","name":"Giordano","postal_code":"L4N 9J2","primaryDomain":"previewdev.open4business.io","rating":0,"rating_count":0,"region":"ONTARIO        ","store_hours":"","storefront":"store/20210607180/assets/images/storefront/20180521148.png","supplierType":3,"supplier_store_vid":"","supplier_vid":"20210607180"}],"itemid":321007}],"__Success":"true"},"priceInvData":{"__Result":[{"code":"AIN14BX9B0","invs":[{"code":"AIN14BX9B0","defdelivery":0,"discontinued":false,"distributorId":475,"dropshipminqty":0,"hide":false,"instock":0,"inventoryid":196826,"itemid":321007,"minorderqty":0,"nextshipdate":"","nextshipqty":0,"ondisplay":false,"onorder":0,"thirdpartycode":"","thirdpartyinventory":false,"thirdpartymessage":""}],"itemid":321007,"prices":[{"awardPoint":0,"currencyid":1847,"discountRate":0,"discount_1":0,"discount_2":0,"discount_3":0,"discount_4":0,"discount_5":0,"distributorId":475,"id":6613803,"itemcode":"AIN14BX9B0","itemid":321007,"langcode":"","listprice":1,"offercode":"","onsale":false,"packagePrices":[],"price_1":1,"price_2":0,"price_3":0,"price_4":0,"price_5":0,"priority":1000,"qty_1":0,"qty_2":0,"qty_3":0,"qty_4":0,"setup":0,"shoppergroupid":0,"vendorid":"20210607181"}]}],"__Success":"true"}}