{"0":{"id":"321168","code":"AIN6IBMMQ0","title":"Live Entertainment","longdesc":"&lt;div&gt;Despite the rapid technological advancement in the entertainment industry, nothing beats the thrill of witnessing a live performance by your favorite artists. Stand-up acts, musical concerts, magic shows, poetry recitals - there are a plethora of live entertainment options that can be offered to shoppers. The key is to invite performers who will appeal to your target audience.&lt;/div&gt;","properties":[],"hiddenProperties":[{"Sys_Num_Images":"1"},{"Sys_Package_Price_Enabled":"False"},{"createtime":"2021-07-05 08:33:50"},{"Entertainment_item":"Yes"}],"breadcrumbs":[{"name":"Home","url":"/"},{"name":"Home","url":"/"},{"name":"Shop","url":"shop"},{"name":"Entertainment","url":"shop/entertainment"}],"frequentlyBoughtTogether":[],"accessories":[],"checkboxItems":[],"alsoLike":[],"reviews":[]},"url":"product/entertainment/live-entertainment-ain6ibmmq0","supplierData":{"__Result":[{"code":"AIN6IBMMQ0","distributorOrder":[{"address":"34100 İkitelli Osb/Başakşehir","city":"Barrie","code":"Elak","country":"CANADA","desc":"Elak","distid":474,"inUrlId":"mystore730","lat":"41.07283254931878","longitude":"28.797811328126595","mcwvid":"20180522154","name":"Elak","postal_code":"L4N 9J2","primaryDomain":"previewdev.open4business.io","rating":0,"rating_count":0,"region":"ONTARIO        ","store_hours":"","storefront":"store/20210607179/assets/images/storefront/20180521148.png","supplierType":3,"supplier_store_vid":"","supplier_vid":"20210607179"}],"itemid":321168}],"__Success":"true"},"priceInvData":{"__Result":[{"code":"AIN6IBMMQ0","invs":[{"code":"AIN6IBMMQ0","defdelivery":0,"discontinued":false,"distributorId":474,"dropshipminqty":0,"hide":false,"instock":10,"inventoryid":197040,"itemid":321168,"minorderqty":0,"nextshipdate":"","nextshipqty":0,"ondisplay":false,"onorder":0,"thirdpartycode":"","thirdpartyinventory":false,"thirdpartymessage":""}],"itemid":321168,"prices":[{"awardPoint":0,"currencyid":1847,"discountRate":0,"discount_1":0,"discount_2":0,"discount_3":0,"discount_4":0,"discount_5":0,"distributorId":474,"id":6614600,"itemcode":"AIN6IBMMQ0","itemid":321168,"langcode":"","listprice":1,"offercode":"","onsale":false,"packagePrices":[],"price_1":1,"price_2":0,"price_3":0,"price_4":0,"price_5":0,"priority":1000,"qty_1":0,"qty_2":0,"qty_3":0,"qty_4":0,"setup":0,"shoppergroupid":0,"vendorid":"20210607181"}]}],"__Success":"true"}}