{"0":{"id":"321191","code":"AIN3KOV163","title":"Doner and Gyros","longdesc":"","properties":[{"Store Hours":"10:00 A.M. - 10:00 P.M."}],"hiddenProperties":[{"Sys_Num_Images":"1"},{"createtime":"2021-07-05 21:45:04"},{"Dining_item":"Yes"},{"ItemLevel":"Level 002"}],"breadcrumbs":[{"name":"Home","url":"/"},{"name":"Home","url":"/"},{"name":"Shop","url":"shop"},{"name":"Dining","url":"shop/dining"}],"frequentlyBoughtTogether":[],"accessories":[],"checkboxItems":[],"alsoLike":[],"reviews":[]},"url":"product/deals/doner-and-gyros-ain3kov163","productData":{"__Result":[{"additionalImages":"","allowBackOrders":false,"alsoLikeItems":[],"attributes":[],"available":true,"cimage":"https://ik.imagekit.io/ofb/store/20180522154/assets/items/thumbnails/AIN3KOV163.jpg","code":"AIN3KOV163","discount":0,"discountItemGroup":"","discountItemType":"","enableDelOpts":"true","hiddenProperties":[{"itemid":0,"propdesc":"","propgroup":"","propid":0,"propname":"Created_By_Supplier","propnumber":165,"propvalue":"20210607179"},{"itemid":0,"propdesc":"createtime","propgroup":"","propid":0,"propname":"createtime","propnumber":2120,"propvalue":"2021-07-05 21:45:04"},{"itemid":0,"propdesc":"Dining_item","propgroup":"","propid":0,"propname":"Dining_item","propnumber":2479,"propvalue":"Yes"},{"itemid":0,"propdesc":"ItemLevel","propgroup":"","propid":0,"propname":"ItemLevel","propnumber":2479,"propvalue":"Level 002"},{"itemid":0,"propdesc":"","propgroup":"","propid":0,"propname":"Supplier_Item_Code","propnumber":166,"propvalue":"DINING1"},{"itemid":0,"propdesc":"Sys_Num_Images","propgroup":"","propid":0,"propname":"Sys_Num_Images","propnumber":159,"propvalue":"1"}],"image":"https://ik.imagekit.io/ofb/store/noimage.jpg","image3":"https://ik.imagekit.io/ofb/store/20180522154/assets/items/largeimages/AIN3KOV163.jpg","itemId":321191,"itemid":321191,"longdesc":"","longdesc2":"","longdesc3":"","longdesc4":"","mainitemid":0,"multiValueProperties":[],"packagePriceEnabled":false,"permitnostock":false,"promotions":[{"displayText":"","name":"$25 Discount","type":0},{"displayText":"","name":"Flat15","type":0}],"properties":[{"itemid":0,"propdesc":"Store Hours","propgroup":"","propid":0,"propname":"Store_Hrs","propnumber":2480,"propvalue":"10:00 A.M. - 10:00 P.M."},{"itemid":0,"propdesc":"","propgroup":"","propid":0,"propname":"UPC","propnumber":164,"propvalue":""}],"rating":0,"reviews":[],"seoUrl":"","shortdesc":"Doner and Gyros","showAll":false,"showDistributor":false,"showOutOfStock":false,"skuids":[],"skus":[],"storevid":"20210607181","subscribedcodes":[],"title":"Doner and Gyros","vendorId":"20180522154","vendorid":"20180522154"}],"__Success":"true"},"supplierData":{"__Result":[{"code":"AIN3KOV163","distributorOrder":[{"address":"34100 İkitelli Osb/Başakşehir","city":"Barrie","code":"Elak","country":"CANADA","desc":"Elak","distid":474,"inUrlId":"mystore730","lat":"41.07283254931878","longitude":"28.797811328126595","mcwvid":"20180522154","name":"Elak","postal_code":"L4N 9J2","primaryDomain":"previewdev.open4business.io","rating":0,"rating_count":0,"region":"ONTARIO        ","store_hours":"","storefront":"store/20210607179/assets/images/storefront/20180521148.png","supplierType":3,"supplier_store_vid":"","supplier_vid":"20210607179"}],"itemid":321191}],"__Success":"true"}}