{"0":{"id":"321196","code":"AINB75HE93","title":"Turtleneck Sweater","longdesc":"&lt;div&gt;\n&lt;p&gt;Turtleneck Sweater&lt;/p&gt;\n&lt;/div&gt;","properties":[{"Material":"Wool"},{"Color":"Grey"},{"Collor":"Turtleneck"},{"Body Size":"42"},{"Pattern":"Knitting"},{"Upper Mold":"Slim Fit"}],"hiddenProperties":[{"Sys_Merchandising_Priority":"9999"},{"Sys_Num_Images":"6"},{"Sys_Package_Price_Enabled":"False"},{"createtime":"2021-07-01 10:03:28"},{"ITEM_TYPE":"2"},{"OFFERTYPE":"rfqcart"},{"Curbside Pickup Location":"Al Nahda St - Al NahdaAl Nahda 1 - Sharjah - United Arab Emirates"}],"breadcrumbs":[{"name":"Home","url":"/"},{"name":"Home Textiles","url":"store.html?vid=20210607181&cid=520309"},{"name":"Clothing","url":"store.html?vid=20210607181&cid=520315"},{"name":"Men's","url":"shop/shopping/mens"}],"frequentlyBoughtTogether":[],"accessories":[],"checkboxItems":[],"alsoLike":[],"reviews":[{"reviewid":"298","rating":"3","date":"July 07 2021","title":"123","author":"avetti_cong","details":" AINU49HAR0","image":""},{"reviewid":"297","rating":"5","date":"July 07 2021","title":"Nice Product","author":"avetti_sivak","details":"The product is very good and it fits perfectly. The material is thick and keeps me warm during winter. The shoulder length is somewhat big for a 38 size person but that's not a problem. Overall satisfied with the product.","image":""},{"reviewid":"295","rating":"4","date":"July 06 2021","title":"Awesome!","author":"avetti_karunad","details":"Best products at better price fitting was good not to tight overall best product but for winter not suitable doesn't provide so much warm..","image":""}]},"url":"product/mens/turtleneck-sweater-ainb75he93","productData":{"__Result":[{"additionalImages":"AINB75HE93-2.jpg,AINB75HE93-3.jpg,AINB75HE93-4.jpg,AINB75HE93-5.jpg,AINB75HE93-6.jpg","allowBackOrders":false,"alsoLikeItems":[],"attributes":[{"attributeid":37115,"itemid":321196,"position":2},{"attributeid":37114,"itemid":321196,"position":1}],"available":true,"cimage":"https://ik.imagekit.io/ofb/store/20180522154/assets/items/thumbnails/AINB75HE93.jpg","code":"AINB75HE93","discount":0,"discountItemGroup":"","discountItemType":"","enableDelOpts":"true","hiddenProperties":[{"itemid":0,"propdesc":"","propgroup":"","propid":0,"propname":"Created_By_Supplier","propnumber":165,"propvalue":"20210607177"},{"itemid":0,"propdesc":"createtime","propgroup":"","propid":0,"propname":"createtime","propnumber":2120,"propvalue":"2021-07-01 10:03:28"},{"itemid":0,"propdesc":"Curbside Pickup Location","propgroup":"","propid":0,"propname":"Curbside_Pickup","propnumber":2482,"propvalue":"Al Nahda St - Al NahdaAl Nahda 1 - Sharjah - United Arab Emirates"},{"itemid":0,"propdesc":"ITEM_TYPE","propgroup":"","propid":0,"propname":"ITEM_TYPE","propnumber":2144,"propvalue":"2"},{"itemid":0,"propdesc":"OFFERTYPE","propgroup":"","propid":0,"propname":"OFFERTYPE","propnumber":2145,"propvalue":"rfqcart"},{"itemid":0,"propdesc":"","propgroup":"","propid":0,"propname":"Supplier_Item_Code","propnumber":166,"propvalue":"M1-S-G"},{"itemid":0,"propdesc":"Sys_Merchandising_Priority","propgroup":"","propid":0,"propname":"Sys_Merchandising_Priority","propnumber":86,"propvalue":"9999"},{"itemid":0,"propdesc":"Sys_Num_Images","propgroup":"","propid":0,"propname":"Sys_Num_Images","propnumber":159,"propvalue":"6"},{"itemid":0,"propdesc":"Sys_Package_Price_Enabled","propgroup":"","propid":0,"propname":"Sys_Package_Price_Enabled","propnumber":167,"propvalue":"False"}],"image":"https://ik.imagekit.io/ofb/store/20180522154/assets/items/images/AINB75HE93.jpg","image3":"https://ik.imagekit.io/ofb/store/20180522154/assets/items/largeimages/AINB75HE93.jpg","itemId":321196,"itemid":321196,"longdesc":"<div>\r\n<p>Turtleneck Sweater</p>\r\n</div>","longdesc2":"","longdesc3":"","longdesc4":"","mainitemid":321195,"multiValueProperties":[{"featuredFlag":false,"imageFlag":false,"items":[],"priority":0,"propertyCode":"CAT1","propertyName":null,"propertyNameId":3647,"propertyValue":"Mens Clothing","propertyValueId":44676,"valueCode":"MEN"},{"featuredFlag":false,"imageFlag":false,"items":[],"priority":0,"propertyCode":"TAG3","propertyName":null,"propertyNameId":3646,"propertyValue":"Jackets","propertyValueId":44677,"valueCode":"JAC"},{"featuredFlag":false,"imageFlag":false,"items":[],"priority":0,"propertyCode":"SEL1","propertyName":null,"propertyNameId":3718,"propertyValue":"Matalan","propertyValueId":49708,"valueCode":"MAT"},{"featuredFlag":false,"imageFlag":false,"items":[],"priority":0,"propertyCode":"BRA","propertyName":null,"propertyNameId":3645,"propertyValue":"Matalan","propertyValueId":49714,"valueCode":"MAT"},{"featuredFlag":false,"imageFlag":false,"items":[],"priority":0,"propertyCode":"SUB1","propertyName":null,"propertyNameId":6382,"propertyValue":"Men Sweater","propertyValueId":49777,"valueCode":"SUB1"}],"packagePriceEnabled":false,"permitnostock":false,"promotions":[{"displayText":"","name":"$25 Discount","type":0},{"displayText":"","name":"Flat15","type":0}],"properties":[{"itemid":0,"propdesc":"Body Size","propgroup":"","propid":0,"propname":"Body_Size","propnumber":2138,"propvalue":"42"},{"itemid":0,"propdesc":"Collor","propgroup":"","propid":0,"propname":"Collor","propnumber":2136,"propvalue":"Turtleneck"},{"itemid":0,"propdesc":"Color","propgroup":"","propid":0,"propname":"Color","propnumber":1093,"propvalue":"Grey"},{"itemid":0,"propdesc":"Material","propgroup":"","propid":0,"propname":"Material","propnumber":1090,"propvalue":"Wool"},{"itemid":0,"propdesc":"Pattern","propgroup":"","propid":0,"propname":"Pattern","propnumber":2139,"propvalue":"Knitting"},{"itemid":0,"propdesc":"","propgroup":"","propid":0,"propname":"UPC","propnumber":164,"propvalue":""},{"itemid":0,"propdesc":"Upper Mold","propgroup":"item","propid":0,"propname":"Upper_Mold","propnumber":2140,"propvalue":"Slim Fit"}],"rating":0,"reviews":[],"seoUrl":"","shortdesc":"","showAll":false,"showDistributor":false,"showOutOfStock":false,"skuids":[],"skus":[{"attributeid":37114,"available":true,"itemskuid":167638,"mainitemid":321195,"optionid":133246,"skuid":321196,"vid":""},{"attributeid":37115,"available":true,"itemskuid":167639,"mainitemid":321195,"optionid":133249,"skuid":321196,"vid":""}],"storevid":"20210607181","subscribedcodes":[],"title":"Turtleneck Sweater","vendorId":"20180522154","vendorid":"20180522154"}],"__Success":"true"},"supplierData":{"__Result":[{"code":"AINB75HE93","distributorOrder":[{"address":"","city":"Barrie","code":"Matalan","country":"CANADA","desc":"Matalan","distid":472,"inUrlId":"mystore729","lat":"","longitude":"","mcwvid":"20180522154","name":"Matalan","postal_code":"L4N 9J2","primaryDomain":"previewdev.open4business.io","rating":0,"rating_count":0,"region":"ONTARIO        ","store_hours":"","storefront":"store/20210607177/assets/images/storefront/20180521148.png","supplierType":3,"supplier_store_vid":"20201202460","supplier_vid":"20210607177"}],"itemid":321196}],"__Success":"true"},"priceInvData":{"__Result":[{"code":"AINB75HE93","invs":[{"code":"AINB75HE93","defdelivery":0,"discontinued":false,"distributorId":472,"dropshipminqty":0,"hide":false,"instock":209,"inventoryid":197084,"itemid":321196,"minorderqty":0,"nextshipdate":"","nextshipqty":0,"ondisplay":false,"onorder":0,"thirdpartycode":"","thirdpartyinventory":false,"thirdpartymessage":""}],"itemid":321196,"prices":[{"awardPoint":0,"currencyid":1847,"discountRate":0,"discount_1":7,"discount_2":100,"discount_3":100,"discount_4":100,"discount_5":100,"distributorId":472,"id":6614700,"itemcode":"AINB75HE93","itemid":321196,"langcode":"","listprice":750,"offercode":"","onsale":false,"packagePrices":[],"price_1":700,"price_2":0,"price_3":0,"price_4":0,"price_5":0,"priority":1000,"qty_1":0,"qty_2":0,"qty_3":0,"qty_4":0,"setup":0,"shoppergroupid":0,"vendorid":"20210607181"}]}],"__Success":"true"}}