{"0":{"id":"321179","code":"AINN8XOKJ2","title":"Snake Print Peplum Top","longdesc":"","properties":[{"Size":"Small"},{"Color":"Black"},{"Sleeves":"Full"},{"Pattern":"Snake Print"},{"Neckline":"V-neck"}],"hiddenProperties":[{"Sys_Merchandising_Priority":"9999"},{"Sys_Num_Images":"4"},{"Sys_Package_Price_Enabled":"False"},{"createtime":"2021-07-05 10:07:07"},{"Curbside Pickup Location":"Al Nahda St - Al NahdaAl Nahda 1 - Sharjah - United Arab Emirates"}],"breadcrumbs":[{"name":"Home","url":"/"},{"name":"Home Textiles","url":"store.html?vid=20210607181&cid=520309"},{"name":"Clothing","url":"store.html?vid=20210607181&cid=520315"},{"name":"Women's","url":"shop/shopping/womens"}],"frequentlyBoughtTogether":[],"accessories":[],"checkboxItems":[],"alsoLike":[],"reviews":[{"reviewid":"296","rating":"5","date":"July 06 2021","title":"Amazing","author":"avetti_karunad","details":"A beautiful top. The fabric is awesome.","image":""}]},"url":"product/womens/snake-print-peplum-top-ainn8xokj2","productData":{"__Result":[{"additionalImages":"AINN8XOKJ2-2.jpg,AINN8XOKJ2-3.jpg,AINN8XOKJ2-4.jpg","allowBackOrders":false,"alsoLikeItems":[],"attributes":[{"attributeid":37118,"itemid":321179,"position":1},{"attributeid":37119,"itemid":321179,"position":2}],"available":true,"cimage":"https://ik.imagekit.io/ofb/store/20180522154/assets/items/thumbnails/AINN8XOKJ2.jpg","code":"AINN8XOKJ2","discount":0,"discountItemGroup":"","discountItemType":"","enableDelOpts":"true","hiddenProperties":[{"itemid":0,"propdesc":"","propgroup":"","propid":0,"propname":"Created_By_Supplier","propnumber":165,"propvalue":"20210607177"},{"itemid":0,"propdesc":"createtime","propgroup":"","propid":0,"propname":"createtime","propnumber":2120,"propvalue":"2021-07-05 10:07:07"},{"itemid":0,"propdesc":"Curbside Pickup Location","propgroup":"","propid":0,"propname":"Curbside_Pickup","propnumber":2482,"propvalue":"Al Nahda St - Al NahdaAl Nahda 1 - Sharjah - United Arab Emirates"},{"itemid":0,"propdesc":"","propgroup":"","propid":0,"propname":"Supplier_Item_Code","propnumber":166,"propvalue":"PRODUCT001-S-B"},{"itemid":0,"propdesc":"Sys_Merchandising_Priority","propgroup":"","propid":0,"propname":"Sys_Merchandising_Priority","propnumber":86,"propvalue":"9999"},{"itemid":0,"propdesc":"Sys_Num_Images","propgroup":"","propid":0,"propname":"Sys_Num_Images","propnumber":159,"propvalue":"4"},{"itemid":0,"propdesc":"Sys_Package_Price_Enabled","propgroup":"","propid":0,"propname":"Sys_Package_Price_Enabled","propnumber":167,"propvalue":"False"}],"image":"https://ik.imagekit.io/ofb/store/20180522154/assets/items/images/AINN8XOKJ2.jpg","image3":"https://ik.imagekit.io/ofb/store/20180522154/assets/items/largeimages/AINN8XOKJ2.jpg","itemId":321179,"itemid":321179,"longdesc":"","longdesc2":"","longdesc3":"","longdesc4":"","mainitemid":321178,"multiValueProperties":[{"featuredFlag":false,"imageFlag":false,"items":[],"priority":0,"propertyCode":"SEL1","propertyName":null,"propertyNameId":3718,"propertyValue":"Matalan","propertyValueId":49708,"valueCode":"MAT"}],"packagePriceEnabled":false,"permitnostock":false,"promotions":[{"displayText":"","name":"$25 Discount","type":0},{"displayText":"","name":"Flat15","type":0}],"properties":[{"itemid":0,"propdesc":"Color","propgroup":"","propid":0,"propname":"Color","propnumber":1093,"propvalue":"Black"},{"itemid":0,"propdesc":"Neckline","propgroup":"","propid":0,"propname":"Neckline","propnumber":2143,"propvalue":"V-neck"},{"itemid":0,"propdesc":"Pattern","propgroup":"","propid":0,"propname":"Pattern","propnumber":2139,"propvalue":"Snake Print"},{"itemid":0,"propdesc":"Size","propgroup":"","propid":0,"propname":"Size","propnumber":1092,"propvalue":"Small"},{"itemid":0,"propdesc":"Sleeves","propgroup":"","propid":0,"propname":"Sleeves","propnumber":2135,"propvalue":"Full"},{"itemid":0,"propdesc":"","propgroup":"","propid":0,"propname":"UPC","propnumber":164,"propvalue":""}],"rating":0,"reviews":[],"seoUrl":"","shortdesc":"Snake Print Peplum Top","showAll":false,"showDistributor":false,"showOutOfStock":false,"skuids":[],"skus":[{"attributeid":37118,"available":true,"itemskuid":167560,"mainitemid":321178,"optionid":133257,"skuid":321179,"vid":""},{"attributeid":37119,"available":true,"itemskuid":167561,"mainitemid":321178,"optionid":133261,"skuid":321179,"vid":""}],"storevid":"20210607181","subscribedcodes":[],"title":"Snake Print Peplum Top","vendorId":"20180522154","vendorid":"20180522154"}],"__Success":"true"},"supplierData":{"__Result":[{"code":"AINN8XOKJ2","distributorOrder":[{"address":"","city":"Barrie","code":"Matalan","country":"CANADA","desc":"Matalan","distid":472,"inUrlId":"mystore729","lat":"","longitude":"","mcwvid":"20180522154","name":"Matalan","postal_code":"L4N 9J2","primaryDomain":"previewdev.open4business.io","rating":0,"rating_count":0,"region":"ONTARIO        ","store_hours":"","storefront":"store/20210607177/assets/images/storefront/20180521148.png","supplierType":3,"supplier_store_vid":"20201202460","supplier_vid":"20210607177"}],"itemid":321179}],"__Success":"true"},"priceInvData":{"__Result":[{"code":"AINN8XOKJ2","invs":[{"code":"AINN8XOKJ2","defdelivery":0,"discontinued":false,"distributorId":472,"dropshipminqty":0,"hide":false,"instock":99,"inventoryid":197053,"itemid":321179,"minorderqty":0,"nextshipdate":"","nextshipqty":0,"ondisplay":false,"onorder":0,"thirdpartycode":"","thirdpartyinventory":false,"thirdpartymessage":""}],"itemid":321179,"prices":[{"awardPoint":0,"currencyid":1847,"discountRate":0,"discount_1":0,"discount_2":0,"discount_3":0,"discount_4":0,"discount_5":0,"distributorId":472,"id":6614648,"itemcode":"AINN8XOKJ2","itemid":321179,"langcode":"","listprice":550,"offercode":"","onsale":false,"packagePrices":[],"price_1":550,"price_2":0,"price_3":0,"price_4":0,"price_5":0,"priority":1000,"qty_1":0,"qty_2":0,"qty_3":0,"qty_4":0,"setup":0,"shoppergroupid":0,"vendorid":"20210607181"}]}],"__Success":"true"}}