{"0":{"id":"321166","code":"AIN8HWOO33","title":"Photo Booths","longdesc":"&lt;div&gt;One of the best ways to keep mall visitors engaged is to install an innovative photo booth. It appeals to children and adults alike and is a great technique to spark a conversation about your mall. Additionally, it serves as a great way to turn a simple outing into memorable and quality family time. This, in turn, encourages shoppers to revisit your mall.&lt;/div&gt;","properties":[],"hiddenProperties":[{"Sys_Num_Images":"1"},{"Sys_Package_Price_Enabled":"False"},{"createtime":"2021-07-05 08:21:34"},{"Entertainment_item":"Yes"}],"breadcrumbs":[{"name":"Home","url":"/"},{"name":"Home","url":"/"},{"name":"Shop","url":"shop"},{"name":"Entertainment","url":"shop/entertainment"}],"frequentlyBoughtTogether":[],"accessories":[],"checkboxItems":[],"alsoLike":[],"reviews":[]},"url":"product/entertainment/photo-booths-ain8hwoo33","productData":{"__Result":[{"additionalImages":"","allowBackOrders":false,"alsoLikeItems":[],"attributes":[],"available":true,"cimage":"https://ik.imagekit.io/ofb/store/20180522154/assets/items/thumbnails/AIN8HWOO33.jpg","code":"AIN8HWOO33","discount":0,"discountItemGroup":"","discountItemType":"","enableDelOpts":"true","hiddenProperties":[{"itemid":0,"propdesc":"","propgroup":"","propid":0,"propname":"Created_By_Supplier","propnumber":165,"propvalue":"20210607179"},{"itemid":0,"propdesc":"createtime","propgroup":"","propid":0,"propname":"createtime","propnumber":2120,"propvalue":"2021-07-05 08:21:34"},{"itemid":0,"propdesc":"Entertainment_item","propgroup":"","propid":0,"propname":"Entertainment_item","propnumber":2476,"propvalue":"Yes"},{"itemid":0,"propdesc":"","propgroup":"","propid":0,"propname":"Supplier_Item_Code","propnumber":166,"propvalue":"ENTERTAINMENT2"},{"itemid":0,"propdesc":"Sys_Num_Images","propgroup":"","propid":0,"propname":"Sys_Num_Images","propnumber":159,"propvalue":"1"},{"itemid":0,"propdesc":"Sys_Package_Price_Enabled","propgroup":"","propid":0,"propname":"Sys_Package_Price_Enabled","propnumber":167,"propvalue":"False"}],"image":"https://ik.imagekit.io/ofb/store/noimage.jpg","image3":"https://ik.imagekit.io/ofb/store/20180522154/assets/items/largeimages/AIN8HWOO33.jpg","itemId":321166,"itemid":321166,"longdesc":"<div>One of the best ways to keep mall visitors engaged is to install an innovative photo booth. It appeals to children and adults alike and is a great technique to spark a conversation about your mall. Additionally, it serves as a great way to turn a simple outing into memorable and quality family time. This, in turn, encourages shoppers to revisit your mall.</div>","longdesc2":"","longdesc3":"","longdesc4":"","mainitemid":0,"multiValueProperties":[],"packagePriceEnabled":false,"permitnostock":false,"promotions":[{"displayText":"","name":"$25 Discount","type":0},{"displayText":"","name":"Flat15","type":0}],"properties":[{"itemid":0,"propdesc":"","propgroup":"","propid":0,"propname":"UPC","propnumber":164,"propvalue":""}],"rating":0,"reviews":[],"seoUrl":"","shortdesc":"Photo Booths","showAll":false,"showDistributor":false,"showOutOfStock":false,"skuids":[],"skus":[],"storevid":"20210607181","subscribedcodes":[],"title":"Photo Booths","vendorId":"20180522154","vendorid":"20180522154"}],"__Success":"true"},"supplierData":{"__Result":[{"code":"AIN8HWOO33","distributorOrder":[{"address":"34100 İkitelli Osb/Başakşehir","city":"Barrie","code":"Elak","country":"CANADA","desc":"Elak","distid":474,"inUrlId":"mystore730","lat":"41.07283254931878","longitude":"28.797811328126595","mcwvid":"20180522154","name":"Elak","postal_code":"L4N 9J2","primaryDomain":"previewdev.open4business.io","rating":0,"rating_count":0,"region":"ONTARIO        ","store_hours":"","storefront":"store/20210607179/assets/images/storefront/20180521148.png","supplierType":3,"supplier_store_vid":"","supplier_vid":"20210607179"}],"itemid":321166}],"__Success":"true"},"priceInvData":{"__Result":[{"code":"AIN8HWOO33","invs":[{"code":"AIN8HWOO33","defdelivery":0,"discontinued":false,"distributorId":474,"dropshipminqty":0,"hide":false,"instock":10,"inventoryid":197036,"itemid":321166,"minorderqty":0,"nextshipdate":"","nextshipqty":0,"ondisplay":false,"onorder":0,"thirdpartycode":"","thirdpartyinventory":false,"thirdpartymessage":""}],"itemid":321166,"prices":[{"awardPoint":0,"currencyid":1847,"discountRate":0,"discount_1":0,"discount_2":0,"discount_3":0,"discount_4":0,"discount_5":0,"distributorId":474,"id":6614598,"itemcode":"AIN8HWOO33","itemid":321166,"langcode":"","listprice":1,"offercode":"","onsale":false,"packagePrices":[],"price_1":1,"price_2":0,"price_3":0,"price_4":0,"price_5":0,"priority":1000,"qty_1":0,"qty_2":0,"qty_3":0,"qty_4":0,"setup":0,"shoppergroupid":0,"vendorid":"20210607181"}]}],"__Success":"true"}}