{"0":{"id":"321167","code":"AINDXC3Z92","title":"Pop-up Shops","longdesc":"&lt;div&gt;A pop-up store is an excellent way of boosting foot traffic by harnessing the FOMO (fear of missing out) psyche of today&amp;rsquo;s shoppers. The temporary establishment creates a sense of urgency and even helps create a buzz through online and offline channels. You can up your pop-up game by making it interactive and offering additional services to visitors.&lt;/div&gt;","properties":[],"hiddenProperties":[{"Sys_Num_Images":"1"},{"Sys_Package_Price_Enabled":"False"},{"createtime":"2021-07-05 08:30:05"},{"Entertainment_item":"Yes"}],"breadcrumbs":[{"name":"Home","url":"/"},{"name":"Home","url":"/"},{"name":"Shop","url":"shop"},{"name":"Entertainment","url":"shop/entertainment"}],"frequentlyBoughtTogether":[],"accessories":[],"checkboxItems":[],"alsoLike":[],"reviews":[]},"url":"product/entertainment/pop-up-shops-aindxc3z92","productData":{"__Result":[{"additionalImages":"","allowBackOrders":false,"alsoLikeItems":[],"attributes":[],"available":true,"cimage":"https://ik.imagekit.io/ofb/store/20180522154/assets/items/thumbnails/AINDXC3Z92.jpg","code":"AINDXC3Z92","discount":0,"discountItemGroup":"","discountItemType":"","enableDelOpts":"true","hiddenProperties":[{"itemid":0,"propdesc":"","propgroup":"","propid":0,"propname":"Created_By_Supplier","propnumber":165,"propvalue":"20210607179"},{"itemid":0,"propdesc":"createtime","propgroup":"","propid":0,"propname":"createtime","propnumber":2120,"propvalue":"2021-07-05 08:30:05"},{"itemid":0,"propdesc":"Entertainment_item","propgroup":"","propid":0,"propname":"Entertainment_item","propnumber":2476,"propvalue":"Yes"},{"itemid":0,"propdesc":"","propgroup":"","propid":0,"propname":"Supplier_Item_Code","propnumber":166,"propvalue":"ENTERTAINMENT3"},{"itemid":0,"propdesc":"Sys_Num_Images","propgroup":"","propid":0,"propname":"Sys_Num_Images","propnumber":159,"propvalue":"1"},{"itemid":0,"propdesc":"Sys_Package_Price_Enabled","propgroup":"","propid":0,"propname":"Sys_Package_Price_Enabled","propnumber":167,"propvalue":"False"}],"image":"https://ik.imagekit.io/ofb/store/noimage.jpg","image3":"https://ik.imagekit.io/ofb/store/20180522154/assets/items/largeimages/AINDXC3Z92.jpg","itemId":321167,"itemid":321167,"longdesc":"<div>A pop-up store is an excellent way of boosting foot traffic by harnessing the FOMO (fear of missing out) psyche of today&rsquo;s shoppers. The temporary establishment creates a sense of urgency and even helps create a buzz through online and offline channels. You can up your pop-up game by making it interactive and offering additional services to visitors.</div>","longdesc2":"","longdesc3":"","longdesc4":"","mainitemid":0,"multiValueProperties":[],"packagePriceEnabled":false,"permitnostock":false,"promotions":[{"displayText":"","name":"$25 Discount","type":0},{"displayText":"","name":"Flat15","type":0}],"properties":[{"itemid":0,"propdesc":"","propgroup":"","propid":0,"propname":"UPC","propnumber":164,"propvalue":""}],"rating":0,"reviews":[],"seoUrl":"","shortdesc":"Pop-up Shops","showAll":false,"showDistributor":false,"showOutOfStock":false,"skuids":[],"skus":[],"storevid":"20210607181","subscribedcodes":[],"title":"Pop-up Shops","vendorId":"20180522154","vendorid":"20180522154"}],"__Success":"true"},"supplierData":{"__Result":[{"code":"AINDXC3Z92","distributorOrder":[{"address":"34100 İkitelli Osb/Başakşehir","city":"Barrie","code":"Elak","country":"CANADA","desc":"Elak","distid":474,"inUrlId":"mystore730","lat":"41.07283254931878","longitude":"28.797811328126595","mcwvid":"20180522154","name":"Elak","postal_code":"L4N 9J2","primaryDomain":"previewdev.open4business.io","rating":0,"rating_count":0,"region":"ONTARIO        ","store_hours":"","storefront":"store/20210607179/assets/images/storefront/20180521148.png","supplierType":3,"supplier_store_vid":"","supplier_vid":"20210607179"}],"itemid":321167}],"__Success":"true"},"priceInvData":{"__Result":[{"code":"AINDXC3Z92","invs":[{"code":"AINDXC3Z92","defdelivery":0,"discontinued":false,"distributorId":474,"dropshipminqty":0,"hide":false,"instock":10,"inventoryid":197038,"itemid":321167,"minorderqty":0,"nextshipdate":"","nextshipqty":0,"ondisplay":false,"onorder":0,"thirdpartycode":"","thirdpartyinventory":false,"thirdpartymessage":""}],"itemid":321167,"prices":[{"awardPoint":0,"currencyid":1847,"discountRate":0,"discount_1":0,"discount_2":0,"discount_3":0,"discount_4":0,"discount_5":0,"distributorId":474,"id":6614599,"itemcode":"AINDXC3Z92","itemid":321167,"langcode":"","listprice":1,"offercode":"","onsale":false,"packagePrices":[],"price_1":1,"price_2":0,"price_3":0,"price_4":0,"price_5":0,"priority":1000,"qty_1":0,"qty_2":0,"qty_3":0,"qty_4":0,"setup":0,"shoppergroupid":0,"vendorid":"20210607181"}]}],"__Success":"true"}}