{"0":{"id":"321349","code":"AINAWBDTP0","title":"Up to 40% Off On Women's Wear","longdesc":"&lt;div&gt;\n&lt;p&gt;Upto 40% Off&lt;/p&gt;\n&lt;/div&gt;","properties":[{"UPC":"472321345072011"}],"hiddenProperties":[{"Sys_Num_Images":"1"},{"Sys_Package_Price_Enabled":"False"},{"createtime":"2021-07-20 23:32:17"},{"Deals_Property":"Deals"},{"ADDTOCART":"NO"}],"breadcrumbs":[{"name":"Home","url":"/"},{"name":"Home","url":"/"},{"name":"Shop","url":"shop"},{"name":"Deals","url":"shop/deals"}],"frequentlyBoughtTogether":[],"accessories":[],"checkboxItems":[],"alsoLike":[],"reviews":[]},"url":"product/deals/upto-40-off-ainawbdtp0","supplierData":{"__Result":[{"code":"AINAWBDTP0","distributorOrder":[{"address":"","city":"Barrie","code":"Matalan","country":"CANADA","desc":"Matalan","distid":472,"inUrlId":"mystore729","lat":"","longitude":"","mcwvid":"20180522154","name":"Matalan","postal_code":"L4N 9J2","primaryDomain":"previewdev.open4business.io","rating":0,"rating_count":0,"region":"ONTARIO        ","store_hours":"","storefront":"store/20210607177/assets/images/storefront/20180521148.png","supplierType":3,"supplier_store_vid":"20201202460","supplier_vid":"20210607177"}],"itemid":321349}],"__Success":"true"},"priceInvData":{"__Result":[{"code":"AINAWBDTP0","invs":[{"code":"AINAWBDTP0","defdelivery":0,"discontinued":false,"distributorId":472,"dropshipminqty":0,"hide":false,"instock":100,"inventoryid":197291,"itemid":321349,"minorderqty":0,"nextshipdate":"","nextshipqty":0,"ondisplay":false,"onorder":0,"thirdpartycode":"","thirdpartyinventory":false,"thirdpartymessage":""}],"itemid":321349,"prices":[{"awardPoint":0,"currencyid":1847,"discountRate":0,"discount_1":0,"discount_2":0,"discount_3":0,"discount_4":0,"discount_5":0,"distributorId":472,"id":6615408,"itemcode":"AINAWBDTP0","itemid":321349,"langcode":"","listprice":1,"offercode":"","onsale":false,"packagePrices":[],"price_1":1,"price_2":0,"price_3":0,"price_4":0,"price_5":0,"priority":1000,"qty_1":0,"qty_2":0,"qty_3":0,"qty_4":0,"setup":0,"shoppergroupid":0,"vendorid":"20210607181"}]}],"__Success":"true"}}