{"0":{"id":"321328","code":"AINDT132X0","title":"60% Off on Beige Solid Bomber Jackets","longdesc":"&lt;div&gt;\n&lt;p&gt;Buy One Get One Free&lt;/p&gt;\n&lt;/div&gt;","properties":[{"UPC":"475321324072010"}],"hiddenProperties":[{"Sys_Num_Images":"1"},{"createtime":"2021-07-20 10:09:38"},{"ADDTOCART":"NO"}],"breadcrumbs":[{"name":"Home","url":"/"},{"name":"Home","url":"/"},{"name":"Shop","url":"shop"},{"name":"Deals","url":"shop/deals"}],"frequentlyBoughtTogether":[],"accessories":[],"checkboxItems":[],"alsoLike":[],"reviews":[]},"url":"product/deals/buy-one-get-one-free-aindt132x0","productData":{"__Result":[{"additionalImages":"","allowBackOrders":false,"alsoLikeItems":[],"attributes":[],"available":true,"cimage":"https://ik.imagekit.io/ofb/store/20180522154/assets/items/thumbnails/AINDT132X0.jpg","code":"AINDT132X0","discount":0,"discountItemGroup":"","discountItemType":"","enableDelOpts":"true","hiddenProperties":[{"itemid":0,"propdesc":"ADDTOCART","propgroup":"","propid":0,"propname":"ADDTOCART","propnumber":2483,"propvalue":"NO"},{"itemid":0,"propdesc":"","propgroup":"","propid":0,"propname":"Created_By_Supplier","propnumber":165,"propvalue":"20210607180"},{"itemid":0,"propdesc":"createtime","propgroup":"","propid":0,"propname":"createtime","propnumber":2120,"propvalue":"2021-07-20 10:09:38"},{"itemid":0,"propdesc":"","propgroup":"","propid":0,"propname":"Supplier_Item_Code","propnumber":166,"propvalue":"DG01"},{"itemid":0,"propdesc":"Sys_Num_Images","propgroup":"","propid":0,"propname":"Sys_Num_Images","propnumber":159,"propvalue":"1"}],"image":"https://ik.imagekit.io/ofb/store/20180522154/assets/items/images/AINDT132X0.jpg","image3":"https://ik.imagekit.io/ofb/store/20180522154/assets/items/largeimages/AINDT132X0.jpg","itemId":321328,"itemid":321328,"longdesc":"<div>\r\n<p>Buy One Get One Free</p>\r\n</div>","longdesc2":"","longdesc3":"","longdesc4":"","mainitemid":0,"multiValueProperties":[{"featuredFlag":false,"imageFlag":false,"items":[],"priority":0,"propertyCode":"SEL1","propertyName":null,"propertyNameId":3718,"propertyValue":"Giordano","propertyValueId":49710,"valueCode":"GIO"}],"packagePriceEnabled":false,"permitnostock":false,"promotions":[{"displayText":"","name":"$25 Discount","type":0},{"displayText":"","name":"Flat15","type":0}],"properties":[{"itemid":0,"propdesc":"UPC","propgroup":"","propid":0,"propname":"UPC","propnumber":164,"propvalue":"475321324072010"}],"rating":0,"reviews":[],"seoUrl":"","shortdesc":"","showAll":false,"showDistributor":false,"showOutOfStock":false,"skuids":[],"skus":[],"storevid":"20210607181","subscribedcodes":[],"title":"60% Off on Beige Solid Bomber Jackets","vendorId":"20180522154","vendorid":"20180522154"}],"__Success":"true"},"supplierData":{"__Result":[{"code":"AINDT132X0","distributorOrder":[{"address":"Sanayi 38010 Kocasinan","city":"Barrie","code":"Giordano","country":"CANADA","desc":"Giordano","distid":475,"inUrlId":"mystore731","lat":"38.728526014750145","longitude":"35.45103182803788","mcwvid":"20180522154","name":"Giordano","postal_code":"L4N 9J2","primaryDomain":"previewdev.open4business.io","rating":0,"rating_count":0,"region":"ONTARIO        ","store_hours":"","storefront":"store/20210607180/assets/images/storefront/20180521148.png","supplierType":3,"supplier_store_vid":"","supplier_vid":"20210607180"}],"itemid":321328}],"__Success":"true"},"priceInvData":{"__Result":[{"code":"AINDT132X0","invs":[{"code":"AINDT132X0","defdelivery":0,"discontinued":false,"distributorId":475,"dropshipminqty":0,"hide":false,"instock":100,"inventoryid":197275,"itemid":321328,"minorderqty":0,"nextshipdate":"","nextshipqty":0,"ondisplay":false,"onorder":0,"thirdpartycode":"","thirdpartyinventory":false,"thirdpartymessage":""}],"itemid":321328,"prices":[{"awardPoint":0,"currencyid":1847,"discountRate":0,"discount_1":0,"discount_2":0,"discount_3":0,"discount_4":0,"discount_5":0,"distributorId":475,"id":6615362,"itemcode":"AINDT132X0","itemid":321328,"langcode":"","listprice":1,"offercode":"","onsale":false,"packagePrices":[],"price_1":1,"price_2":0,"price_3":0,"price_4":0,"price_5":0,"priority":1000,"qty_1":0,"qty_2":0,"qty_3":0,"qty_4":0,"setup":0,"shoppergroupid":0,"vendorid":"20210607181"}]}],"__Success":"true"}}