{"307015":"product/mens/velvet-classic-collar-oversized-fit-double-pocket-shirt-ainzsp6282","307016":"product/mens/mono-yaka-kruvaze-fermuarl-deri-mont-aini1p6282","307017":"product/mens/hooded-collar-quilted-leather-jacket-ain19o6282","307018":"product/mens/classic-collar-plaid-stamp-coat-ainjgn6282","307019":"product/mens/dovetail-collar-striped-slim-fit-cover-pocket-jacket-ain2om6282","307020":"product/mens/furry-cuffed-collar-ribbed-cuffed-coat-ainkvl6282","307021":"product/mens/coat-jacket-dark-grey-ain34l6282","307022":"product/mens/coat-jacket-navy-ainlbk6282","307023":"product/mens/coat-jacket-navy-ainfyx4f73","307024":"product/mens/coat-jacket-navy-ain8n94f73","307025":"product/mens/designers-coat-jacket-navy-ainfmyne73","307026":"product/mens/designers-coat-jacket-navy-ain8bane73","307027":"product/mens/coat-jacket-brown-ain1zkme73","307028":"product/mens/coat-jacket-grey-aintnvle73","307029":"product/womens/black-solid-bomber-jacket-ain64x5282","307030":"product/womens/beige-solid-bomber-jacket-ainobw5282","307031":"product/womens/black-solid-bomber-jacket-ain7jv5282","307032":"product/womens/olive-solid-bomber-jacket-ainpqu5282","307033":"product/womens/black-solid-bomber-jacket-ain8yt5282","307034":"product/womens/the-chic-look-yellow-jacket-ainq6t5282","307035":"product/womens/spirit-navy-blue-bomber-jacket-ainnwb5282","307036":"product/womens/silver-be-spotlight-ready-dress-ain65b5282","307037":"product/womens/powder-pink-sunrise-sequin-dress-ainoca5282","307038":"product/womens/blue-boat-neck-maxi-dress-ain3x4zd73","307039":"product/womens/own-your-elegance-maroon-dress-ainvlfyd73","307040":"product/womens/dusty-rose-sequins-dress-ainoaqxd73","307041":"product/womens/white-a-symmetrical-bow-dress-ainhy1xd73","307042":"product/womens/red-edging-towards-style-dress-ainancwd73","307043":"product/womens/red-solid-mini-dress-ain3cnvd73","307044":"product/kids/baby-pink-sequin-top-with-pant-ainc655282","307045":"product/kids/peach-doll-dress-ain2fprn72","307046":"product/kids/cape-style-green-dress-ainkmorn72","307047":"product/kids/candy-floss-pink-dress-ain3unrn72","307048":"product/kids/multi-color-embellished-dress-ainl2nrn72","307049":"product/kids/multi-colour-layered-embellished-dress-ain4amrn72","307050":"product/kids/pink-embellished-dress-ainmhlrn72","307051":"product/kids/navy-blue-printed-sweater-ain5pkrn72","307052":"product/kids/boys-sweatshirt-ainnwjrn72","307053":"product/kids/boys-blue-star-wars-graphic-pullover-sweatshirt-ain7mlpju2","307054":"product/kids/navy-blue-moshi-sweatshirt-ainzawoju2","307055":"product/kids/white-half-sleeves-printed-shirt-ain7am9ju2","307056":"product/kids/yellow-solid-shirt-ainzxw8ju2","307057":"product/kids/blue-short-sleeve-dino-print-poplin-button-down-shirt-ainsm88ju2","307058":"product/kids/black-solid-shirt-ainlbj7ju2","315627":"product/womens/bell-sleeve-fit-flare-dress-ain34rzux0","315628":"product/womens/classic-elegance-mock-neck-sleeveless-satin-gown-ainjwc25u0","315629":"product/womens/strapless-high-low-ballgown-ainzpx3eq0","315630":"product/womens/lace-crepe-column-gown-aingjj5nm0","315631":"product/womens/crepe-column-gown-ainwc57wi0","315632":"product/womens/strapless-satin-twill-a-line-gown-aind6q86f0","315656":"product/womens/wedding-dresses-ain7a9em73","315657":"product/womens/designer-dresses-ain5hgypp2","315658":"product/womens/cocktail-dresses-ain3onjt82","321004":"product/sellers/jakamen-ainptjmnu0","321005":"product/sellers/matalan-aingmx54l0","321006":"product/sellers/elak-ain7vu8i20","321007":"product/sellers/giordano-ain14bx9b0","321165":"product/stage-shows-ainwmsvam0","321166":"product/entertainment/photo-booths-ain8hwoo33","321167":"product/entertainment/pop-up-shops-aindxc3z92","321168":"product/entertainment/live-entertainment-ain6ibmmq0","321179":"product/womens/snake-print-peplum-top-ainn8xokj2","321191":"product/deals/doner-and-gyros-ain3kov163","321192":"product/furniture/dining/freddy-steakburgers-ain292iu72","321193":"product/furniture/dining/kababji-grill-ainnyoy8x0","321194":"product/furniture/dining/maxs-restaurant-ainu49har0","321196":"product/mens/turtleneck-sweater-ainb75he93","321328":"product/deals/buy-one-get-one-free-aindt132x0","321329":"product/deals/20-off-on-new-collection-ainppko2x0","321330":"product/deals/50-off-ain2m4b3x0","321331":"product/deals/upto-50-off-aineinw3x0","321347":"product/deals/50-off-on-new-collection-ainv9xbtp0","321348":"product/deals/special-offer-50off-ain3lmctp0","321349":"product/deals/upto-40-off-ainawbdtp0","321350":"product/deals/upto-50-off-on-new-arrival-ainh81etp0"}