{"name":"Shop","vid":"20210607181","cid":"520343","thumbnail":"No Image","image":"No Image","position":"1","description":"Shop","metadescription":"This is a Demo Item.   This product demonstrates item options. As options on the right side of the Micro Vault Midi, as an entry-level portable storage solution, is ideally suited to plug into a laptop","metakeywords":"Lenovo IdeaPad S110 Golf Shirts Sony Micro Vault Midi 4GB","URL":"shop","properties":[{"propname":"ITEMCOUNT","propvalue":"111"}],"childs":[{"name":"Shopping","vid":"20210607181","cid":"521468","thumbnail":"/20180522154/assets/category/thumbnails/Shopping.jpg","image":"/20180522154/assets/category/images/Shopping.jpg","position":"1","description":"Shopping","metadescription":"","metakeywords":"","URL":"shop/shopping","properties":[{"propname":"Display","propvalue":"yes"}],"childs":[{"name":"Men&#39;s","vid":"20210607181","cid":"520368","thumbnail":"/20180522154/assets/category/thumbnails/mensthumbnail.jpg","image":"/20180522154/assets/category/images/mens.jpg","position":"1","description":"Men","metadescription":"","metakeywords":"","URL":"shopping/mens","properties":[{"propname":"Display","propvalue":"yes"}],"childs":[]},{"name":"Women&#39;s","vid":"20210607181","cid":"520377","thumbnail":"/20180522154/assets/category/thumbnails/womensthumbnail.jpg","image":"/20180522154/assets/category/images/womens.jpg","position":"2","description":"Women","metadescription":"","metakeywords":"","URL":"shopping/womens","properties":[{"propname":"Display","propvalue":"yes"}],"childs":[]},{"name":"Kids","vid":"20210607181","cid":"520379","thumbnail":"/20180522154/assets/category/thumbnails/kidsthumbnail.jpg","image":"/20180522154/assets/category/images/kids.jpg","position":"3","description":"Kids","metadescription":"","metakeywords":"","URL":"shopping/kids","properties":[{"propname":"Display","propvalue":"yes"}],"childs":[]}]},{"name":"Sellers","vid":"20210607181","cid":"520364","thumbnail":"","image":"","position":"4","description":"Stores","metadescription":"","metakeywords":"","URL":"shop/stores","properties":[{"propname":"Display","propvalue":"yes"}],"childs":[]},{"name":"Dining","vid":"20210607181","cid":"521360","thumbnail":"/20180522154/assets/category/thumbnails/dining.jpg","image":"/20180522154/assets/category/images/dining.jpg","position":"5","description":"Dining","metadescription":"","metakeywords":"","URL":"shop/dining","properties":[{"propname":"Display","propvalue":"yes"}],"childs":[]},{"name":"Entertainment","vid":"20210607181","cid":"521361","thumbnail":"/20180522154/assets/category/thumbnails/Entertainment.jpg","image":"/20180522154/assets/category/images/Entertainment.jpg","position":"6","description":"Entertainment","metadescription":"","metakeywords":"","URL":"shop/entertainment","properties":[{"propname":"Display","propvalue":"yes"}],"childs":[]},{"name":"Deals","vid":"20210607181","cid":"521362","thumbnail":"/20180522154/assets/category/thumbnails/deals.jpg","image":"/20180522154/assets/category/images/deals.jpg","position":"7","description":"Deals","metadescription":"","metakeywords":"","URL":"shop/deals","properties":[{"propname":"Display","propvalue":"yes"}],"childs":[]},{"name":"Events","vid":"20210607181","cid":"521363","thumbnail":"","image":"","position":"8","description":"Events","metadescription":"","metakeywords":"","URL":"shop/events","properties":[{"propname":"Display","propvalue":"yes"}],"childs":[]},{"name":"Mall Map","vid":"20210607181","cid":"521364","thumbnail":"/20180522154/assets/category/thumbnails/Map.jpg","image":"/20180522154/assets/category/images/Map.jpg","position":"9","description":"Mall Map","metadescription":"","metakeywords":"","URL":"shop/mall-map","properties":[{"propname":"Display","propvalue":"yes"}],"childs":[]}]}