[{"itemLargeImage":"store/20180522154/assets/items/largeimages/AINPTJMNU0.jpg","id":321004,"code":"AINPTJMNU0","title":"Jakamen","itemSellerLocation":"","itemSellerName":"","trimmed":false,"url":"product/sellers/jakamen-ainptjmnu0","image":"https://s3.ca-central-1.amazonaws.com/demob2b2cs3.avetti.ca/store/20180522154/assets/items/largeimages/AINPTJMNU0.jpg","count":"1","assured":0,"itemization":0,"desc":"Jakamen","store_featured":"","cat_featured":"","new_item":"","on_sale":"","select_button":true,"currency_sign":"$","itemStarRating":"","labels":{"list_price":"List Price","no_price":"Free","you_save":"You Save","save_plus":"Plus","points":"Points Awarded","callprice":"Call for pricing","quickinfo":"Quick Info"},"price":{"type":"default","value":{"integer":"1","decimal":"00"}},"properties":{"Sys_Num_Images":"1","UPC":"$esc.java($prop.propvalue)","Created_By_Supplier":"20210607178","Supplier_Item_Code":"JAKAMEN","Sys_Package_Price_Enabled":"False","lat":"25.2978251","lng":"55.3740256","Country":"United Arab Emirates","LineAddress1":"Al Nahda St - Al NahdaAl Nahda 1 - Sharjah - United Arab Emirates","Province":"Sharjah","ProvinceAbv":"Sharjah","City":"Sharjah","Email":"info@jakamen.com","Phone":"+90 06 5316955","Website":"http://www.jakamen.com","createtime":"2021-06-07 22:39:06"}},{"itemLargeImage":"store/20180522154/assets/items/largeimages/AINGMX54L0.jpg","id":321005,"code":"AINGMX54L0","title":"Matalan","itemSellerLocation":"","itemSellerName":"","trimmed":false,"url":"product/sellers/matalan-aingmx54l0","image":"https://s3.ca-central-1.amazonaws.com/demob2b2cs3.avetti.ca/store/20180522154/assets/items/largeimages/AINGMX54L0.jpg","count":"2","assured":0,"itemization":0,"desc":"Matalan","store_featured":"","cat_featured":"","new_item":"","on_sale":"","select_button":true,"currency_sign":"$","itemStarRating":"","labels":{"list_price":"List Price","no_price":"Free","you_save":"You Save","save_plus":"Plus","points":"Points Awarded","callprice":"Call for pricing","quickinfo":"Quick Info"},"price":{"type":"default","value":{"integer":"1","decimal":"00"}},"properties":{"Sys_Num_Images":"1","UPC":"$esc.java($prop.propvalue)","Created_By_Supplier":"20210607177","Supplier_Item_Code":"MATALAN","Sys_Package_Price_Enabled":"False","lat":"25.2978251","lng":"55.3740256","Country":"United Arab Emirates","LineAddress1":"Al Nahda St - Al NahdaAl Nahda 1 - Sharjah - United Arab Emirates","Province":"Sharjah","ProvinceAbv":"Sharjah","City":"Sharjah","Email":"info@matalan.com","Phone":"+90 04 3131000","Website":"http://www.matalanme.com","createtime":"2021-06-07 21:58:02","itemtype":"Level 004"}},{"itemLargeImage":"store/20180522154/assets/items/largeimages/AIN7VU8I20.jpg","id":321006,"code":"AIN7VU8I20","title":"Elak","itemSellerLocation":"","itemSellerName":"","trimmed":false,"url":"product/sellers/elak-ain7vu8i20","image":"https://s3.ca-central-1.amazonaws.com/demob2b2cs3.avetti.ca/store/20180522154/assets/items/largeimages/AIN7VU8I20.jpg","count":"3","assured":0,"itemization":0,"desc":"Elak","store_featured":"","cat_featured":"","new_item":"","on_sale":"","select_button":true,"currency_sign":"$","itemStarRating":"","labels":{"list_price":"List Price","no_price":"Free","you_save":"You Save","save_plus":"Plus","points":"Points Awarded","callprice":"Call for pricing","quickinfo":"Quick Info"},"price":{"type":"default","value":{"integer":"1","decimal":"00"}},"properties":{"Sys_Num_Images":"1","UPC":"$esc.java($prop.propvalue)","Created_By_Supplier":"20210607179","Supplier_Item_Code":"ELAK","Sys_Package_Price_Enabled":"False","lat":"25.2978251","lng":"55.3740256","Country":"United Arab Emirates","LineAddress1":"Al Nahda St - Al NahdaAl Nahda 1 - Sharjah - United Arab Emirates","Province":"Sharjah","ProvinceAbv":"Sharjah","City":"Sharjah","Email":"info@elak.com","Phone":"+90 058 6357779","Website":"https://www.saharacentre.com/stores/944/elak","createtime":"2021-06-07 22:17:21","itemtype":"Level 002"}},{"itemLargeImage":"store/20180522154/assets/items/largeimages/AIN14BX9B0.jpg","id":321007,"code":"AIN14BX9B0","title":"Giordano","itemSellerLocation":"","itemSellerName":"","trimmed":false,"url":"product/sellers/giordano-ain14bx9b0","image":"https://s3.ca-central-1.amazonaws.com/demob2b2cs3.avetti.ca/store/20180522154/assets/items/largeimages/AIN14BX9B0.jpg","count":"4","assured":0,"itemization":0,"desc":"Giordano","store_featured":"","cat_featured":"","new_item":"","on_sale":"","select_button":true,"currency_sign":"$","itemStarRating":"","labels":{"list_price":"List Price","no_price":"Free","you_save":"You Save","save_plus":"Plus","points":"Points Awarded","callprice":"Call for pricing","quickinfo":"Quick Info"},"price":{"type":"default","value":{"integer":"1","decimal":"00"}},"properties":{"Sys_Num_Images":"1","UPC":"$esc.java($prop.propvalue)","Created_By_Supplier":"20210607180","Supplier_Item_Code":"GIORDANO","Sys_Package_Price_Enabled":"False","lat":"25.2978251","lng":"55.3740256","Country":"United Arab Emirates","LineAddress1":"Al Nahda St - Al NahdaAl Nahda 1 - Sharjah - United Arab Emirates","Province":"Sharjah","ProvinceAbv":"Sharjah","City":"Sharjah","Email":"info@giordano.com","Phone":"+90 06 5316914","Website":"http://www.giordano-me.com","createtime":"2021-06-07 22:28:15","itemtype":"Level 003"}}]